Scenario_ID,Simulated_Spot,Option_Price,PnL
0,4495.083222294829,406.0655652806927,-3.7922425300757823
1,4493.24952819135,404.93349474119213,-4.924313069576328
2,4460.54218128149,385.0094471768948,-24.848360633873654
3,4500.769684439818,409.5863105937842,-0.271497216984244
4,4492.156210628083,404.25926762895506,-5.598540181813405
5,4590.55526683146,467.1577361188829,57.29992830811443
6,4431.564884523737,367.7875301263862,-42.07027768438229
7,4503.58991956352,411.3380919083311,1.4802840975626168
8,4560.266259219538,447.3254829331131,37.467675122344644
9,4450.287770798477,378.868461871351,-30.98934593941749
10,4514.88763936125,418.3930299673448,8.53522215657631
11,4550.032189264845,440.71800909063586,30.860201279867397
12,4538.827897524792,433.5388979906047,23.681090179836247
13,4432.792290851564,368.5087265761731,-41.34908123459536
14,4479.059052477574,396.2265571723201,-13.631250638448364
15,4418.958019220467,360.4227225568661,-49.43508525390234
16,4524.904220917221,424.6977535168594,14.83994570609093
17,4500.319868734527,409.3072546344101,-0.5505531763583349
18,4546.338841678508,438.34516429507494,28.487356484306474
19,4498.2711413346515,408.03747314282873,-1.8203346679397328
20,4539.46180008373,433.94353389931393,24.08572608854547
21,4533.443830696801,430.1095623911665,20.25175458039803
22,4469.290325588934,390.28841124857854,-19.569396562189922
23,4499.470564458284,408.780624210106,-1.0771836006624653
24,4507.341577788728,413.6742127658131,3.816404955044618
25,4502.190177277905,410.4681785200146,0.6103707092461264
26,4559.829480165791,447.04251189179286,37.18470408102439
27,4486.687180156929,400.8951185591618,-8.962689251606662
28,4479.098519577995,396.2506405513918,-13.607167259376638
29,4530.580866327727,428.2914604136904,18.43365260292194
30,4460.269776277938,384.8456581737878,-25.012149636980666
31,4551.733901818261,441.81339298583316,31.955585175064698
32,4541.0007520542995,434.9266530931459,25.068845282377424
33,4540.536310746274,434.62984241275944,24.77203460199098
34,4510.7588378437185,415.8078471954045,5.950039384636057
35,4537.233101764215,432.52171634236583,22.66390853159737
36,4486.340530388019,400.68236258357956,-9.175445227188902
37,4593.578874837927,469.1599656057924,59.30215779502396
38,4584.832450984916,463.37919562537854,53.52138781461008
39,4468.612034296775,389.87779087042054,-19.980016940347923
40,4505.382964188648,412.45377949310887,2.595971682340405
41,4467.51305939027,389.21296738330375,-20.644840427464715
42,4484.125336032189,399.3241359150784,-10.533671895690077
43,4596.47451037431,471.0812425459749,61.22343473520641
44,4425.303049383233,364.119686785607,-45.73812102516149
45,4553.939438992521,443.23504843316414,33.377240622395675
46,4570.389249836321,453.9078973767996,44.05008956603115
47,4493.738811472911,405.2354089562418,-4.622398854526637
48,4526.203153945291,425.51875162478746,15.660943814018992
49,4524.647742405207,424.53573722334113,14.677929412572666
50,4479.321040015642,396.3864395360647,-13.471368274703764
51,4569.311904636409,453.205163344001,43.34735553323253
52,4483.794497430385,399.1214851939076,-10.736322616860889
53,4488.628412156598,402.08760102617,-7.770206784598486
54,4493.345304744215,404.9925851438775,-4.865222666890986
55,4474.314466528382,393.33675660755034,-16.52105120321812
56,4430.377629838148,367.0906264991554,-42.76718131161306
57,4539.661341625775,434.0709444562335,24.213136645465056
58,4565.965441510204,451.02565478197994,41.167846971211475
59,4493.855576817969,405.30747619861586,-4.550331612152604
60,4508.583877401701,414.4492348513354,4.591427040566941
61,4542.125975205828,435.646160051459,25.78835224069053
62,4463.801807885598,386.9721332424033,-22.885674568365175
63,4534.57222073675,430.8271756215104,20.969367810741915
64,4486.892415692174,401.0211085461151,-8.836699264653362
65,4442.924044152095,374.4899844715487,-35.36782333921974
66,4391.2448401610945,344.5083914420461,-65.34941636872236
67,4502.032426650556,410.3701972150161,0.5123894042476422
68,4537.597328352142,432.75392183211306,22.8961140213446
69,4448.241909454564,377.6493535211862,-32.20845428958228
70,4492.431024542229,404.4286867145729,-5.4291210961955585
71,4535.848688492522,431.6396676225204,21.78185981175193
72,4505.748886065445,412.6816527206979,2.8238449099294485
73,4430.897669742544,367.39579858385605,-42.462009226912414
74,4552.881212009111,442.55265527677284,32.694847466004376
75,4464.680415825755,387.5020345902053,-22.35577322056315
76,4452.554914118381,380.22179656253365,-29.63601124823481
77,4519.8532081653075,421.5126704996196,11.654862688851154
78,4546.305185388575,438.32356996685394,28.465762156085475
79,4536.702888564337,432.18379839457475,22.325990583806288
80,4519.892540462639,421.53742700135035,11.679619190581889
81,4489.318910732039,402.51219913031673,-7.345608680451733
82,4451.714976344453,379.72011927697713,-30.137688533791334
83,4510.364606581971,415.56142219518824,5.7036143844197795
84,4537.553485012621,432.72596714523115,22.86815933446269
85,4507.178978617267,413.57282701782015,3.7150192070516823
86,4483.371718622258,398.8625934409033,-10.995214369865153
87,4503.396803400318,411.21801912471483,1.3602113139463654
88,4602.198844113289,474.8902649245829,65.03245711381442
89,4480.9122998927005,397.3582352965759,-12.49957251419255
90,4482.5452560899685,398.3567483314105,-11.501059479357991
91,4469.411372091893,390.36171291821256,-19.496094892555902
92,4487.429226857393,401.35074064095625,-8.507067169812217
93,4483.115264196643,398.7055930579477,-11.152214752820782
94,4474.215998948447,393.27689645301507,-16.580911357753394
95,4469.5545782834015,390.448442810703,-19.409365000065463
96,4491.568587411917,403.8971256410732,-5.960682169695247
97,4531.09726640907,428.6191164399961,18.761308629227642
98,4548.539138317226,439.7580270200988,29.900219209330317
99,4489.261485697494,402.4768789898544,-7.3809288209140504
100,4541.705752035726,435.37738677065636,25.519578959887895
101,4458.122024811073,383.5555310799,-26.30227673086847
102,4584.607160499076,463.2307434005206,53.37293558975216
103,4499.809485248264,408.99073903964836,-0.8670687711201026
104,4523.934307614,424.0852241553371,14.22741634456861
105,4450.586872009482,379.04686311144087,-30.810944699327592
106,4492.50304261993,404.47309079680326,-5.384717013965201
107,4521.3162367242985,422.4340128001022,12.576204989333746
108,4487.14891723368,401.17859779670925,-8.679210014059208
109,4481.437751567389,397.67939779167364,-12.178410019094827
110,4509.816796476614,415.2191192387827,5.361311428014233
111,4488.083365186262,401.7526028796369,-8.105204931131539
112,4498.508797284424,408.18466866015797,-1.6731391506104956
113,4492.880628209743,404.7059383263636,-5.15186948440487
114,4530.877787879912,428.47984219411273,18.62203438334427
115,4516.681685725561,419.51882248111997,9.661014670351506
116,4524.526491748624,424.45915435781353,14.601346547045068
117,4528.293117378613,426.84136478350365,16.983556972735187
118,4467.658616026651,389.3009884178073,-20.556819392961188
119,4519.388415582525,421.2201756190084,11.362367808239924
120,4481.578227046742,397.7652803816509,-12.092527429117581
121,4557.856019645318,445.76506623505793,35.907258424289466
122,4518.897071748471,420.91108123480944,11.053273424040981
123,4566.126881565667,451.13068275428896,41.27287494352049
124,4575.790489016828,457.4388937286185,47.58108591785003
125,4529.343481350617,427.50684039012594,17.64903257935748
126,4484.674041037855,399.66035239888515,-10.197455411883311
127,4520.144085426429,421.69577123159206,11.837963420823598
128,4549.0441801588395,440.08263829609814,30.224830485329676
129,4510.449022528857,415.6141825691402,5.756374758371749
130,4416.556918623606,359.0288700226224,-50.82893778814605
131,4510.816877313562,415.8441324862447,5.986324675476226
132,4574.915553233475,456.8660264611467,47.00821865037824
133,4492.8330334779985,404.676584141117,-5.181223669651445
134,4495.571397879474,406.3672185909845,-3.490589219783942
135,4516.513352291332,419.4131268106403,9.555318999871815
136,4517.412486390462,419.9778413890822,10.120033578313723
137,4496.0285112329575,406.6497798954024,-3.208027915366074
138,4490.777317722645,403.40973793425655,-6.448069876511909
139,4497.186468756956,407.3660040429718,-2.4918037677966822
140,4432.238088349422,368.1829984558085,-41.67480935495996
141,4416.622848261687,359.06710466283994,-50.790703147928525
142,4524.004880807147,424.1297785306283,14.271970719859837
143,4496.240034960769,406.780565118333,-3.0772426924354477
144,4435.135395615067,369.8875253636097,-39.97028244715875
145,4467.756514406891,389.3601952580707,-20.497612552697774
146,4528.193423315671,426.77822845527044,16.920420644501974
147,4495.05469414403,406.04794065318083,-3.8098671575876324
148,4480.626070935944,397.18334394245903,-12.67446386830943
149,4555.15767449912,444.0212529657956,34.16344515502715
150,4474.517412464372,393.46014558411844,-16.397662226650027
151,4496.3389319128155,406.8417203925678,-3.016087418200641
152,4491.0980303159795,403.60724723779276,-6.250560572975701
153,4539.434192733806,433.92590759188715,24.06809978111869
154,4482.969179202314,398.61617438008625,-11.241633430682214
155,4553.137021359046,442.71756615207005,32.859758341301585
156,4577.385950616104,458.4844104613685,48.626602650600034
157,4539.85169062179,434.19250245726926,24.334694646500793
158,4479.210093629557,396.3187286196353,-13.539079191133169
159,4466.2675835404725,388.4602185308213,-21.39758927994717
160,4582.195635133026,461.6431163535217,51.78530854275323
161,4501.852209475301,410.2582759128504,0.40046810208195893
162,4482.007872350587,398.0280111940442,-11.829796616724252
163,4555.028715340373,443.9379955287045,34.08018771793604
164,4487.574966663321,401.4402566235426,-8.417551187225854
165,4489.910980641909,402.8764517910381,-6.981356019730356
166,4573.945938615191,456.23156874535516,46.3737609345867
167,4518.25332889202,420.5062857170915,10.648477906323023
168,4454.317254459708,381.27551413269794,-28.582293678070528
169,4452.566081349206,380.2284688142472,-29.629338996521255
170,4486.828616373016,400.9819412809625,-8.87586652980599
171,4475.771661414652,394.22315210359056,-15.634655707177899
172,4487.590147448079,401.44958151087167,-8.408226299896796
173,4507.94713581183,414.0519064008604,4.194098590091926
174,4443.828599209872,375.02641599639946,-34.831391814369
175,4432.203200666167,368.1624985175463,-41.69530929322218
176,4472.5406611721755,392.25913961325296,-17.598668197515508
177,4500.560713431366,409.45665764808336,-0.4011501626850986
178,4556.224145057148,444.7100675556535,34.85225974488503
179,4496.076259403018,406.6793007673973,-3.1785070433711553
180,4479.226915977078,396.3289949722448,-13.528812838523663
181,4446.972905473576,376.89418583892757,-32.963621971840894
182,4521.949479400369,422.83310578184773,12.975297971079272
183,4533.638762232506,430.2334895221038,20.375681711335346
184,4469.769658037791,390.57871990934837,-19.279087901420098
185,4515.887113449348,419.02003069772263,9.162222886954169
186,4493.569274666517,405.1307827820674,-4.727025028701064
187,4522.798269086878,423.3683365193033,13.510528708534821
188,4436.091809290233,370.4510965106683,-39.40671130010014
189,4538.25923692536,433.1760647211904,23.31825691042195
190,4494.557637057341,405.74092156844836,-4.116886242320106
191,4428.465129195976,365.96946243391085,-43.888345376857615
192,4521.736042138888,422.69856890949995,12.840761098731491
193,4467.779356739833,389.3740104722842,-20.483797338484237
194,4494.505912169858,405.7089791675885,-4.148828643179968
195,4512.281904410798,416.76056406305815,6.9027562522896915
196,4422.644414641724,362.56821343931097,-47.2895943714575
197,4447.139010337083,376.9929882647152,-32.86481954605324
198,4513.850162910462,417.7426820215228,7.884874210754333
199,4517.098365212142,419.7805101007716,9.922702290003144
200,4500.707982204612,409.548026224586,-0.3097815861824529
201,4450.778991225599,379.1614769486823,-30.696330862086143
202,4453.934932517265,381.0467932674633,-28.81101454330519
203,4496.826752014021,407.1434430116765,-2.7143647990919817
204,4474.720975427691,393.58392947183484,-16.273878338933628
205,4484.486856861808,399.5456400786338,-10.31216773213464
206,4578.54996907668,459.24791831805396,49.3901105072855
207,4498.7899759830325,408.3588549593351,-1.498952851433387
208,4485.586234329235,400.21961110324855,-9.63819670751991
209,4539.188596321622,433.76911845493805,23.91131064416959
210,4409.428704323587,354.9076373305629,-54.95017048020554
211,4453.74664055171,380.93417514710563,-28.92363266366283
212,4494.888790092785,405.9454531166393,-3.912354694129135
213,4596.280131121627,470.95215442127073,61.09434661050227
214,4485.053473084432,399.892931282111,-9.964876528657442
215,4475.326728964187,393.9523970874402,-15.90541072332826
216,4458.317484286446,383.6728491747872,-26.184958635981275
217,4454.663328778197,381.4826110465965,-28.37519676417196
218,4508.520197828,414.4094900829632,4.551682272194739
219,4444.145024255632,375.21416051333927,-34.6436472974292
220,4503.461132123878,411.2580144987501,1.4002066879816084
221,4491.291801425341,403.7266038266721,-6.1312039840963735
222,4485.713105135606,400.2974259138082,-9.56038189696028
223,4518.274187193446,420.5193987182597,10.661590907491245
224,4509.658610573554,415.12030179998374,5.2624939892152724
225,4576.101853189912,457.64284325508333,47.78503544431487
226,4544.898006756731,437.4211687501779,27.56336093940945
227,4508.40729042823,414.33902508237907,4.481217271610603
228,4451.079734304457,379.34092911175185,-30.516878699016615
229,4536.137822909955,431.8238104617699,21.966002651001418
230,4538.091535302429,433.06909125546053,23.21128344469207
231,4599.421273787702,473.04024256112234,63.18243475035388
232,4471.62885961839,391.7057900690297,-18.152017741738746
233,4495.689698703364,406.4403359308353,-3.417471879933146
234,4462.150532811193,385.9772289290022,-23.88057888176627
235,4513.092454331383,417.2680255353889,7.410217724620452
236,4472.688529275928,392.3489145380131,-17.50889327275536
237,4509.320017368253,414.90882475084163,5.051016940073168
238,4476.785716202754,394.84058857598893,-15.017219234779532
239,4538.874373022397,433.56855819749126,23.710750386722793
240,4518.60683080632,420.7285493456043,10.870741534835815
241,4480.415276554917,397.0545694908383,-12.803238319930188
242,4509.118215502132,414.7828097507022,4.925001939933736
243,4505.8052829994085,412.7167787850667,2.858970974298245
244,4573.428788729016,455.8933492640772,46.035541453308724
245,4515.342107650411,418.67807411060585,8.820266299837385
246,4588.369928507364,465.7131302407174,55.855322429948956
247,4536.040497340012,431.76182182379944,21.904014013030974
248,4446.652784024703,376.70380907271783,-33.15399873805063
249,4452.167859808931,379.99057472385675,-29.86723308691171
250,4545.334478066986,437.7009739592777,27.843166148509226
251,4559.529964281048,446.8485179102513,36.99071009948284
252,4463.775226342664,386.95610730420685,-22.90170050656161
253,4488.3675051232285,401.92722411893965,-7.930583691828815
254,4570.791625551131,454.170494129256,44.31268631848752
255,4500.811457425094,409.612230483423,-0.24557732734547244
256,4414.294412414028,357.71807001904153,-52.13973779172693
257,4490.917069216,403.49579723365923,-6.362010577109231
258,4462.229671013324,386.0248803143154,-23.832927496453067
259,4543.725906087885,436.6702108203622,26.81240300959371
260,4493.102598075688,404.8428530087717,-5.014954801996737
261,4468.880533159015,390.04030692179185,-19.81750088897661
262,4460.819826913676,385.17642397473765,-24.681383836030818
263,4469.0528459616135,390.14462201207243,-19.71318579869603
264,4445.429130921352,375.97655867914955,-33.881249131618915
265,4455.479529726172,381.971269000147,-27.88653881062146
266,4463.476537841289,386.77605218461395,-23.081755626154518
267,4459.130256612283,384.16088639056306,-25.6969214202054
268,4553.164584494551,442.7353368683657,32.87752905759726
269,4465.826010364176,388.193516371824,-21.664291438944474
270,4532.123890438226,429.27087534813063,19.413067537362167
271,4487.021153794091,401.10014848703304,-8.757659323735425
272,4569.313152407495,453.205976941917,43.34816913114855
273,4425.671792363881,364.3351442763342,-45.52266353443429
274,4497.875343160445,407.7923891055716,-2.065418705196862
275,4490.786486152951,403.4153835919842,-6.442424218784254
276,4547.947374752416,439.3778242255157,29.52001641474726
277,4424.1261160169,363.4324475648914,-46.42536024587707
278,4471.016294540466,391.33426303756005,-18.523544773208414
279,4442.069941382779,373.98383781331313,-35.87396999745533
280,4473.25324491278,392.6918656446992,-17.16594216606927
281,4473.121163223611,392.6116389382287,-17.246168872539783
282,4444.462959172866,375.40284985614335,-34.454957954625115
283,4520.630732452658,422.002192600316,12.14438478954753
284,4469.375398024668,390.3399275062752,-19.517880304493247
285,4431.955729519107,368.01710200052867,-41.8407058102398
286,4601.901835635786,474.6922780825262,64.83447027175771
287,4463.284509398521,386.66031642630196,-23.197491384466502
288,4559.234063654506,446.6569054109518,36.79909760018336
289,4471.753615239518,391.7814776472346,-18.07633016353384
290,4431.644243876637,367.8341376424669,-42.02367016830158
291,4528.436071091632,426.9319055031774,17.07409769240894
292,4493.666063531303,405.1905123879819,-4.6672954227865375
293,4461.108584758927,385.35012304911197,-24.507684761656492
294,4489.287237738766,402.4927179811457,-7.365089829622775
295,4530.121269454033,427.99994961592074,18.142141805152278
296,4454.556194346742,381.4184937505024,-28.439314060266042
297,4511.964904452395,416.56218319102163,6.704375380253168
298,4519.8348397122945,421.5011092896689,11.643301478900412
299,4480.87925575129,397.338042704489,-12.519765106279465
300,4532.743303801414,429.66434914101546,19.806541330247
301,4452.763973912903,380.3467166325713,-29.511091178197148
302,4513.875382272304,417.7584849644036,7.900677153635115
303,4466.212511980892,388.4269512035112,-21.430856607257283
304,4488.201383328206,401.8251275457633,-8.032680265005183
305,4509.103196365857,414.7734318261914,4.915624015422964
306,4474.752536519175,393.6031231174761,-16.254684693292347
307,4512.564072639543,416.937186477056,7.079378666287539
308,4495.686050056711,406.4380807393236,-3.4197270714448678
309,4587.5677706133665,465.1833999809701,55.32559217020162
310,4588.540286701602,465.8256684297662,55.96786061899775
311,4445.870399366046,376.238732792051,-33.61907501871747
312,4481.588667177013,397.771663546072,-12.086144264696486
313,4503.334688977829,411.179402302128,1.3215944913595195
314,4480.530627265105,397.12503470889624,-12.732773101872226
315,4482.07348529402,398.0681416517523,-11.789666159016178
316,4515.088915793233,418.51925938556906,8.661451574800594
317,4430.433595310439,367.1234620511732,-42.73434575959527
318,4462.2633377160355,386.04515291666394,-23.812654894104526
319,4476.720724956769,394.8010020667739,-15.056805743994573
320,4502.938805558217,410.9333223430185,1.075514532250054
321,4500.121987247752,409.1845233838353,-0.6732844269331508
322,4435.69828369501,370.21915572415764,-39.63865208661082
323,4452.142603121657,379.975489184204,-29.882318626564484
324,4473.917945574251,393.0957328571553,-16.762074953613137
325,4529.87251712613,427.8422129343762,17.984405123607758
326,4551.604697408701,441.7301784654651,31.872370654696624
327,4458.204531914546,383.60505099778993,-26.252756812978532
328,4452.441044926094,380.1537648823901,-29.704042928378385
329,4433.9315975075715,369.17881621264405,-40.67899159812441
330,4551.90631013244,441.92444496286,32.066637152091516
331,4454.717100407899,381.5147941206451,-28.34301369012337
332,4552.093838842915,442.04525168758073,32.18744387681227
333,4458.6067962249135,383.84653291099676,-26.011274899771706
334,4565.112079602495,450.47067890443805,40.61287109366958
335,4481.470840353143,397.6996264599238,-12.158181350844643
336,4568.481155553683,452.6636364211363,42.805828610367826
337,4483.822063405926,399.13836837412555,-10.719439436642915
338,4567.634249357376,452.11189729228954,42.25408948152108
339,4430.722569072234,367.29303047724443,-42.564777333524034
340,4483.419434717767,398.89180849479044,-10.965999315978024
341,4606.888286207515,478.02139592868434,68.16358811791588
342,4424.958666531331,363.91852318857354,-45.93928462219492
343,4457.027274137483,382.8987836386518,-26.959024172116642
344,4573.687532985351,456.06255473883675,46.20474692806829
345,4484.176306275729,399.35536167305145,-10.502446137717016
346,4492.658050855501,404.56867231940987,-5.289135491358593
347,4474.146643269434,393.2347367099874,-16.62307110078109
348,4412.669795659107,356.7783923711054,-53.07941543966308
349,4537.284487884167,432.5544728557293,22.69666504496081
350,4529.368876251045,427.5229360670878,17.66512825631935
351,4527.325184158073,426.22856629575153,16.37075848498307
352,4519.838175669577,421.5032089487063,11.645401137937824
353,4497.99133102092,407.86420284413043,-1.9936049666380313
354,4457.428950685917,383.13968466797496,-26.7181231427935
355,4552.723896424934,442.45125449599755,32.59344668522908
356,4521.930867346454,422.8213731199676,12.963565309199112
357,4517.020370638803,419.7315209413018,9.87371313053336
358,4510.412773831996,415.5915265504673,5.733718739698816
359,4576.603631832475,457.97160928924905,48.11380147848058
360,4563.712336960106,449.56108121526086,39.70327340449239
361,4452.842744991406,380.39379041088023,-29.464017399888235
362,4493.781991957084,405.26205907902795,-4.595748731740514
363,4483.391589643771,398.87475970647483,-10.98304810429363
364,4526.523974409677,425.72164839906554,15.86384058829708
365,4544.35698879701,437.0744636264958,27.216655815727336
366,4523.654137345928,423.90836942476835,14.05056161399989
367,4518.884318680803,420.9030600353849,11.045252224616434
368,4539.950215220884,434.25542738477225,24.397619574003784
369,4571.8582390975635,454.86693511418343,45.00912730341497
370,4479.010313457921,396.196816962095,-13.660990848673464
371,4512.953880883077,417.18124702998557,7.323439219217107
372,4495.10923866117,406.08163846833804,-3.7761693424304212
373,4498.5123688537215,408.18688096421374,-1.6709268465547211
374,4458.917067031733,384.0328437913595,-25.82496401940898
375,4502.024840520945,410.365485649766,0.5076778389975516
376,4607.8536606350535,478.66717110145555,68.80936329068709
377,4462.315625954831,386.07663966693735,-23.78116814383111
378,4499.235763303858,408.6350903321172,-1.2227174786512478
379,4507.693790074266,413.8938707936027,4.03606298283421
380,4495.81769542585,406.51945338311,-3.338354427658487
381,4522.083680453521,422.9177081693583,13.059900358589857
382,4411.904426808123,356.33615447836974,-53.52165333239873
383,4453.60482083192,380.8493635591494,-29.00844425161904
384,4447.363379658468,377.1264687713383,-32.73133903943017
385,4483.880288239097,399.17403020168604,-10.683777609082426
386,4522.6492033215645,423.27431425527766,13.416506444509196
387,4528.142890062734,426.7462274621257,16.888419651357253
388,4526.065544669175,425.4317378734031,15.573930062634645
389,4412.663457208226,356.77472876300226,-53.083079047766205
390,4392.684201802788,345.32556809211474,-64.53223971865373
391,4508.857842893234,414.6202484647024,4.762440653933936
392,4554.204329468995,443.4059416336195,33.548133822851014
393,4457.204339581987,383.00496707335515,-26.852840737413317
394,4587.7401966245925,465.2972428224407,55.43943501167223
395,4503.290874495942,411.15216372695113,1.294355916182667
396,4524.417051713013,424.3900370252459,14.532229214477411
397,4543.199398299606,436.33308512505573,26.47527731428727
398,4451.751931764337,379.7421848013837,-30.115623009384763
399,4574.539627898886,456.6199934084311,46.762185597662665
400,4440.934729740121,373.31165325487063,-36.54615455589783
401,4567.020725951721,451.71240329467446,41.854595483905996
402,4537.432996808109,432.64914794033075,22.791340129562286
403,4518.557970517007,420.69782507199807,10.840017261229605
404,4453.607500154998,380.8509657684285,-29.00684204233994
405,4531.295010434321,428.74461769000527,18.886809879236807
406,4446.623730914011,376.68653359871314,-33.17127421205532
407,4463.5786024677445,386.83757386353136,-23.020233947237102
408,4548.501035521374,439.73354149986653,29.87573368909807
409,4604.867103114329,476.67067303298654,66.81286522221808
410,4520.6994449092235,422.0454668410639,12.187659030295436
411,4471.88622083785,391.86193586645504,-17.99587194431342
412,4555.179427524902,444.035297700962,34.177489890193556
413,4494.492911195429,405.70095069077297,-4.156857119995493
414,4470.984962374906,391.3152645840519,-18.54254322671659
415,4461.885452638792,385.81763848609125,-24.04016932467721
416,4484.200063143415,399.3699161982645,-10.487891612503972
417,4440.109933287241,372.823665751072,-37.03414205969648
418,4443.001934372644,374.536160345574,-35.321647465194474
419,4446.535861920345,376.6342876913491,-33.22352011941939
420,4539.499320944956,433.96749019083427,24.109682380065806
421,4445.979702589498,376.3036885321435,-33.55411927862497
422,4526.650828720012,425.80188813193536,15.944080321166894
423,4496.984050473239,407.2407579345272,-2.6170498762412535
424,4525.156828294919,424.8573542344843,14.999546423715856
425,4495.142249217614,406.10203320085884,-3.755774609909622
426,4467.47964852451,389.1927645925275,-20.665043218240953
427,4453.082988806308,380.5373791936763,-29.320428617092148
428,4540.978450787555,434.91239875261044,25.05459094184198
429,4559.47315836591,446.81172976978723,36.95392195901877
430,4471.172370260187,391.4289075211673,-18.428900289601188
431,4524.763155154785,424.6086391518638,14.750831341095363
432,4535.613515649186,431.48992000143335,21.632112190664884
433,4491.550792750837,403.8861616480899,-5.971646162678553
434,4515.984001435064,419.08083626207963,9.223028451311166
435,4471.093706747262,391.3812044253782,-18.476603385390263
436,4545.5963929192285,437.8689194744038,28.011111663635347
437,4511.6470305391795,416.36330253984534,6.505494729076872
438,4508.672739664912,414.5047002375736,4.646892426805152
439,4598.933083463146,472.7154304784249,62.857622667656415
440,4487.103843867456,401.1509209636606,-8.706886847107853
441,4565.162154491253,450.50323556163676,40.64542775086829
442,4552.186727872197,442.1050970917722,32.24728928100376
443,4525.028409830205,424.77621403644844,14.918406225679973
444,4528.3186620028755,426.85754295387596,16.9997351431075
445,4435.96445667909,370.376027650942,-39.481780159826485
446,4490.051121534346,402.96269342675396,-6.895114384014505
447,4451.977976834553,379.8771672845919,-29.980640526176558
448,4516.842345031449,419.619711919569,9.761904108800536
449,4421.086817981347,361.66087384764387,-48.19693396312459
450,4448.232704967462,377.6438732409083,-32.21393456986016
451,4504.344585725609,411.8074845141118,1.949676703343357
452,4490.406291852346,403.1813041731998,-6.676503637568658
453,4456.4895767640255,382.57642745417934,-27.281380356589125
454,4541.834877509015,435.45996635945994,25.602158548691477
455,4565.707800975899,450.85806606518963,41.00025825442117
456,4500.49054063681,409.4131245923327,-0.4446832184357845
457,4389.31297076252,343.4132230793157,-66.44458473145278
458,4415.153202329976,358.2153194544094,-51.64248835635908
459,4512.819153934037,417.0968859053205,7.239078094552042
460,4496.590885911876,406.9975429674496,-2.8602648433188733
461,4540.986058701867,434.9172614911645,25.059453680396018
462,4498.858304594309,408.40118920957684,-1.4566186011916216
463,4498.729834211507,408.32159483613304,-1.5362129746354185
464,4503.412227988437,411.22760894308885,1.36980113232039
465,4563.8457169071735,449.64771764715806,39.7899098363896
466,4480.025576939983,396.8165574016034,-13.041250409165059
467,4525.034588680975,424.7801179197486,14.922310108980128
468,4549.921913043992,440.64707037459175,30.789262563823286
469,4459.544428515184,384.40970244689106,-25.448105363877403
470,4532.650923477781,429.60565458681276,19.747846776044298
471,4486.96457908248,401.0654129546406,-8.792394856127885
472,4477.995225754571,395.57767483938414,-14.280132971384319
473,4509.314260586816,414.9052296695618,5.047421858793314
474,4522.904595652898,423.4354076121672,13.57759980139872
475,4485.827921270074,400.3678537099677,-9.489954100800787
476,4480.158821415241,396.8979293719485,-12.959878438819942
477,4546.170243162851,438.23699441990084,28.379186609132375
478,4454.193887750327,381.2017033268289,-28.656104483939544
479,4541.127355865372,435.0075790009305,25.149771190162028
480,4486.036467024186,400.4957909143195,-9.36201689644895
481,4480.625771456114,397.183160974992,-12.674646835776457
482,4402.274818565479,350.79680263686805,-59.06100517390041
483,4466.768100330342,388.76263470474123,-21.095173106027232
484,4522.025311563128,422.8809105043965,13.023102693628061
485,4454.833573374286,381.5845096115463,-28.273298199222154
486,4534.649339332654,430.8762415370875,21.018433726319017
487,4495.353621018996,406.2326360822758,-3.62517172849266
488,4450.122138591739,378.76968788589693,-31.088119924871535
489,4478.869896031198,396.1111415546793,-13.746666256089156
490,4525.614282336364,425.14645507156456,15.288647260796097
491,4586.359141029084,464.3857831825835,54.527975371815046
492,4502.966485318549,410.95052560589374,1.0927177951252816
493,4551.8508580746,441.8887255992786,32.03091778851012
494,4486.022806461248,400.48740989508406,-9.370397915684407
495,4585.328628928564,463.70622526772877,53.848417456960306
496,4475.875658212131,394.286450964908,-15.571356845860464
497,4544.707605523685,437.29913704073306,27.441329229964595
498,4524.180947732817,424.2409434380379,14.38313562726944
499,4505.074529936545,412.26175474648244,2.403946935713975
500,4489.98474181969,402.9218426978123,-6.935965112956183
501,4429.785270393985,366.74317668318326,-43.1146311275852
502,4503.840436859856,411.49388077911544,1.63607296834698
503,4518.265167613726,420.51372834868835,10.655920537919883
504,4521.4849701450175,422.5403366478563,12.68252883708783
505,4485.287357626529,400.03632857435923,-9.821479236409232
506,4464.8924693120725,387.6299827129983,-22.227825097770165
507,4476.8971987298755,394.9084978617311,-14.949309949037342
508,4457.523036230492,383.1961226711355,-26.661685139632937
509,4530.082997342862,427.9756789740359,18.11787116326741
510,4517.501812075077,420.03396427913503,10.176156468366571
511,4535.803398789053,431.61082717187264,21.75301936110418
512,4476.002252522755,394.3635110327218,-15.494296778046646
513,4520.6960443183725,422.04332514011776,12.185517329349295
514,4560.415488456048,447.4221821692422,37.56437435847374
515,4433.394577337374,368.8628857966478,-40.994922014120675
516,4541.45085993728,435.21439811585196,25.3565903050835
517,4577.217076613507,458.373692267563,48.51588445679454
518,4552.58686597729,442.3629380682105,32.50513025744203
519,4554.746094176481,443.7555586585122,33.89775084774374
520,4506.063382499116,412.87755158779373,3.019743777025269
521,4501.846427435038,410.2546853121462,0.39687750137773037
522,4541.841266260825,435.46405235511793,25.606244544349465
523,4514.970773828462,418.4451650054116,8.587357194643118
524,4431.917519086544,367.9946549240449,-41.86315288672358
525,4484.683978530629,399.66644287060535,-10.191364940163112
526,4528.222625953337,426.79672203256496,16.938914221796495
527,4542.840553913529,436.1033879406232,26.245580129854716
528,4521.25674957432,422.396531365825,12.53872355505655
529,4572.026728653006,454.97699643514943,45.11918862438097
530,4529.675362795966,427.71721543861395,17.859407627845485
531,4550.565654316193,441.0612558782709,31.20344806750245
532,4471.313897385226,391.5147398005324,-18.34306801023604
533,4521.893397508684,422.79775338092577,12.939945570157306
534,4455.470294252981,381.9657379408027,-27.89206986996578
535,4470.177328961178,390.82571322510785,-19.032094585660616
536,4454.042866952087,381.11135697560576,-28.746450835162705
537,4534.0160102342525,430.4733735330892,20.615565722320753
538,4441.90747946586,373.8876020036055,-35.97020580716298
539,4424.947478278382,363.91198879439844,-45.945819016370024
540,4592.254669368308,468.28258018331826,58.424772372549796
541,4436.8790811980625,370.9153348252398,-38.94247298552864
542,4451.900559435958,379.8309348155508,-30.026872995217673
543,4404.08122885386,351.8324285689414,-58.02537924182707
544,4484.244056240708,399.3968690554975,-10.460938755270945
545,4501.575059978085,410.0861859749052,0.22837816413675682
546,4560.784827874709,447.6615542289469,37.803746418178434
547,4557.082882399805,445.2650862657674,35.40727845499896
548,4494.71899013488,405.8405723321157,-4.017235478652765
549,4449.7674364051545,378.55820758671325,-31.29960022405521
550,4475.917608872503,394.31198618394274,-15.545821626825727
551,4510.893277856163,415.89189920927265,6.034091398504188
552,4474.380614296531,393.37697158751143,-16.48083622325703
553,4553.247690744231,442.7889198599287,32.93111204916022
554,4509.949404520661,415.3019674194011,5.444159608632617
555,4496.3174683041125,406.82844746943056,-3.029360341337906
556,4532.470885971608,429.49127767258096,19.6334698618125
557,4446.288459656314,376.4872052269807,-33.370602583787786
558,4473.569469200695,392.8839748517553,-16.97383295901318
559,4525.354962507744,424.9825587716441,15.124750960875645
560,4521.008430310793,422.2400890755848,12.382281264816356
561,4480.516689067209,397.1165198331296,-12.741287977638876
562,4451.796605803623,379.7688598791019,-30.088947931666553
563,4498.218135348711,408.0046467777065,-1.8531610330619515
564,4530.091315648391,427.9809540530905,18.123146242322036
565,4528.04721620269,426.68564369033265,16.82783587956419
566,4559.3919183338885,446.75912036482214,36.901312554053675
567,4534.099432896872,430.52642909128645,20.668621280517982
568,4569.08740341768,453.05879074708037,43.2009829363119
569,4508.232030023147,414.2296576766403,4.371849865871809
570,4418.310409068344,360.04650179269356,-49.8113060180749
571,4447.751296350461,377.35730351479015,-32.50050429597832
572,4547.923374220422,439.362407471961,29.504599661192515
573,4540.69753766323,434.7328665450982,24.87505873432974
574,4460.906116594556,385.2283263692825,-24.62948144148595
575,4498.401388752769,408.11814039704086,-1.7396674137276023
576,4506.173263654229,412.94600715757997,3.088199346811507
577,4483.025010806485,398.65034772745,-11.207460083318438
578,4454.260240140111,381.2414013188086,-28.61640649195988
579,4443.4646310997705,374.81052288961746,-35.047284921151004
580,4515.155484174252,418.5610115408381,8.703203730069617
581,4523.953788730063,424.097522772267,14.239714961498521
582,4483.819498436216,399.1367974061118,-10.721010404656681
583,4445.808270854236,376.2018142007273,-33.65599361004115
584,4522.677480418359,423.2921490579315,13.434341247163047
585,4467.957698371111,389.48188142994604,-20.37592638082242
586,4489.785346795322,402.7991455856427,-7.058662225125772
587,4559.7653398377215,447.0009653080933,37.143157497324864
588,4481.330616243886,397.6139047068914,-12.243903103877074
589,4470.855481378056,391.2367579595102,-18.62104985125825
590,4517.506596132994,420.03697018411276,10.179162373344298
591,4492.013939704406,404.1715735455109,-5.6862342652575535
592,4389.72123437964,343.6445109257006,-66.21329688506785
593,4472.950486762954,392.50798203545446,-17.349825775314002
594,4549.153724329287,440.1530622241967,30.29525441342821
595,4427.917224163819,365.64859429800345,-44.20921351276502
596,4511.753098542233,416.42965968354565,6.571851872777188
597,4518.912642900398,420.92087500573007,11.063067194961604
598,4522.904491174067,423.43534170405565,13.577533893287182
599,4500.491220422244,409.413546299314,-0.44426151145444237
600,4438.259728876702,371.7302042785659,-38.127603532202556
601,4462.440879462613,386.1520697374108,-23.70573807335768
602,4436.996463293837,370.98457855708375,-38.87322925368471
603,4541.026930476867,434.9433858933676,25.085578082599113
604,4418.171830621045,359.96602322960734,-49.89178458116112
605,4558.797800784042,446.37447273974203,36.51666492897357
606,4533.908197252065,430.40481084882776,20.5470030380593
607,4485.219752646388,399.99487651783875,-9.862931292929716
608,4473.494753343655,392.8385799584894,-17.019227852279073
609,4550.618482295828,441.0952539820887,31.237446171320244
610,4468.306100355471,389.6926583604077,-20.165149450360786
611,4558.230024507431,446.0070286687551,36.14922085798662
612,4493.921867365484,405.34839340424287,-4.509414406525593
613,4498.784235623723,408.3552985140759,-1.5025092966925513
614,4482.576825730707,398.3760648974603,-11.481742913308153
615,4493.433266687906,405.0468580556526,-4.810949755115871
616,4587.103971598549,464.8772460810246,55.01943827025616
617,4488.414763060264,401.9562707011787,-7.9015371095897535
618,4522.128149595643,422.94574403831166,13.087936227543196
619,4498.325871312983,408.07136855762474,-1.786439253143726
620,4499.116981444436,408.56147713830387,-1.2963306724645918
621,4523.23120106479,423.64146402007464,13.783656209306173
622,4554.709647523065,443.7320343532888,33.87422654252032
623,4444.18234492376,375.23630719651146,-34.621500614257
624,4438.475474869524,371.8576232156811,-38.000184595087376
625,4494.27074734273,405.56377043783004,-4.294037372938419
626,4446.384394880165,376.5442358983878,-33.31357191238067
627,4474.106735211446,393.21047854910375,-16.64732926166471
628,4459.683771346635,384.49343199845543,-25.36437581231303
629,4492.608094472955,404.53786686332023,-5.319940947448231
630,4498.310597198833,408.0619088388298,-1.795898971938641
631,4531.391098800117,428.80560814771025,18.947800336941782
632,4501.7806195797575,410.2138202684432,0.3560124576747512
633,4445.386421973841,375.9511887090189,-33.906619101749584
634,4437.147773105236,371.07384616657873,-38.78396164418973
635,4551.440730036865,441.6245856936889,31.76677788292045
636,4505.836797487458,412.73640780564483,2.8785999948763674
637,4549.326531912169,440.264168164063,30.40636035329453
638,4477.552429554651,395.30774980039996,-14.550058010368502
639,4476.760211833422,394.82505349045687,-15.032754320311597
640,4539.565170632007,434.00953541262834,24.151727601859875
641,4485.160836335103,399.958753696294,-9.899054114474438
642,4528.51711878622,426.9832418171245,17.125434006356045
643,4454.805089936642,381.5674600988209,-28.29034771194756
644,4501.160954063981,409.82912323886467,-0.028684571903795586
645,4526.469535503419,425.6872161952906,15.82940838452214
646,4481.346833118689,397.6238179226175,-12.233989888150973
647,4491.7064255325895,403.9820582208531,-5.875749589915358
648,4445.417499964592,375.9696495701928,-33.88815824057565
649,4520.333389728609,421.81495518637576,11.957147375607292
650,4473.8037220834585,393.0263164820976,-16.831491328670836
651,4509.738607179438,415.1702735615527,5.312465750784213
652,4457.728359121428,383.31930215136026,-26.5385056594082
653,4465.222641299523,387.8292437720029,-22.02856403876558
654,4517.522305642069,420.04684081088135,10.189033000112886
655,4558.573692343983,446.2294204836562,36.37161267288775
656,4512.9379572237085,417.1712757708319,7.313467960063463
657,4555.399316452134,444.17727998709006,34.3194721763216
658,4501.534440324885,410.06096712142335,0.20315931065488257
659,4621.674735904565,487.9571869586034,78.09937914783495
660,4504.778526415948,412.0775110905993,2.21970327983081
661,4353.026293399697,323.1899000550652,-86.66790775570325
662,4549.282843945345,440.2360778749544,30.378270064185926
663,4515.864819307455,419.0060398208111,9.148232010042648
664,4532.786697554719,429.69192105685534,19.834113246086872
665,4464.299281913482,387.2721215852189,-22.58568622554958
666,4442.6430862752,374.32344793741095,-35.534359873357516
667,4504.787617523517,412.08316912374903,2.225361312980567
668,4493.667069375104,405.1911331298729,-4.6666746808955395
669,4524.62454293065,424.5210837260306,14.663275915262147
670,4490.2926274934825,403.111336169648,-6.746471641120479
671,4527.192546379119,426.14462709359987,16.286819282831402
672,4486.865029881849,401.0042957901551,-8.85351202061338
673,4587.293618278385,465.0024203737148,55.14461256294635
674,4454.771526395734,381.54737025916256,-28.3104375516059
675,4449.121918532312,378.1734936811199,-31.684314129648556
676,4517.23002692452,419.8632145470697,10.005406736301211
677,4480.637720374128,397.1904612101489,-12.667346600619567
678,4458.83478592716,383.9834312553671,-25.87437655540134
679,4444.200840529537,375.2472830363654,-34.610524774403075
680,4534.927419405443,431.0531898773311,21.195382066562615
681,4488.71773427617,402.1425138391446,-7.715293971623851
682,4478.832256714062,396.08817759865224,-13.769630212116226
683,4448.85855878631,378.01659525578816,-31.841212554980302
684,4461.6221857892515,385.65917320424387,-24.198634606524593
685,4483.10539079364,398.69954922473516,-11.158258586033298
686,4484.956546154814,399.8335118836094,-10.024295927159073
687,4456.140173746466,382.36703082142003,-27.490776989348433
688,4512.0594392728735,416.62133885408866,6.763531043320199
689,4550.07359694511,440.74464734098956,30.886839530221096
690,4537.897712097778,432.9454714637127,23.08766365294423
691,4499.802910855377,408.9866627133024,-0.8711450974660693
692,4478.2631354190935,395.7410358290467,-14.11677198172174
693,4477.914129192192,395.5282320273968,-14.329575783371638
694,4464.167728152483,387.1927800602775,-22.665027750490935
695,4525.083968394204,424.81131734064684,14.953509529878374
696,4510.6377250146825,415.7321345845712,5.87432677380275
697,4481.260806006728,397.5712318259075,-12.286575984860974
698,4536.762628982221,432.2218659727778,22.364058162009314
699,4429.424610462963,366.5317148305162,-43.32609298025227
700,4420.312007901621,361.2099712036088,-48.64783660715966
701,4552.918331073872,442.5765827250448,32.71877491427631
702,4498.656773993388,408.27633353410465,-1.581474276663812
703,4540.731660416847,434.7546725418197,24.89686473105121
704,4497.769169254271,407.726657222589,-2.13115058817948
705,4431.42457437634,367.7051339194277,-42.15267389134078
706,4509.0307916220245,414.728223902162,4.870416091393508
707,4441.441237714858,373.6114906814887,-36.24631712927976
708,4462.3651754961,386.10647845128824,-23.751329359480224
709,4481.551165746993,397.7487351661457,-12.109072644622756
710,4521.37945685845,422.4738481005029,12.616040289734428
711,4442.856573479177,374.44998802965847,-35.40781978110999
712,4500.1507932001305,409.2023884395253,-0.6554193712431697
713,4521.263733409825,422.4009316288257,12.54312381805721
714,4525.954586778746,425.36158283967416,15.503775028905693
715,4473.769599126733,393.00558034640926,-16.852227464359203
716,4476.720853166928,394.8010801582709,-15.056727652497557
717,4585.450324151341,463.78645101455913,53.92864320379067
718,4534.755184153469,430.9435886784645,21.08578086769603
719,4491.689276255655,403.97149075376956,-5.886317056998905
720,4468.742532973135,389.9567743370053,-19.901033473763164
721,4468.465602505561,389.7891737086734,-20.068634102095075
722,4515.353822392854,418.68542291247604,8.827615101707579
723,4554.123127653026,443.35355116378787,33.49574335301941
724,4471.0854256165385,391.37618275772684,-18.481625053041626
725,4475.778922186503,394.22757128925196,-15.630236521516508
726,4459.6615621015235,384.4800860845421,-25.377721726226355
727,4460.739613590877,385.1281796642106,-24.729628146557843
728,4452.884562948918,380.4187821377068,-29.43902567306168
729,4485.800208752515,400.3508543803923,-9.506953430376143
730,4531.659350290328,428.97589877840255,19.11809096763409
731,4456.670148220697,382.6846667072077,-27.173141103560738
732,4557.5304471754125,445.55448878706557,35.6966809762971
733,4536.596611701259,432.11608108499786,22.258273274229396
734,4468.053597766724,389.53989303384833,-20.317914776920134
735,4465.384197655325,387.92676321491126,-21.931044595857202
736,4588.53509908356,465.82224131231305,55.96443350154459
737,4526.145942674953,425.48257445736044,15.62476664659198
738,4493.62739874504,405.1666513391324,-4.691156471636077
739,4443.967915839072,375.10907075967,-34.74873705109849
740,4536.1689681777425,431.8436484378444,21.98584062707596
741,4450.9359047691205,379.255101156572,-30.60270665419648
742,4432.647911468227,368.423854286626,-41.43395352414245
743,4426.753776892286,364.96773536755927,-44.89007244320919
744,4515.829723290888,418.9840154888252,9.126207678056744
745,4423.6403218759815,363.1489789929942,-46.70882881777425
746,4549.918566051708,440.6449174011568,30.787109590388354
747,4493.629433389371,405.16790695365216,-4.6899008571162994
748,4492.360414382818,404.3851530912352,-5.472654719533239
749,4479.040666946374,396.2153383163204,-13.64246949444805
750,4446.203266084869,376.4365638950626,-33.42124391570587
751,4491.342318236698,403.75772342950813,-6.100084381260331
752,4500.874896728503,409.65159576496126,-0.20621204580720587
753,4487.413117220814,401.340846433618,-8.516961377150437
754,4576.2103846258315,457.71394364020443,47.85613582943597
755,4453.9723361785345,381.0691665748327,-28.788641235935756
756,4546.684362144287,438.5668848119835,28.709077001215064
757,4425.238437419972,364.08194070994205,-45.77586710082642
758,4482.802006079811,398.5138600995433,-11.343947711225155
759,4541.237125764771,435.077750522722,25.219942711953536
760,4523.716451176842,423.9477012703619,14.08989345959344
761,4422.301502405215,362.368356078327,-47.489451732441466
762,4505.500811893762,412.5271608062103,2.669352995441841
763,4544.838093569678,437.3827674801196,27.52495966935112
764,4500.788907340177,409.5982381874969,-0.2595696232715454
765,4549.491340326334,440.3701437617083,30.512335950939814
766,4502.154549619105,410.446048618659,0.5882408078905428
767,4504.478752962266,411.89096279660225,2.0331549858337894
768,4562.974932926394,449.0822483168995,39.22444050613103
769,4450.912593006815,379.2411911811746,-30.616616629593864
770,4482.97063167014,398.6170633862339,-11.240744424534569
771,4482.289198311922,398.20009136518684,-11.657716445581627
772,4523.352889605794,423.71825036914015,13.860442558371687
773,4596.67935991745,471.2173020851601,61.359494274391636
774,4503.873442720458,411.5144082886891,1.6566004779206196
775,4549.993101074974,440.6928637244,30.83505591363155
776,4453.926113388753,381.0415181317421,-28.81628967902634
777,4581.148743660815,460.95470267024666,51.0968948594782
778,4471.73100704471,391.76776100327834,-18.090046807490126
779,4561.182015324752,447.9190437433317,38.06123593256325
780,4545.319600842536,437.6914353001921,27.833627489423634
781,4521.346250653235,422.45292448475584,12.595116673987377
782,4571.246519095698,454.46745249873356,44.6096446879651
783,4536.071506745532,431.7815718726706,21.923764061902148
784,4561.975346447814,448.4335597920681,38.57575198129962
785,4466.834756860415,388.80291817345187,-21.05488963731659
786,4388.825392334651,343.13711102481875,-66.72069678594971
787,4458.097675394623,383.54091743682284,-26.316890373945625
788,4480.539828135754,397.1306555916999,-12.727152219068557
789,4484.107911154673,399.3134612441213,-10.544346566647164
790,4538.54607374822,433.3590620706327,23.501254259864254
791,4518.821622112313,420.863627354684,11.00581954391555
792,4574.598455838572,456.6584905362679,46.80068272549943
793,4487.336571759121,401.29383546749386,-8.5639723432746
794,4511.863534670688,416.49875515442454,6.64094734365608
795,4513.7414843720035,417.6745853303082,7.816777519539755
796,4601.023576430356,474.1070544830013,64.24924667223286
797,4594.594089089894,469.83314645551627,59.97533864474781
798,4514.674826076775,418.2595858257937,8.40177801502523
799,4552.263101556004,442.15430513466663,32.296497323898166
800,4459.010186443348,384.0887690257259,-25.76903878504254
801,4547.013923384177,438.7784151261312,28.92060731536276
802,4458.477073959381,383.7686512611381,-26.08915654963039
803,4446.881608522523,376.83988632230876,-33.017921488459706
804,4557.630987401891,445.61951220154833,35.76170439077987
805,4514.395147072976,418.084245795741,8.226437984972563
806,4495.16481912621,406.11597774078473,-3.7418300699837346
807,4535.909473283435,431.6783768174614,21.82056900669295
808,4528.7448540906025,427.1275075959502,17.26969978518173
809,4469.887022926919,390.6498189631643,-19.207988847604156
810,4466.000362223649,388.29881053949566,-21.5589972712728
811,4618.561875967996,485.8575875676597,75.99977975689126
812,4504.776560390865,412.0762875005539,2.218479689785454
813,4517.5357001697175,420.05525697515213,10.19744916438367
814,4457.395473574598,383.1196041715866,-26.738203639181847
815,4531.17083197277,428.66580383415976,18.807996023391297
816,4459.033717557293,384.10290189682337,-25.754905913945095
817,4502.692074666848,410.7799923986854,0.922184587916945
818,4496.148784372484,406.72414224683007,-3.1336655639383935
819,4477.431016295177,395.23375357671466,-14.624054234053801
820,4473.451658738604,392.81239830953245,-17.04540950123601
821,4466.087186429031,388.3512506530019,-21.506557157766565
822,4524.017611448182,424.13781590413646,14.280008093367996
823,4441.197560942634,373.46722581475615,-36.390581996012315
824,4520.383060375495,421.84623005081994,11.988422240051477
825,4454.409731784842,381.33084851481453,-28.52695929595393
826,4545.555532659296,437.84271691925005,27.984909108481588
827,4551.575874551744,441.7116160479359,31.853808237167414
828,4405.761605134815,352.7972494875494,-57.060558323219084
829,4496.787011556634,407.1188588602713,-2.7389489504971607
830,4484.875298519063,399.7837078454818,-10.074099965286678
831,4472.191906481649,392.0474421538943,-17.810365656874183
832,4429.19477894153,366.3969933920084,-43.46081441876004
833,4583.793120092043,462.694530448402,52.83672263763356
834,4460.399590623683,384.9237072117098,-24.934100599058638
835,4578.100665951595,458.9531377193307,49.095329908562235
836,4485.591292963856,400.22271361478215,-9.635094195986312
837,4527.484119855165,426.32915873588763,16.471350925119168
838,4446.724472981334,376.74643829761317,-33.111369513155296
839,4528.414308931953,426.91812167947273,17.06031386870427
840,4464.750989167975,387.5446144993466,-22.313193311421855
841,4537.791766421458,432.8779069641778,23.02009915340932
842,4449.570467811376,378.44079741117866,-31.4170103995898
843,4552.553545648276,442.3414643339597,32.48365652319126
844,4519.196051397163,421.0991498570356,11.241342046267164
845,4555.780192095721,444.4232633753836,34.56545556461515
846,4530.671769668176,428.34912968397975,18.49132187321129
847,4555.114337248001,443.9932731215258,34.135465310757354
848,4479.398060917054,396.4334490747169,-13.424358736051545
849,4455.527155507471,381.9997923961828,-27.85801541458568
850,4529.401086908655,427.5433521041514,17.685544293382918
851,4544.364983015579,437.0795856543323,27.221777843563814
852,4521.241398814759,422.3868594852238,12.529051674455332
853,4464.109929583196,387.1579237344895,-22.699884076278977
854,4514.482103569847,418.13875779446016,8.280949983691698
855,4490.218132368259,403.06548276288004,-6.792325047888426
856,4520.963337173129,422.2116832628408,12.353875452072316
857,4553.115370800153,442.70360767995635,32.845799869187886
858,4463.774124710319,386.95544314046265,-22.902364670305815
859,4607.388020749885,478.3556361710921,68.49782836032364
860,4594.820097886774,469.98307317534454,60.12526536457608
861,4510.50875627839,415.6515184642535,5.79371065348505
862,4483.4928996952185,398.93679088911495,-10.921016921653518
863,4481.261712170085,397.5717857212321,-12.286022089536345
864,4554.443866286761,443.5605054757034,33.70269766493493
865,4510.203472741932,415.46072202100777,5.602914210239305
866,4460.249843589613,384.8336746456489,-25.024133165119565
867,4443.099325094792,374.5939009032877,-35.26390690748076
868,4475.878689250876,394.2882959193489,-15.569511891419552
869,4508.092996523127,414.14290710741216,4.285099296643693
870,4577.291311916775,458.422361293638,48.56455348286954
871,4416.086556570529,358.756154600188,-51.10165321058048
872,4632.322736681283,495.17085154534107,85.3130437345726
873,4510.240471933784,415.4838434955709,5.626035684802446
874,4531.600416859387,428.9384839825916,19.080676171823143
875,4620.0009033085325,486.82767783072086,76.9698700199524
876,4529.307807266527,427.48423011251634,17.62642230174788
877,4547.853648074889,439.31762034000667,29.459812529238206
878,4567.954699817828,452.32062510994456,42.462817299176095
879,4492.942790383977,404.74427863535084,-5.113529175417625
880,4504.872717935629,412.1361349531244,2.27832714235592
881,4507.838412537828,413.98408176789417,4.126273957125704
882,4430.148076802993,366.95596126150576,-42.9018465492627
883,4559.205444511836,446.6383749910742,36.78056718030575
884,4519.192764033978,421.0970817648954,11.23927395412693
885,4511.237718520883,416.10728237493277,6.249474564164302
886,4470.897359885773,391.262148763346,-18.595659047422487
887,4503.974908381268,411.57751656755863,1.719708756790169
888,4583.896185156619,462.7624036643333,52.90459585356484
889,4475.9615358083975,394.33872525523884,-15.519082555529621
890,4492.51987777301,404.4834711764438,-5.3743366343246635
891,4456.492018311789,382.57789087684023,-27.279916933928234
892,4520.311463615153,421.8011498879364,11.943342077167927
893,4496.791889878671,407.1218766366601,-2.735931174108373
894,4560.430056816344,447.4316228791381,37.57381506836964
895,4510.832097474262,415.85364813291017,5.995840322141703
896,4538.219169902279,433.1505056043575,23.292697793589014
897,4532.009741137047,429.1983828930638,19.340575082295345
898,4476.217366290321,394.49447191210993,-15.363335898658534
899,4463.557193732637,386.8246688667041,-23.033138944064376
900,4501.892032783977,410.2830062955841,0.42519848481560985
901,4554.368145797742,443.51164315364895,33.653835342880484
902,4516.456696059951,419.3775556330679,9.51974782229945
903,4507.410641133568,413.7172797035296,3.859471892761121
904,4477.672030680139,395.3806484786428,-14.477159332125666
905,4518.327698141882,420.5530404051715,10.695232594403024
906,4528.5124168885895,426.98026351131466,17.122455700546197
907,4519.9349718384,421.56413492897946,11.706327118210993
908,4509.394977088531,414.9556381379298,5.097830327161319
909,4539.924238183564,434.2388361393391,24.381028328570665
910,4521.5097665412795,422.55596269460466,12.698154883836196
911,4499.474763991197,408.7832273906256,-1.0745804201428655
912,4528.987633009147,427.2813296120021,17.42352180123362
913,4502.787682401518,410.83940405576686,0.9815962449983999
914,4546.263785631574,438.2970080361856,28.439200225417153
915,4506.871316059256,413.38102354263583,3.523215731867367
916,4512.63481675837,416.98147439139984,7.1236665806313795
917,4438.308494187364,371.75900294177245,-38.09880486899601
918,4465.754995594726,388.1506334802375,-21.70717433053096
919,4467.025226935198,388.9180393530346,-20.939768457733862
920,4405.093350417428,352.4133905364042,-57.44441727436424
921,4489.776884941591,402.79393902651145,-7.063868784257011
922,4556.594941542185,444.9496794989286,35.091871688160154
923,4496.299609528225,406.81740391156563,-3.040403899202829
924,4496.542999124185,406.96792477037116,-2.889883040397308
925,4522.7679120727,423.34918819336644,13.491380382597981
926,4423.2433500903035,362.9174256505098,-46.94038216025865
927,4501.193618819319,409.84939746778673,-0.008410342981733265
928,4418.364759300974,360.07806792844485,-49.77973988232361
929,4516.3211537395755,419.2924625027831,9.434654692014647
930,4491.744423033014,404.00547295927345,-5.852334851495016
931,4498.665935877034,408.2820092454558,-1.5757985653126525
932,4473.73890944983,392.9869310514182,-16.870876759350267
933,4470.235759501783,390.86112073321056,-18.996687077557908
934,4557.646542711511,445.6295728564969,35.77176504572844
935,4510.674040328586,415.75483606094485,5.89702825017639
936,4480.879702287311,397.33831556996165,-12.519492240806812
937,4467.215057097523,389.03279108167226,-20.825016729096205
938,4458.257187747222,383.6366562042422,-26.22115160652629
939,4529.027262929676,427.3064412748072,17.44863346403872
940,4469.419412386885,390.3665820976389,-19.491225713129552
941,4502.64793372525,410.7525642002456,0.894756389477152
942,4548.745669698927,439.89075921256244,30.03295140179398
943,4475.533117043428,394.07797879896816,-15.779829011800302
944,4480.803601992506,397.2918142126873,-12.56599359808115
945,4506.752632505486,413.30704551321423,3.449237702445771
946,4552.629480330526,442.3904021978433,32.53259438707482
947,4461.496285193321,385.5834030478277,-24.274404762940776
948,4507.735694486042,413.92000844822815,4.062200637459682
949,4490.9120814529915,403.49272559838437,-6.365082212384095
950,4468.160698972192,389.6046860649485,-20.253121745819954
951,4508.155087357858,414.1816478404935,4.323840029725034
952,4555.359314578284,444.15144914141865,34.29364133065019
953,4437.4313733041545,371.24119063392345,-38.61661717684501
954,4471.591606885375,391.6831907745932,-18.174617036175277
955,4487.2610939460565,401.2474829263447,-8.61032488442379
956,4511.686071199814,416.3877261341222,6.529918323353741
957,4492.97041777455,404.76131920940134,-5.096488601367128
958,4530.779625279233,428.417558460018,18.55975064924951
959,4557.099595921601,445.27589186176965,35.41808405100119
960,4507.469607515509,413.75405208482744,3.8962442740589722
961,4551.292136798917,441.5289042346317,31.67109642386322
962,4551.194820309168,441.46624610923436,31.6084382984659
963,4432.1873441153675,368.15318143415425,-41.704626376614215
964,4563.12978084865,449.18277834736455,39.32497053659608
965,4478.791149916874,396.0630988850985,-13.794708925669966
966,4570.6633513330635,454.0867724428449,44.22896463207644
967,4516.215237798399,419.2259746980608,9.368166887292318
968,4438.987822040241,372.1603047626804,-37.69750304808804
969,4503.680907365047,411.3946709678298,1.5368631570613616
970,4513.323746728281,417.4128871688222,7.555079358053717
971,4436.956886978536,370.96123172688203,-38.89657608388643
972,4502.7040253316145,410.7874184332227,0.92961062245422
973,4524.320180414324,424.3288621663237,14.471054355555225
974,4539.18525859234,433.7669878340739,23.909180023305453
975,4509.229522244378,414.85231279206073,4.994504981292266
976,4450.06657252263,378.7365542977486,-31.121253513019838
977,4442.795210974811,374.41361441534445,-35.44419339542401
978,4571.63323334329,454.7199759756122,44.86216816484375
979,4494.995575762554,406.0114186728365,-3.846389137931965
980,4495.465169825661,406.301568609214,-3.55623920155449
981,4496.442632255327,406.9058509121928,-2.951956898575645
982,4518.414685393103,420.6077310832675,10.749923272499018
983,4511.050171277036,415.9899997994835,6.132191988715022
984,4498.783346006827,408.35474735244134,-1.503060458327127
985,4408.225464710228,354.21444911463504,-55.64335869613342
986,4504.348440964929,411.8098831096613,1.9520752988928507
987,4556.53490397259,444.9108784594009,35.053070648632456
988,4488.087335970288,401.75504290381195,-8.102764906956509
989,4434.378526807021,369.44185327163586,-40.4159545391326
990,4422.656337490074,362.57516339586164,-47.28264441490683
991,4496.603487137206,407.00533706266106,-2.8524707481074074
992,4454.941913425623,381.6493629853935,-28.208444825374954
993,4493.87470015442,405.3192796818612,-4.538528128907274
994,4530.915169105254,428.5035615852785,18.645753774510013
995,4526.006159100479,425.39418961743513,15.536381806666668
996,4508.297065516374,414.2702399689924,4.4124321582239645
997,4440.515005514702,373.06328374323175,-36.79452406753671
998,4497.906102074458,407.81143283095616,-2.046374979812299
999,4558.804780932202,446.3789909460561,36.52118313528763
1000,4490.3774805257335,403.1635682989786,-6.694239511789874
1001,4519.10803634106,421.0437809994414,11.18597318867296
1002,4463.01745607607,386.4993925558206,-23.358415254947886
1003,4466.001070660903,388.2992384070312,-21.558569403737238
1004,4546.044637178107,438.15641625104445,28.298608440275984
1005,4480.637653353776,397.1904202636297,-12.667387547138787
1006,4527.287101527772,426.2044650468765,16.346657236108058
1007,4575.983562524027,457.56535547717885,47.70754766641039
1008,4515.911891325741,419.0355805350114,9.177772724242914
1009,4516.860460044069,419.63108838252356,9.773280571755095
1010,4515.342980244438,418.6786214973554,8.820813686586916
1011,4465.266340872867,387.8556206871108,-22.002187123657677
1012,4435.426622986259,370.0590851804254,-39.798722630343036
1013,4474.771772314805,393.61482145845866,-16.2429863523098
1014,4455.248450555872,381.8328896991675,-28.024918111600982
1015,4517.236964953238,419.86757295390044,10.009765143131972
1016,4542.318113890515,435.76907825306125,25.91127044229279
1017,4485.750888731727,400.3206015424821,-9.537206268286354
1018,4483.41623112056,398.88984699980483,-10.967960810963632
1019,4455.936961382333,382.24527309318,-27.61253471758846
1020,4489.745626726154,402.77470621243947,-7.083101598328994
1021,4484.96182166157,399.83674582811227,-10.021061982656192
1022,4594.3798873689175,469.6910729950714,59.833265184302945
1023,4463.246317218842,386.6373000699273,-23.220507740841185
1024,4600.287260420554,473.6166754945734,63.758867683804965
1025,4461.400203122208,385.5255835635894,-24.332224247179056
1026,4478.006661024002,395.5846469269277,-14.273160883840774
1027,4516.091318670492,419.14819218691946,9.290384376150996
1028,4525.946794034631,425.3566559575452,15.498848146776709
1029,4573.921945478698,456.2158744197336,46.358066608965146
1030,4517.698239691528,420.1573918564145,10.299584045646043
1031,4550.100728663027,440.7621020509341,30.904294240165655
1032,4492.622222449344,404.5465787186845,-5.311229092083977
1033,4536.273961916906,431.91052748097036,22.052719670201895
1034,4501.950352652829,410.3192244378133,0.461416627044855
1035,4455.660772679539,382.0798224510813,-27.777985359687136
1036,4454.737960083244,381.5272793046297,-28.330528506138762
1037,4476.192243789015,394.4791762389518,-15.37863157181664
1038,4450.368145762206,378.9163978878464,-30.94140992292205
1039,4504.031303636353,411.61259463760234,1.7547868268338789
1040,4476.756620271092,394.8228658420803,-15.034941968688145
1041,4471.661551431171,391.72562303756695,-18.132184773201516
1042,4525.666809355363,425.17965719146923,15.321849380700769
1043,4500.155207864432,409.2051263881508,-0.6526814226176612
1044,4457.116546812654,382.9523172043605,-26.905490606407966
1045,4519.76116801724,421.4547414776066,11.59693366683814
1046,4473.685855280307,392.9546925147142,-16.90311529605424
1047,4447.62622993123,377.2828731889863,-32.57493462178218
1048,4490.010362674653,402.93760977660804,-6.920198034160421
1049,4519.379927683173,421.21483510146027,11.357027290691804
1050,4462.705481698933,386.3114430958294,-23.546364714939045
1051,4486.204660220021,400.59898794629044,-9.258819864478028
1052,4516.205079995614,419.2195985010276,9.361790690259113
1053,4602.167013217137,474.86904448788846,65.01123667712
1054,4392.78543556684,345.383080921722,-64.47472688904645
1055,4465.587881856404,388.04972993496403,-21.80807787580443
1056,4441.217183961509,373.47884223450365,-36.37896557626482
1057,4534.0190264084595,430.4752917186279,20.617483907859423
1058,4419.579149802394,360.78375415114624,-49.07405365962222
1059,4473.436982209442,392.8034819497857,-17.05432586098277
1060,4487.172531461546,401.1930982530398,-8.664709557728656
1061,4471.983894398365,391.9212045119839,-17.936603298784576
1062,4501.357882171935,409.9513593915299,0.09355158076141379
1063,4469.834964962218,390.61828169834007,-19.239526112428393
1064,4452.790961610853,380.3628442053473,-29.494963605421162
1065,4536.716409723365,432.192414156073,22.334606345304564
1066,4464.516449842467,387.403116151178,-22.45469165959048
1067,4528.716973191299,427.10984431342195,17.252036502653482
1068,4507.798970230416,413.9594779171307,4.101670106362235
1069,4438.397659939328,371.8116633369832,-38.04614447378526
1070,4560.716462608293,447.6172414533162,37.75943364254772
1071,4560.19303435169,447.27803754902334,37.420229738254875
1072,4428.890932174514,366.21892576117307,-43.638882049595395
1073,4515.727217079275,418.9196915091143,9.06188369834581
1074,4453.158718459368,380.5826470316638,-29.27516077910468
1075,4510.7073541933305,415.77566180986287,5.917853999094405
1076,4465.248914757284,387.84510223258485,-22.012705578183613
1077,4488.743126068067,402.1581247132035,-7.699683097564957
1078,4397.965645185364,348.33286180909636,-61.524946001672106
1079,4511.057640932721,415.9946706305236,6.136862819755152
1080,4503.333713962929,411.17879614532103,1.3209883345525668
1081,4553.684130105,443.07036696121895,33.21255915045049
1082,4558.571319524701,446.22788481863336,36.37007700786489
1083,4550.552860204979,441.0530222600919,31.19521444932343
1084,4475.86219580229,394.278256621556,-15.579551189212452
1085,4481.5212355984995,397.73043634901114,-12.12737146175732
1086,4433.360093067226,368.84260341899335,-41.015204391775114
1087,4446.055585140673,376.3487867435997,-33.50902106716876
1088,4483.122218666226,398.7098501442706,-11.14795766649786
1089,4572.827489803945,455.5002466356905,45.64243882492201
1090,4468.077523114242,389.5543666776175,-20.303441133150955
1091,4418.461081974524,360.1340148577069,-49.72379295306155
1092,4454.034243597947,381.1061984916669,-28.75160931910159
1093,4542.176129427563,435.67824392460625,25.820436113837786
1094,4490.203047765297,403.05619817403795,-6.801609636730518
1095,4497.070788217993,407.2944244609812,-2.563383349787273
1096,4552.109386600265,442.0552683321871,32.197460521418634
1097,4543.375557110026,436.4458664023864,26.588058591617937
1098,4515.581435918008,418.8282203728422,8.970412562073761
1099,4505.821549069268,412.72691016294084,2.8691023521723764
1100,4445.380944000165,375.9479347470069,-33.90987306376155
1101,4537.324428811295,432.57993437350797,22.722126562739504
1102,4517.450561149179,420.00176311912264,10.14395530835418
1103,4463.632628658904,386.87014135474965,-22.987666456018815
1104,4465.1510730386635,387.7860473917576,-22.071760419010843
1105,4487.344087216589,401.298451018738,-8.559356792030485
1106,4507.376322523034,413.6958788177294,3.838071006960945
1107,4513.537728153064,417.54692894192476,7.689121131156298
1108,4507.913496677923,414.0309207724581,4.17311296168964
1109,4539.5807424767545,434.0194783730544,24.161670562285963
1110,4528.297647107847,426.8442335737527,16.986425762984254
1111,4492.077193903344,404.21056148994194,-5.647246320826525
1112,4409.016236778448,354.6699335399376,-55.18787427083089
1113,4533.052870033791,429.86106313448045,20.003255323711983
1114,4565.722320179457,450.86750964740577,41.009701836637305
1115,4535.787080512386,431.60043593636055,21.74262812559209
1116,4467.6282398706235,389.2826185045201,-20.575189306248376
1117,4500.885912470225,409.6584314329057,-0.19937637786279083
1118,4479.75133327967,396.64910429400425,-13.208703516764217
1119,4542.603924553826,435.9519531750793,26.09414536431086
1120,4493.350381946331,404.9957177008141,-4.862090109954352
1121,4440.472681787453,373.03824366659364,-36.81956414417482
1122,4499.06791821146,408.5310729083967,-1.3267349023717543
1123,4560.716708421478,447.61740077991544,37.75959296914698
1124,4509.069166115458,414.75218378327645,4.894375972507987
1125,4524.572243810396,424.4880509181585,14.630243107390015
1126,4468.629689782895,389.88847625998096,-19.9693315507875
1127,4476.390752794682,394.60004538175235,-15.257762429016111
1128,4428.957096432367,366.2576970915061,-43.600110719262375
1129,4504.299157169817,411.7792209754043,1.921413164635851
1130,4550.70583070363,441.15147092739016,31.2936631166217
1131,4530.025394613226,427.9391509028287,18.08134309206025
1132,4448.914083250668,378.0496715517893,-31.808136258979175
1133,4475.844845479225,394.2676958981492,-15.59011191261925
1134,4525.773606401734,425.2471671211638,15.38935931039532
1135,4443.092466455032,374.5898344340335,-35.26797337673497
1136,4486.355457833273,400.6915231146445,-9.166284696123967
1137,4450.322593837076,378.8892301157998,-30.968577694968644
1138,4433.959887853439,369.1954634036624,-40.66234440710605
1139,4444.539939609862,375.4485439085288,-34.40926390223967
1140,4506.194768479578,412.95940524992966,3.1015974391611962
1141,4454.557628924379,381.419352272967,-28.438455537801474
1142,4587.202075915588,464.94199680646534,55.08418899569688
1143,4477.437802186768,395.23788910387566,-14.619918706892804
1144,4443.560580045486,374.8674301900196,-34.99037762074886
1145,4447.489227377781,377.20134805725183,-32.65645975351663
1146,4473.91170522178,393.0919402831796,-16.765867527588853
1147,4492.182239030414,404.2753122583322,-5.582495552436285
1148,4463.836303230604,386.9929308960682,-22.86487691470029
1149,4515.293624078515,418.6476604506979,8.78985263992945
1150,4554.450703288096,443.5649175110789,33.70710970031041
1151,4497.309407187782,407.4420815018684,-2.415726308900048
1152,4556.928113130726,445.16503113882936,35.3072233280609
1153,4564.122329872131,449.8274161480754,39.96960833730691
1154,4524.295828032065,424.31348416196306,14.455676351194597
1155,4449.756501951114,378.5516892217697,-31.306118588998743
1156,4511.734391247462,416.4179558415203,6.560148030751861
1157,4510.149425212795,415.42694787823393,5.569140067465469
1158,4482.3895683896735,398.2614943835947,-11.596313427173754
1159,4549.69840464008,440.5033084346278,30.645500623859334
1160,4500.313735398834,409.3034503031886,-0.5543575075798799
1161,4453.81233051294,380.97346261000075,-28.88434520076771
1162,4512.571220194581,416.9416609521163,7.083853141347845
1163,4449.376950831157,378.3254629901817,-31.532344820586786
1164,4429.047948691225,366.3109387362101,-43.546869074558344
1165,4529.938967312104,427.8843469551507,18.02653914438224
1166,4459.390625398253,384.3172947300127,-25.540513080755773
1167,4508.1236010717585,414.1620021742342,4.30419436346574
1168,4428.642492101559,366.0733624786162,-43.784445332152245
1169,4520.681530908937,422.03418461758974,12.176376806821281
1170,4505.347960433504,412.4319846383614,2.5741768275929644
1171,4548.7838525336565,439.9153004308173,30.057492620048833
1172,4482.080448251216,398.0724004843905,-11.785407326377936
1173,4476.426668490159,394.6219159165753,-15.235891894193173
1174,4508.992681753434,414.7044299270565,4.846622116288017
1175,4488.15841860127,401.7987240402017,-8.059083770566758
1176,4505.96009004943,412.81320592101565,2.955398110247188
1177,4500.799466688223,409.60479021830224,-0.2530175924662217
1178,4461.060066159238,385.3209344193556,-24.536873391412882
1179,4491.813032113229,404.0477528296369,-5.810054981131543
1180,4487.514924340726,401.4033763405223,-8.454431470246163
1181,4573.349863664353,455.84174229814835,45.983934487379884
1182,4490.31125577645,403.1228027028169,-6.735005107951565
1183,4471.9333627235865,391.8905411517035,-17.96726665906499
1184,4527.185725921292,426.1403110186525,16.28250320788402
1185,4469.224472305188,390.24853567481296,-19.609272135955507
1186,4512.50302938368,416.89897346910175,7.041165658333284
1187,4542.162281844832,435.66938545066205,25.811577639893585
1188,4458.335158431264,383.6834584043809,-26.17434940638759
1189,4536.5218909458945,432.06847375274265,22.210665941974185
1190,4493.576915201103,405.13549768958,-4.722310121188457
1191,4483.506813529041,398.94531057844233,-10.912497232326132
1192,4549.427177341653,440.32888401525906,30.4710762044906
1193,4507.4790675902495,413.7599516907776,3.9021438800091346
1194,4558.618022678552,446.2581111042491,36.40030329348065
1195,4475.839720241488,394.2645763169794,-15.593231493789062
1196,4456.593955850087,382.6389930894002,-27.21881472136829
1197,4512.890456262,417.14153177876005,7.283723967991591
1198,4590.865350435269,467.3628867578768,57.50507894710836
1199,4503.623264328006,411.3588262739868,1.5010184632183154
1200,4472.183645764053,392.0424285239774,-17.815379286791085
1201,4531.027680780102,428.5749571571323,18.71714934636384
1202,4463.281651501168,386.65859410221674,-23.199213708551724
1203,4526.828363579403,425.9141975718453,16.056389761076844
1204,4545.0121071745425,437.4943057888713,27.636497978102852
1205,4617.721127866155,485.2912308015466,75.43342299077813
1206,4500.911536269565,409.6743321521403,-0.18347565862814008
1207,4518.940759197531,420.93855956906555,11.080751758297083
1208,4457.5044268306565,383.18495932788255,-26.67284848288591
1209,4534.112727045566,430.5348842660446,20.677076455276165
1210,4469.7803128791875,390.58517428586947,-19.272633524898993
1211,4541.293654604276,435.1138893125499,25.25608150178141
1212,4434.071311565232,369.2610334508813,-40.59677435988715
1213,4501.975202093082,410.3346570667086,0.47684925594012384
1214,4495.943743681843,406.59737400217364,-3.2604338085948257
1215,4488.051726146658,401.7331611369618,-8.124646673806637
1216,4460.980487653081,385.2730627052456,-24.58474510552287
1217,4465.83273559905,388.1975775893916,-21.660230221376878
1218,4481.427681064284,397.6732413419809,-12.18456646878758
1219,4511.823910382145,416.4739631654829,6.616155354714465
1220,4570.856010960753,454.2125198208264,44.35471201005794
1221,4508.304528589699,414.27489707003133,4.417089259262866
1222,4490.479302573299,403.22625037348325,-6.63155743728521
1223,4529.056176056958,427.3247626553739,17.466954844605425
1224,4542.904611230713,436.14438686358426,26.286579052815796
1225,4459.689897003644,384.4971130519548,-25.36069475881368
1226,4475.325921408315,393.95190575090237,-15.905902059866094
1227,4453.687078660765,380.89855452654,-28.959253284228453
1228,4498.867080681042,408.40662675518934,-1.4511810555791271
1229,4442.690964881275,374.35182505685316,-35.505982753915305
1230,4510.1098932612,415.4022453426187,5.544437531850235
1231,4477.644679749238,395.36397707480137,-14.493830735967094
1232,4482.448787952507,398.2977251562147,-11.560082654553753
1233,4468.051593760564,389.53868072237674,-20.319127088391724
1234,4481.7524937830985,397.87183500374704,-11.985972807021426
1235,4513.152746163124,417.30578473828155,7.447976927513082
1236,4563.344570653258,449.32224165593016,39.46443384516169
1237,4449.624765018681,378.4731613280769,-31.38464648269155
1238,4524.648260537448,424.5360644943512,14.678256683582731
1239,4487.14915502597,401.17874381315323,-8.67906399761523
1240,4451.020214700761,379.3054105342103,-30.552397276558168
1241,4497.8156559844665,407.7554363360309,-2.102371474737538
1242,4519.9330402045125,421.56291906668775,11.705111255919292
1243,4478.246747680481,395.7310422350506,-14.126765575717855
1244,4410.87505555679,355.74182919037185,-54.11597862039662
1245,4475.156876665758,393.84906169331543,-16.00874611745303
1246,4469.271797560428,390.27719192042696,-19.580615890341505
1247,4532.56311125242,429.5498660579733,19.69205824720484
1248,4482.206443846992,398.14946858648045,-11.70833922428801
1249,4480.581388198548,397.15604545658925,-12.701762354179209
1250,4424.366040768956,363.5724901680728,-46.285317642695645
1251,4548.860527543604,439.96458369884385,30.10677588807539
1252,4506.213205948713,412.9708924684119,3.1130846576434124
1253,4526.020228840655,425.4030854729258,15.545277662157332
1254,4485.617303855396,400.2386665481986,-9.619141262569883
1255,4449.900245562627,378.63738383915324,-31.22042397161522
1256,4505.4948619116985,412.52345572005515,2.6656479092866903
1257,4430.488082785404,367.1554319177144,-42.70237589305407
1258,4529.589917642972,427.66304807501047,17.805240264242002
1259,4500.337004941263,409.3178838229969,-0.5399239877715445
1260,4510.324717158832,415.53649227289543,5.6786844621269665
1261,4523.308744906172,423.69039395045775,13.832586139689283
1262,4504.781435614727,412.07932168459365,2.221513873825188
1263,4461.648263191915,385.6748681968088,-24.18293961395966
1264,4498.3550374248225,408.08943231421017,-1.768375496558292
1265,4452.549239275685,380.21840595285676,-29.639401857911707
1266,4516.623947720485,419.4825676064388,9.624759795670343
1267,4511.159048548707,416.05808414494504,6.2002763341765785
1268,4398.934377819227,348.88597012232185,-60.97183768844661
1269,4476.043083059577,394.3883668927906,-15.469440917977863
1270,4465.105357728132,387.7584563370101,-22.09935147375836
1271,4528.294253879247,426.8420845567457,16.98427674597724
1272,4498.6222444653695,408.25494313162017,-1.602864679148297
1273,4568.62775303433,452.7591739675354,42.901366156766926
1274,4566.996366594988,451.69654527095963,41.83873746019117
1275,4482.572630175804,398.37349772933385,-11.484310081434614
1276,4523.551865993402,423.84382070868514,13.98601289791668
1277,4470.378572203098,390.9476686906719,-18.910139120096574
1278,4408.10336185202,354.14414546080025,-55.71366234996822
1279,4502.258518456298,410.51062989297907,0.652822082210605
1280,4499.045607342002,408.5172473537673,-1.3405604570011747
1281,4544.138777765417,436.93466351162306,27.076855700854594
1282,4552.466264945742,442.2852175068256,32.42740969605711
1283,4461.393971832331,385.5218339022349,-24.33597390853356
1284,4481.245324539717,397.56176878877795,-12.29603902199051
1285,4491.203684671353,403.6723246207548,-6.185483190013656
1286,4484.3308686363225,399.45005832629886,-10.407749484469605
1287,4474.9338314054385,393.71338548482663,-16.144422325941832
1288,4511.042677349716,415.98531381742396,6.127506006655494
1289,4469.529867228205,390.4334763656234,-19.42433144514507
1290,4446.825988596901,376.8068079538916,-33.05099985687684
1291,4490.847757264013,403.4531136148257,-6.404694195942739
1292,4435.703182427969,370.2220425332748,-39.63576527749365
1293,4489.301488750328,402.5014833105629,-7.356324500205574
1294,4440.813987018324,373.2401956292738,-36.61761218149468
1295,4433.055086254938,368.6632349295037,-41.194572881264776
1296,4455.116817782912,381.7540743398945,-28.103733470873976
1297,4474.740084372773,393.5955503794048,-16.26225743136365
1298,4502.586213165385,410.71421395355947,0.8564061427910019
1299,4513.90898076796,417.77953889672926,7.9217310859608006
1300,4443.181913182593,374.64286895540454,-35.214938855363926
1301,4515.707128707531,418.9070863688339,9.049278558065453
1302,4514.735827095811,418.29783423216304,8.440026421394577
1303,4449.761837988634,378.55487019090606,-31.302937619862405
1304,4471.206998265258,391.4499075608428,-18.40790024992566
1305,4502.862438339415,410.88586117801515,1.0280533672466845
1306,4492.720955212106,404.60746378359636,-5.250344027172105
1307,4452.853633587187,380.4002976968259,-29.45751011394259
1308,4449.542637151967,378.42420946599077,-31.433598344777693
1309,4485.2001345404615,399.9828480641381,-9.874959746630338
1310,4504.849913409843,412.12194126169834,2.264133450929876
1311,4579.514237007941,459.88086376764477,50.023055956876306
1312,4502.502283934039,410.6620671575488,0.8042593467803272
1313,4577.34386421748,458.45681632854485,48.59900851777638
1314,4520.843915959383,422.136460047288,12.27865223651952
1315,4537.574954765312,432.73965623414415,22.881848423375686
1316,4457.362219783493,383.0996581638947,-26.75814964687379
1317,4558.405980915465,446.12088560189477,36.26307779112631
1318,4513.931369903511,417.7935689645392,7.935761153770727
1319,4443.586421906816,374.88275775725197,-34.9750500535165
1320,4462.132567742374,385.9664120644293,-23.891395746339185
1321,4467.386550493683,389.136473154565,-20.721334656203453
1322,4462.710321689327,386.31435859836483,-23.54344921240363
1323,4407.567828963722,353.8358865973605,-56.02192121340795
1324,4549.494131521625,440.37193867111364,30.514130860345176
1325,4491.617258716088,403.92711471757684,-5.930693093191621
1326,4511.875446568747,416.5062082933764,6.64840048260794
1327,4489.338203471864,402.5240657737636,-7.333742037004868
1328,4512.978842597266,417.1968780799684,7.339070269199965
1329,4491.863505552014,404.0788581579927,-5.7789496527757365
1330,4524.278411992949,424.3024864773938,14.44467866662535
1331,4501.976076355347,410.335200028494,0.4773922177255372
1332,4493.776372390861,405.25859074638583,-4.5992170643826285
1333,4589.820291769489,466.6716484693575,56.813840658589015
1334,4475.200783684376,393.8757726937579,-15.982035117010582
1335,4490.234163246288,403.0753499030816,-6.782457907686876
1336,4577.906833497308,458.82599521908014,48.96818740831168
1337,4534.363377236433,430.69431484150255,20.836507030734083
1338,4468.8891991001465,390.04555278784255,-19.81225502292591
1339,4511.522934558909,416.28567359773297,6.427865786964503
1340,4513.148632596263,417.3032084646138,7.445400653845354
1341,4475.85848437829,394.27599755515166,-15.581810255616801
1342,4451.688493600592,379.7043072359552,-30.15350057481328
1343,4546.33218862866,438.340895567766,28.48308775699752
1344,4442.199640337241,374.06067539230116,-35.7971324184673
1345,4574.592285343007,456.65445247811294,46.79664466734448
1346,4505.099852513639,412.27751837413916,2.4197105633706997
1347,4477.954820486696,395.55304023355757,-14.304767577210896
1348,4525.946450820789,425.3564389647795,15.498631154011036
1349,4522.026528144399,422.8816774610327,13.02386965026426
1350,4469.440955545265,390.3796287247974,-19.478179085971078
1351,4442.146088809499,374.0289488581943,-35.82885895257414
1352,4470.5943070774,391.0784277701855,-18.779380040582964
1353,4555.379395554979,444.1644161583358,34.30660834756736
1354,4520.122447042759,421.6821489986396,11.824341187871141
1355,4503.384715332834,411.21050377545544,1.3526959646869727
1356,4528.308215519489,426.8509268487437,16.993119037975248
1357,4478.827198680377,396.0850917157195,-13.772716095048963
1358,4504.750732369349,412.0602131487558,2.2024053379873294
1359,4477.112352872199,395.03957519989854,-14.818232610869927
1360,4471.204285486614,391.4482623844474,-18.409545426321074
1361,4452.489692988197,380.18282912697805,-29.674978683790414
1362,4415.680842901019,358.5210097694353,-51.33679804133317
1363,4513.615481912084,417.59564057496664,7.737832764198174
1364,4514.636781678674,418.2357323884139,8.377924577645445
1365,4487.164396352269,401.18810281119795,-8.669704999570513
1366,4463.272228962019,386.6529155964372,-23.204892214331267
1367,4534.562336091884,430.82088681567166,20.963079004903193
1368,4504.042337375103,411.6194578410814,1.7616500303129214
1369,4441.651193030875,373.73581446853086,-36.1219933422376
1370,4498.157583665685,407.9671490167366,-1.8906587940318786
1371,4437.660460031165,371.37639685981094,-38.481410950957525
1372,4467.897121548977,389.44523948167125,-20.412568329097212
1373,4559.509710817454,446.8354013749745,36.97759356420602
1374,4498.295493709031,408.0525549009117,-1.8052529098567902
1375,4454.769882384158,381.5463862312872,-28.311421579481248
1376,4458.602593684467,383.84400969517446,-26.013798115594
1377,4500.685253382649,409.53392412998164,-0.32388368078682106
1378,4430.562129649533,367.19888034639416,-42.6589274643743
1379,4469.403801361787,390.35712813423515,-19.50067967653331
1380,4514.463263328486,418.12694677077525,8.269138960006785
1381,4510.271649265613,415.5033272799906,5.6455194692221085
1382,4537.626557578109,432.7725589932693,22.914751182500822
1383,4452.231898200377,380.02882552866595,-29.828982282102515
1384,4524.032581276936,424.14726706443344,14.289459253664972
1385,4502.205410367547,410.47764064213834,0.6198328313698767
1386,4510.37838877924,415.57003590730164,5.712228096533181
1387,4476.3046383926685,394.54760931029205,-15.310198500476417
1388,4514.316595458885,418.0350057513542,8.177197940585756
1389,4529.051788499012,427.3219823667796,17.46417455601113
1390,4493.060444721806,404.8168503320808,-5.040957478687687
1391,4470.635727193514,391.10353546941906,-18.754272341349406
1392,4474.298355821534,393.32696231167756,-16.5308454990909
1393,4461.73232389149,385.7254633481516,-24.132344462616857
1394,4499.768001331832,408.9650180729341,-0.8927897378343914
1395,4507.795790079108,413.95749419150525,4.0996863807367845
1396,4468.355275589206,389.7224131781518,-20.13539463261668
1397,4492.808185736289,404.6612596516461,-5.196548159122358
1398,4492.164367361333,404.2642956311802,-5.593512179588288
1399,4484.275658838069,399.4162313034799,-10.441576507288573
1400,4476.688440868755,394.7813384083961,-15.076469402372368
1401,4458.403303835602,383.7243653426117,-26.133442468156773
1402,4543.2785967834625,436.3837882171715,26.52598040640305
1403,4549.950380156639,440.6653822268986,30.807574416130137
1404,4549.636657300485,440.4635961934018,30.605788382633364
1405,4458.950898739444,384.053161801874,-25.80464600889445
1406,4453.298591278325,380.6662641059038,-29.19154370486467
1407,4491.515028494231,403.86412633116015,-5.993681479608313
1408,4459.6967546208425,384.50123397924426,-25.3565738315242
1409,4509.481560964364,415.0097142446234,5.151906433854947
1410,4506.146317397852,412.929219211484,3.071411400715533
1411,4450.675707784809,379.0998582398547,-30.757949570913752
1412,4560.63943627829,447.5673173124537,37.70950950168526
1413,4517.263572602167,419.88428784592406,10.0264800351556
1414,4545.39487241687,437.7396973503746,27.881889539606163
1415,4549.591452280401,440.43452409738984,30.576716286621377
1416,4492.490292103676,404.4652290507597,-5.392578760008746
1417,4548.791939775454,439.9204984216808,30.06269061091234
1418,4551.390716872554,441.592380329113,31.73457251834452
1419,4511.767248120514,416.4385121907162,6.580704379947747
1420,4495.899304281419,406.56990155990843,-3.2879062508600327
1421,4530.72860727716,428.3851895214648,18.527381710696318
1422,4444.480265507077,375.4131223003101,-34.444685510458385
1423,4414.137651330961,357.6273427458664,-52.23046506490209
1424,4505.375577257572,412.4491800218748,2.591372211106318
1425,4511.785251892417,416.44977616131337,6.591968350544903
1426,4368.2632857078725,331.6011835617933,-78.25662424897519
1427,4512.028488738975,416.6019709343259,6.744163123557428
1428,4481.16976572079,397.51558514424414,-12.342222666524322
1429,4500.92165813639,409.6806133105656,-0.17719450020285876
1430,4515.164783369202,418.5668442256074,8.70903641483892
1431,4529.941547633474,427.88598309877943,18.02817528801097
1432,4543.942447462332,436.80890023524853,26.951092424480066
1433,4484.203264222421,399.3718773436758,-10.485930467092658
1434,4555.26849349451,444.0928049528925,34.23499714212403
1435,4548.976884644591,440.0393779651704,30.181570154401925
1436,4529.378252162283,427.52887873861255,17.671070927844085
1437,4506.57617671098,413.1970690010953,3.3392611903268516
1438,4523.148175149911,423.5890780105633,13.731270199794835
1439,4486.596972615885,400.83974827669454,-9.018059534073927
1440,4423.268735599314,362.93223068403086,-46.92557712673761
1441,4454.6237259644995,381.45890910046865,-28.398898710299818
1442,4501.755161106585,410.1980117351068,0.3402039243383115
1443,4405.330323958531,352.5494876098519,-57.30832020091657
1444,4441.123965266692,373.4236603710888,-36.43414743967969
1445,4456.624611927464,382.6573695789839,-27.200438231784574
1446,4550.19081974963,440.82006296253894,30.962255151770478
1447,4498.1797134584585,407.98085310403667,-1.8769547067317944
1448,4532.413919178846,429.45509007180954,19.597282261041073
1449,4451.240131423206,379.43665531093575,-30.421152499832715
1450,4441.964383819569,373.9213083603486,-35.93649945041989
1451,4484.9633155107795,399.837661576747,-10.020146234021468
1452,4448.789126812244,377.97523626445536,-31.882571546313102
1453,4433.732278579509,369.06153991674637,-40.796267894022094
1454,4510.246884235908,415.48785072604824,5.630042915279773
1455,4499.660681361,408.8984810217921,-0.959326788976341
1456,4547.159637812394,438.8719583860916,29.01415057532313
1457,4525.595245726421,425.1344224216564,15.276614610887918
1458,4511.118265519669,416.03258059886684,6.17477278809838
1459,4475.172174465082,393.85836806275756,-15.9994397480109
1460,4493.584108280962,405.1399365018747,-4.717871308893791
1461,4501.973412110481,410.3335453966656,0.47573758589715
1462,4512.477164109549,416.8827823622414,7.024974551472951
1463,4481.409823262791,397.66232436390965,-12.195483446858816
1464,4482.882805294554,398.56330965256075,-11.294498158207716
1465,4421.890789896929,362.12905910897825,-47.72874870179021
1466,4477.179813271616,395.08067832646475,-14.777129484303714
1467,4451.273392406878,379.45650727285465,-30.401300537913812
1468,4524.67957988466,424.5558471547315,14.698039343963046
1469,4440.571237504489,373.0965537430193,-36.76125406774918
1470,4507.368699072177,413.6911249530531,3.8333171422846135
1471,4436.352365295771,370.6047076578998,-39.25310015286868
1472,4489.402764551947,402.56377750262345,-7.294030308145011
1473,4397.372435154024,347.9943922568691,-61.86341555389936
1474,4547.290560707001,438.9560143027097,29.098206491941255
1475,4507.284793247087,413.63880439264176,3.7809965818732962
1476,4520.20581796781,421.73463554595264,11.876827735184179
1477,4555.178450096211,444.03466662427445,34.17685881350599
1478,4455.375685482477,381.9090797910485,-27.948728019719965
1479,4508.584444774641,414.44958897822744,4.591781167458976
1480,4520.17397449994,421.71458796367733,11.856780152908868
1481,4494.788675367534,405.88361334528645,-3.9741944654820145
1482,4594.097246713684,469.50363711787077,59.645829307102304
1483,4500.937706783114,409.6905724509329,-0.16723535983555848
1484,4494.443335879729,405.67033723544273,-4.187470575325733
1485,4526.372975204305,425.6261458990507,15.768338088282235
1486,4500.498834157632,409.4182695182876,-0.4395382924808473
1487,4501.064442993669,409.76922406791846,-0.08858374285000536
1488,4554.238122156746,443.4277451672515,33.569937356483024
1489,4496.422988935984,406.8937026720987,-2.9641051386697654
1490,4537.231787858202,432.52087879787223,22.663070987103765
1491,4466.087177209221,388.3512450842263,-21.506562726542143
1492,4459.083479034175,384.13278969622843,-25.725018114540035
1493,4499.134675109816,408.57244208869315,-1.285365722075312
1494,4490.78060036642,403.41175928803887,-6.446048522729598
1495,4440.169449812564,372.8588673826639,-36.99894042810456
1496,4481.770221214352,397.88267517249733,-11.975132638271134
1497,4553.475181166813,442.9356110319927,33.07780322122426
1498,4506.09388940291,412.8965567128703,3.0387489021018155
1499,4567.024838114626,451.71508035303486,41.8572725422664
1500,4405.9821728387415,352.9239965297543,-56.93381128101419
1501,4498.588817775052,408.23423645166076,-1.6235713591077001
1502,4481.30897601616,397.60067644389846,-12.257131366869999
1503,4529.4785199339685,427.59243333454197,17.734625523773502
1504,4478.956130556687,396.16375626185027,-13.694051548918196
1505,4466.9550610663655,388.8756286843013,-20.982179126467145
1506,4470.349206029876,390.92987128052255,-18.927936530245915
1507,4492.779409809604,404.64351287494446,-5.214294935824
1508,4484.571031135418,399.5972226482295,-10.260585162538973
1509,4485.47727518714,400.1527883132667,-9.70501949750178
1510,4496.932762118136,407.209026384297,-2.648781426471487
1511,4480.31939427473,396.996001930916,-12.861805879852454
1512,4449.026734326044,378.1167831420753,-31.74102466869317
1513,4518.014423759186,420.3561075231928,10.498299712424341
1514,4441.082371572782,373.39903987605294,-36.458767934715524
1515,4465.998190013881,388.2974986138847,-21.560309196883736
1516,4471.112040830207,391.39232230787,-18.465485502898446
1517,4478.357827478873,395.79878358217775,-14.059024228590715
1518,4449.350657064513,378.3097935356791,-31.548014275089372
1519,4496.739911888668,407.0897231351496,-2.7680846756188657
1520,4519.18254812708,421.0906549327783,11.232847122009844
1521,4516.715760312786,419.54021934035245,9.682411529583987
1522,4373.733010196177,334.6491646593181,-75.20864315145036
1523,4492.376908474365,404.395322062318,-5.46248574845049
1524,4463.351339840169,386.7005931976837,-23.15721461308476
1525,4588.058542957114,465.5074630406398,55.649655229871314
1526,4470.443268227872,390.98687926341927,-18.870928547349195
1527,4459.729159609821,384.52070731825734,-25.337100492511127
1528,4503.705160537774,411.4097530051472,1.5519451943787317
1529,4435.260846321557,369.96142234223134,-39.89638546853712
1530,4475.26215738171,393.91311115683675,-15.944696653931715
1531,4542.148975625933,435.66087337681665,25.80306556604819
1532,4551.00399015251,441.3433908675411,31.48558305677261
1533,4495.4276736565225,406.2783968796566,-3.579410931111852
1534,4452.039362471715,379.913827894954,-29.943979915814452
1535,4535.423222762605,431.36876857722064,21.510960766452172
1536,4434.714705866615,369.63977331425394,-40.21803449651452
1537,4479.567200820784,396.53669316194464,-13.321114648823823
1538,4539.913035524273,434.23168122077413,24.37387341000567
1539,4461.9222608689915,385.83979671090174,-24.018011099866726
1540,4478.319147280624,395.7751940284056,-14.082613782362841
1541,4538.440489862506,433.2916968274908,23.433889016722333
1542,4532.267347308084,429.3619885977323,19.504180786963843
1543,4515.72949120996,418.9211185025397,9.063310691771221
1544,4527.560526187151,426.37752144321394,16.519713632445473
1545,4520.320376121822,421.80676142614175,11.948953615373284
1546,4538.965988675688,433.6270293146895,23.769221503921017
1547,4514.964140534126,418.44100503539903,8.583197224630567
1548,4527.331366943209,426.2324792412014,16.374671430432954
1549,4461.851312436924,385.7970869730525,-24.060720837715962
1550,4533.151125670342,429.92350895852906,20.065701147760592
1551,4549.093577891492,440.1143945101726,30.256586699404124
1552,4454.421948991404,381.3381590651861,-28.519648745582344
1553,4498.358764779212,408.09174084491724,-1.7660669658512234
1554,4551.770300797094,441.8368372392438,31.979029428475314
1555,4491.222216067539,403.6837395054845,-6.174068305283981
1556,4662.64998037551,515.9821040651518,106.12429625438335
1557,4471.105026250954,391.3880686118182,-18.469739198950265
1558,4467.447601641283,389.1733870739945,-20.684420736773973
1559,4407.896844530111,354.02525492750146,-55.832552883267
1560,4446.111860899726,376.38223412966727,-33.475573681101196
1561,4509.823905075379,415.22356019712834,5.365752386359873
1562,4504.100794480852,411.6558202693491,1.7980124585806152
1563,4446.704768180809,376.7347207581179,-33.12308705265059
1564,4587.013453418032,464.8175061443758,54.95969833360732
1565,4483.497214876531,398.93943314197486,-10.918374668793604
1566,4444.61065047398,375.4905190028344,-34.367288807934074
1567,4477.159800906041,395.0684847124403,-14.789323098328168
1568,4472.920731979456,392.4899124940698,-17.36789531669865
1569,4484.6721505965315,399.659193794103,-10.198614016665488
1570,4466.752587724964,388.75326006176374,-21.104547749004723
1571,4481.167096113014,397.51395345566607,-12.343854355102394
1572,4513.975702381663,417.82135043588823,7.963542625119771
1573,4458.579522703999,383.8301579722752,-26.02764983849329
1574,4479.717187744033,396.6282575463938,-13.229550264374666
1575,4513.475533775856,417.5079670735686,7.650159262800116
1576,4456.183182198304,382.3928025339669,-27.46500527680155
1577,4538.732330251578,433.4779110116201,23.620103200851645
1578,4526.388943389925,425.6362448016589,15.778436990890441
1579,4484.16920030548,399.3510082882999,-10.506799522468555
1580,4474.823278661017,393.6461461590711,-16.21166165169734
1581,4515.271981503285,418.6340844549304,8.776276644161953
1582,4484.261718663153,399.407690392467,-10.450117418301488
1583,4533.016423506577,429.83790087833813,19.98009306756967
1584,4554.249593530676,443.4351467825968,33.57733897182834
1585,4543.580399234375,436.57702932610164,26.719221515333174
1586,4489.491464966809,402.6183406336263,-7.23946717714216
1587,4507.044018711424,413.48868463947247,3.630876828704004
1588,4529.059391346116,427.326800111442,17.468992300673563
1589,4431.139447968441,367.5377249684898,-42.32008284227868
1590,4472.450325171587,392.20429920743936,-17.6535086033291
1591,4480.395678368605,397.042598018385,-12.815209792383484
1592,4583.840740537002,462.7258901739556,52.86808236318711
1593,4531.009537160099,428.56344352001815,18.70563570924969
1594,4512.764386292587,417.06259481970255,7.20478700893409
1595,4490.65503194049,403.33444164331695,-6.523366167451513
1596,4553.864300005363,443.1865785773707,33.32877076660225
1597,4428.812944579448,366.1732288716189,-43.68457893914956
1598,4508.846368753589,414.6130854193643,4.755277608595861
1599,4571.200273767977,454.4372589091777,44.57945109840921
1600,4448.827634660161,377.998174193875,-31.85963361689346
1601,4476.725962191728,394.8041920194355,-15.053615791332959
1602,4485.095465029763,399.91867511187684,-9.939132698891626
1603,4545.765411148301,437.97731430316435,28.119506492395885
1604,4501.714090609022,410.1725094996691,0.3147016889006409
1605,4451.462750182789,379.5695364776261,-30.288271333142347
1606,4505.622320153547,412.60282829218886,2.745020481420397
1607,4502.641199521932,410.7483797967175,0.8905719859490091
1608,4453.177013357648,380.59358332861075,-29.264224482157715
1609,4475.536677834701,394.08014562515973,-15.777662185608733
1610,4481.422358902775,397.6699877385654,-12.187820072203067
1611,4529.611039782261,427.67643799517555,17.818630184407084
1612,4542.18808307471,435.6858908946656,25.828083083897127
1613,4462.910951536095,386.4352234653543,-23.42258434541418
1614,4515.568418532282,418.82005302934294,8.96224521857448
1615,4621.669730157107,487.9538072496521,78.09599943888361
1616,4435.178877868839,369.91313779891243,-39.94467001185603
1617,4492.205970308616,404.2899411558519,-5.567866654916543
1618,4562.293429758335,448.6399331385519,38.78212532778343
1619,4525.200975478806,424.88525005101747,15.027442240249002
1620,4455.447602036191,381.95214790810314,-27.90565990266532
1621,4417.563365730125,359.612772896377,-50.245034914391454
1622,4528.330043996895,426.86475160643704,17.006943795668576
1623,4477.372687294515,395.1982070287986,-14.659600781969857
1624,4474.190732158892,393.26153707902677,-16.596270731741697
1625,4538.687960609639,433.4495976147746,23.591789804006112
1626,4491.700122297098,403.97817412060203,-5.879633690166429
1627,4449.97674827681,378.6829960030568,-31.17481180771165
1628,4521.871647296381,422.784043069822,12.926235259053556
1629,4521.5732135804765,422.59594667581314,12.738138865044675
1630,4502.379958480105,410.58607000130587,0.7282621905374072
1631,4445.676844332355,376.1237228627697,-33.73408494799878
1632,4501.464182736494,410.0173492839831,0.15954147321463097
1633,4424.191661140804,363.4707030473469,-46.387104763421576
1634,4511.1240162000995,416.0361767227032,6.17836891193474
1635,4496.293269002321,406.8134830762915,-3.044324734476959
1636,4482.929018552301,398.59159380961637,-11.266214001152093
1637,4444.14960753658,375.2168802693459,-34.64092754142257
1638,4503.619681427506,411.35659833790214,1.4987905271336786
1639,4471.449013152408,391.59669271315306,-18.261115097615402
1640,4533.96598780227,430.44156155693463,20.583753746166167
1641,4575.281133582555,457.10534975310793,47.24754194233947
1642,4526.859277654545,425.93375546195057,16.075947651182105
1643,4432.789336876634,368.5069900031117,-41.35081780765677
1644,4461.970546719969,385.86886534888663,-23.988942461881834
1645,4543.3750841120545,436.4455635582226,26.58775574745414
1646,4508.714350596725,414.5306739103371,4.672866099568637
1647,4473.206286066541,392.6633417834637,-17.19446602730477
1648,4504.765954856479,412.06968699229947,2.2118791815310033
1649,4569.152271506602,453.1010817759452,43.24327396517674
1650,4442.254919695309,374.09342703959237,-35.76438077117609
1651,4442.667100151415,374.33768055656356,-35.52012725420491
1652,4497.544074800225,407.58731962857746,-2.270488182191002
1653,4470.876490107293,391.24949537918747,-18.608312431581
1654,4434.735877435093,369.65223958259685,-40.205568228171614
1655,4503.574877910845,411.32873891296595,1.4709311021974827
1656,4480.236038445691,396.9450894321076,-12.912718378660884
1657,4534.180627895214,430.57807096781744,20.720263157048976
1658,4596.953168140277,471.3991923836902,61.54138457292174
1659,4516.977612715861,419.70466547135175,9.846857660583282
1660,4436.580680547043,370.7393384368256,-39.118469373942844
1661,4457.149914680154,382.972327683784,-26.885480126984476
1662,4514.685511843185,418.2662858103672,8.408477999598745
1663,4475.570660689288,394.10082530510545,-15.756982505663018
1664,4561.72829963351,448.27330669605954,38.41549888529107
1665,4499.244058792469,408.640231579237,-1.2175762315314387
1666,4495.595388098687,406.3820455194814,-3.475762291287083
1667,4537.796422149825,432.88087594305125,23.023068132282788
1668,4392.21935408595,345.06154475852327,-64.7962630522452
1669,4504.195704094778,411.71486088953634,1.8570530787678763
1670,4390.598827219278,344.14196251856765,-65.71584529220081
1671,4487.492181380726,401.3894071940176,-8.468400616750841
1672,4484.162865888116,399.34712760609955,-10.510680204668915
1673,4480.590050172303,397.1613373313371,-12.696470479431355
1674,4484.347397022816,399.4601855441747,-10.397622266593771
1675,4588.580972320283,465.8525471517114,55.99473934094294
1676,4536.6530109217165,432.15201679668235,22.294208985913883
1677,4502.315321173386,410.545915610262,0.6881077994935367
1678,4522.932802073163,423.4532011808519,13.595393370083457
1679,4476.581060807525,394.71593871877076,-15.141869091997705
1680,4453.633024536002,380.86622927525923,-28.991578535509234
1681,4518.461683996724,420.63728153955344,10.779473728784978
1682,4483.130038391549,398.7146369128777,-11.143170897890741
1683,4469.7843962114775,390.5876478578957,-19.270159952872746
1684,4503.529381118851,411.3004493649278,1.4426415541593087
1685,4497.595638213181,407.619236217864,-2.2385715929044636
1686,4445.1216339948,375.79391910561117,-34.0638887051573
1687,4458.96691225371,384.06277908929906,-25.795028721469407
1688,4474.098104385683,393.20523239140266,-16.652575419365803
1689,4497.517485380028,407.5708618671156,-2.2869459436528814
1690,4511.321852545999,416.159900888254,6.3020930774855515
1691,4458.414347826555,383.73099513992247,-26.126812670845993
1692,4434.693733349748,369.62742446738457,-40.23038334338389
1693,4507.711751859537,413.9050742611794,4.047266450410916
1694,4500.380365002924,409.3447796731557,-0.5130281376127641
1695,4532.812511504903,429.708323370161,19.850515559392534
1696,4480.341601483805,397.00956632154157,-12.848241489226893
1697,4477.27173362375,395.13668821679585,-14.721119593972617
1698,4474.143879227662,393.2330565593552,-16.624751251413272
1699,4416.1609174535515,358.799261710913,-51.05854609985545
1700,4478.344004302865,395.790353280986,-14.06745452978248
1701,4493.819449038052,405.28517754639597,-4.572630264372492
1702,4489.7896887387915,402.801817186632,-7.055990624136484
1703,4464.798076234703,387.5730254667278,-22.28478234404065
1704,4510.6863043682415,415.76250271270465,5.904694901936182
1705,4462.8248328581585,386.3833408647256,-23.474466946042867
1706,4522.583224516531,423.2327018448973,13.374894034128829
1707,4455.362388088686,381.9011167559411,-27.956691054827388
1708,4525.475226822415,425.0585648050451,15.200756994276617
1709,4508.065255864458,414.1255992837546,4.267791472986119
1710,4580.57865930947,460.5800329289841,50.72222511821565
1711,4546.368977791504,438.3645004697919,28.50669265902343
1712,4480.4178272018,397.0561275565683,-12.801680254200164
1713,4483.545754400197,398.96915525948043,-10.888652551288033
1714,4404.153758261117,351.8740438748323,-57.98376393593617
1715,4498.591685297906,408.2360127623747,-1.6217950483937784
1716,4556.01697315754,444.5762184388864,34.71841062811791
1717,4403.04497367744,351.2381394843824,-58.61966832638609
1718,4524.006198195996,424.13061024851504,14.272802437746577
1719,4415.339081319079,358.32299341440967,-51.5348143963588
1720,4468.3167574001645,389.69910659786865,-20.158701212899814
1721,4549.673326832422,440.487179660468,30.62937184969951
1722,4471.258501661053,391.48114268720065,-18.37666512356782
1723,4485.5818765909,400.216938468202,-9.640869342566475
1724,4457.007074492593,382.8866711819951,-26.971136628773365
1725,4492.7375076302105,404.61767153585834,-5.240136274910128
1726,4522.913972034318,423.4413225113185,13.58351470055004
1727,4504.790327279533,412.08485560226336,2.227047791494897
1728,4431.780251335753,367.91402158401024,-41.94378622675822
1729,4488.92543836153,402.27021928483737,-7.587588525931096
1730,4532.387483633146,429.4382976571319,19.580489846363434
1731,4511.061887798401,415.99732623872796,6.139518427959501
1732,4503.960782325448,411.5687303392601,1.7109225284916647
1733,4470.330774853904,390.91870125158675,-18.93910655918171
1734,4450.886173816814,379.22542734198896,-30.632380468779502
1735,4492.995501192134,404.77679097341024,-5.08101683735822
1736,4468.904864643235,390.0550359046647,-19.80277190610377
1737,4472.106362814865,391.99552520836687,-17.862282602401592
1738,4520.122321087509,421.68206970537994,11.824261894611482
1739,4487.646329019391,401.48409232566246,-8.373715485106004
1740,4549.137738785415,440.1427850715136,30.28497726074511
1741,4449.747779231454,378.5464893813469,-31.31131842942159
1742,4529.228827135558,427.4341745027127,17.57636669194426
1743,4598.014380150881,472.1044660553307,62.24665824456224
1744,4542.902563537905,436.14307623949753,26.28526842872907
1745,4477.356036436871,395.1880600498216,-14.669747760946848
1746,4560.956311269538,447.7727150856422,37.91490727487371
1747,4523.859250191265,424.03784132407736,14.1800335133089
1748,4481.059888484384,397.4484299799901,-12.40937783077834
1749,4466.9839635940025,388.89309808179905,-20.96470972896941
1750,4554.8625094095,443.8307023167008,33.972894505932345
1751,4489.695483653543,402.74385473322855,-7.113953077539918
1752,4483.361520541026,398.85634961914366,-11.001458191624806
1753,4530.911654841237,428.5013316629261,18.643523852157614
1754,4517.394140075671,419.9663149493126,10.108507138544155
1755,4583.252301433558,462.3384533659555,52.48064555518704
1756,4398.014116906192,348.36052618314807,-61.497281627620396
1757,4457.592802434905,383.23797527025226,-26.6198325405162
1758,4507.489106205597,413.76621213905673,3.9084043282882703
1759,4544.042137325153,436.87275635242304,27.014948541654576
1760,4517.213228285692,419.8526618870892,9.994854076320735
1761,4543.799023160001,436.71703810285953,26.85923029209107
1762,4458.111595679516,383.5492718556379,-26.308535955130537
1763,4537.509051486707,432.6976370547982,22.839829244029715
1764,4537.745330743223,432.8482952690365,22.990487458268035
1765,4470.259901804266,390.8757508675699,-18.982056943198586
1766,4493.943603120946,405.36181004305763,-4.495997767710833
1767,4474.053470122976,393.17810248690375,-16.67970532386471
1768,4540.577071739146,434.6558875942251,24.798079783456615
1769,4491.029331776723,403.56493547753325,-6.292872333235209
1770,4567.3593826352135,451.93289764531255,42.07508983454409
1771,4472.9837590691905,392.52818820605034,-17.32961960471812
1772,4488.693537054203,402.12763767097294,-7.7301701397955185
1773,4532.15993446872,429.29376697149564,19.43595916072718
1774,4466.468531015311,388.5816181298187,-21.276189680949756
1775,4538.072062131575,433.05667055202684,23.19886274125838
1776,4530.48247256295,428.22904350319914,18.371235692430673
1777,4490.883430828307,403.4750817905465,-6.38272602022198
1778,4497.36554290465,407.4768220949418,-2.3809857158266823
1779,4547.839482618284,439.3085217263965,29.450713915628057
1780,4523.618598971528,423.8859387769221,14.02813096615364
1781,4518.564859470054,420.7021569086346,10.844349097866143
1782,4491.745285054986,404.0060041605316,-5.851803650236889
1783,4482.936490552506,398.59616703479605,-11.26164077597241
1784,4497.882611676161,407.79688921177603,-2.06091859899243
1785,4505.119886483938,412.2899899897052,2.4321821789367277
1786,4517.603085007412,420.09759806048714,10.23979024971868
1787,4480.0428695524215,396.8271174667084,-13.030690344060076
1788,4490.129446481581,403.01089805230686,-6.8469097584616065
1789,4442.603887850075,374.3002162945281,-35.557591516240336
1790,4531.149214520663,428.65208435013255,18.79427653936409
1791,4479.533486623659,396.51611271129104,-13.34169509947742
1792,4505.624580521169,412.6042359685762,2.7464281578077134
1793,4458.527991893505,383.79922000945726,-26.058587801311205
1794,4516.446382367102,419.3710804215357,9.513272610767217
1795,4458.791953047147,383.9577099795192,-25.90009783124924
1796,4503.557924172086,411.3181970976825,1.460389286914051
1797,4490.532915584888,403.2592567378774,-6.598551072891041
1798,4480.7659835248505,397.26882833164154,-12.58897947912692
1799,4492.845320740069,404.6841622421766,-5.173645568591837
1800,4530.83499860145,428.4526920399858,18.594884229217314
1801,4537.27972906008,432.5514392523687,22.693631441600246
1802,4462.035525901801,385.9079853343719,-23.949822476396548
1803,4416.428705730872,358.9545215212943,-50.90328628947418
1804,4526.866062337448,425.93804787283943,16.08024006207097
1805,4519.3952043879335,421.22444710452146,11.366639293752996
1806,4489.632092501875,402.7048538254812,-7.15295398528724
1807,4533.179069260269,429.9412691648322,20.08346135406373
1808,4573.653571187586,456.04034375218544,46.18253594141697
1809,4456.128290958342,382.35991052254803,-27.49789728822043
1810,4501.64807551179,410.13151987461924,0.2737120638507804
1811,4480.294742968771,396.98094493588997,-12.876862874878498
1812,4464.753167457031,387.5459287921549,-22.31187901861358
1813,4454.742477578468,381.5299831979328,-28.327824612835684
1814,4503.9308166999035,411.55009240884647,1.692284598078004
1815,4603.950320000661,476.05859278639855,66.20078497563009
1816,4527.215987485092,426.15946109629795,16.301653285529483
1817,4502.937710247852,410.93264160348417,1.0748337927157081
1818,4495.887156431122,406.56239191967734,-3.2954158910911246
1819,4428.4696725806925,365.9721237783865,-43.88568403238196
1820,4553.7030318334555,443.0825580958872,33.224750285118716
1821,4469.271889508626,390.2772475976676,-19.580560213100853
1822,4514.311697085552,418.03193530356475,8.174127492796288
1823,4421.27799038788,361.77217247315593,-48.08563533761253
1824,4411.530019334433,356.1199233291427,-53.73788448162577
1825,4538.3828914726,433.25494972792376,23.397141917155295
1826,4550.21193296881,440.8336468773841,30.975839066615663
1827,4522.174556267676,422.9750024150271,13.117194604258657
1828,4524.1678140676495,424.2326506253862,14.37484281461775
1829,4460.4141385599305,384.9324544580436,-24.92535335272487
1830,4509.770504690769,415.19019992730455,5.332392116536084
1831,4491.405699406477,403.79676950232806,-6.061038308440402
1832,4472.591675362366,392.29011059533286,-17.5676972154356
1833,4570.934281919527,454.26361140778727,44.4058035970188
1834,4494.486567943537,405.6970335786855,-4.160774232082986
1835,4521.557188299725,422.58584745400367,12.728039643235206
1836,4553.68235706499,443.0692234037924,33.21141559302396
1837,4523.8853891764875,424.05434224864075,14.196534437872288
1838,4536.249727097643,431.8950899052502,22.037282094481725
1839,4545.447127849902,437.7732036117095,27.91539580094104
1840,4489.187931505038,402.431640647334,-7.426167163434457
1841,4550.181153643248,440.81384400876686,30.9560361979984
1842,4570.013691622961,453.6628678360007,43.80506002523225
1843,4541.649792284763,435.34160121628656,25.4837934055181
1844,4417.23310504004,359.42111306141214,-50.43669474935632
1845,4530.227221844173,428.06714391268906,18.2093361019206
1846,4444.507369656804,375.4292106826856,-34.428597128082856
1847,4524.542250424261,424.46910727559,14.611299464821514
1848,4525.876117085392,425.3119724694293,15.45416465866083
1849,4513.119294741225,417.2848347749459,7.427026964177458
1850,4470.071195403436,390.7614030131376,-19.09640479763084
1851,4492.855102808043,404.6901953296274,-5.167612481141077
1852,4508.311715661618,414.2793819655485,4.421574154780046
1853,4567.9719152929665,452.3318398484271,42.47403203765862
1854,4502.289405283488,410.52981653091365,0.6720087201451861
1855,4421.636168472546,361.980748433044,-47.877059377724436
1856,4562.453260029411,448.7436487386567,38.88584092788824
1857,4530.661232648397,428.3424447809539,18.48463697018542
1858,4464.556998962382,387.42757767962985,-22.430230131138615
1859,4448.293570859285,377.68011308302766,-32.1776947277408
1860,4524.769809973105,424.6128429406176,14.755035129849148
1861,4491.512573199448,403.86261358043976,-5.995194230328707
1862,4473.703687712094,392.9655282991398,-16.892279511628658
1863,4531.1381046529905,428.6450335729601,18.78722576219161
1864,4463.58704641618,386.8426638617998,-23.01514394896867
1865,4586.1019909432825,464.2161646506979,54.358356839929456
1866,4497.124547786128,407.3276884539637,-2.5301193568047893
1867,4517.512362393015,420.0405932375479,10.182785426779446
1868,4493.387444573819,405.01858515057893,-4.8392226601895345
1869,4545.315017475757,437.68849665596827,27.830688845199802
1870,4462.965778860703,386.4682563014421,-23.38955150932634
1871,4516.955769233217,419.6909463077682,9.833138496999709
1872,4576.309614634776,457.7789551533069,47.92114734253846
1873,4462.200017494217,386.00702472555304,-23.850783085215426
1874,4500.341568151758,409.32071429912867,-0.5370935116397959
1875,4473.9873791905775,393.13793239024926,-16.7198754205192
1876,4553.8683778826235,443.18920902501395,33.33140121424549
1877,4545.273120464612,437.66163466248463,27.803826851716167
1878,4474.6740920045095,393.555418541212,-16.302389269556443
1879,4545.199030944372,437.6141346185882,27.756326807819732
1880,4447.833872386259,377.40645084803464,-32.451356962733826
1881,4519.329733958926,421.18325430154664,11.325446490778177
1882,4504.269860154489,411.7609942462441,1.903186435475618
1883,4568.542750175832,452.7037764443962,42.84596863362776
1884,4474.407533834253,393.3933380997423,-16.46446971102614
1885,4625.971108660356,490.86194839030395,81.00414057953549
1886,4511.623810834719,416.3487767750821,6.490968964313652
1887,4470.507321244493,391.0257020999725,-18.832105710795986
1888,4474.29724291196,393.3262857372738,-16.53152207349467
1889,4563.294051894188,449.2894378827759,39.431630072007465
1890,4579.438145102337,459.8309019409712,49.97309413020275
1891,4487.901750857393,401.64100989693316,-8.216797913835308
1892,4496.14052380591,406.7190346940738,-3.138773116694665
1893,4468.399384064403,389.7491032014909,-20.108704609277538
1894,4381.162056547857,338.81301273385634,-71.04479507691212
1895,4463.437677942943,386.7526298496982,-23.10517796107024
1896,4487.616161707509,401.46556117850787,-8.392246632260594
1897,4443.574463850294,374.8756650422547,-34.98214276851377
1898,4511.080828927123,416.00917042138826,6.151362610619799
1899,4492.66345409124,404.5720042795083,-5.285803531260171
1900,4516.184073556516,419.2064126134892,9.348604802720729
1901,4419.59267988064,360.79162060825047,-49.066187202517995
1902,4528.25309248374,426.81601643391514,16.958208623146675
1903,4527.050492543809,426.0547380136045,16.19693020283603
1904,4454.499471354611,381.38454869317,-28.473259117598445
1905,4490.540137299878,403.2637028251943,-6.594104985574177
1906,4533.1894195892955,429.94784765143413,20.090039840665668
1907,4518.608614559693,420.72967102446455,10.871863213696088
1908,4501.001757522312,409.7303209530128,-0.12748685775568447
1909,4507.744956653545,413.92578578709845,4.067977976329985
1910,4473.0266362201955,392.55422815026805,-17.303579660500418
1911,4493.3200860955085,404.9770257994551,-4.880782011313386
1912,4486.676858550146,400.88878285907094,-8.96902495169752
1913,4566.630457508681,451.45836940156596,41.6005615907975
1914,4512.506031375581,416.9008526718858,7.043044861117323
1915,4471.251890679939,391.4771332721916,-18.38067453857684
1916,4556.932261171937,445.16771261978784,35.30990480901937
1917,4517.27188742551,419.8895112752425,10.031703464474049
1918,4490.193266088458,403.05017759932525,-6.807630211443211
1919,4514.4706663403895,418.13158772919815,8.273779918429682
1920,4470.315041186906,390.90916614954494,-18.94864166122352
1921,4459.575299785427,384.4282518420132,-25.429555968755267
1922,4507.144499521896,413.551329798845,3.6935219880765544
1923,4515.782956669829,418.9546682188761,9.09686040810766
1924,4545.627680860342,437.8889840822676,28.031176271499135
1925,4523.480608301787,423.79884917875506,13.9410413679866
1926,4571.969596073337,454.9396746681259,45.081866857357454
1927,4451.18932132752,379.4063301190272,-30.451477691741275
1928,4565.656341078596,450.8245962781252,40.966788467356764
1929,4457.134305742767,382.96296704510996,-26.8948407656585
1930,4575.776223482837,457.42955056966684,47.57174275889838
1931,4448.195556308151,377.6217556343249,-32.236052176443536
1932,4566.581722315353,451.4266514672322,41.56884365646374
1933,4471.269066741152,391.48755021991974,-18.370257590848723
1934,4437.804343169976,371.46132928545467,-38.396478525313796
1935,4480.260047756276,396.9597536221777,-12.898054188590777
1936,4568.190251731333,452.4740831165077,42.61627530573924
1937,4580.221977800556,460.34568917977595,50.48788136900748
1938,4488.4123540263245,401.9547899888016,-7.903017821966841
1939,4514.0680182678825,417.87920422042816,8.021396409659701
1940,4547.637129940002,439.17855859277097,29.320750782002506
1941,4444.148029692014,375.2159439624588,-34.64186384830964
1942,4497.508567308261,407.5653420207873,-2.292465789981179
1943,4510.033693647879,415.35463215770596,5.496824346937501
1944,4512.247225859757,416.7388596873802,6.881051876611764
1945,4551.75231377858,441.8252518877134,31.967444076944957
1946,4487.343903848363,401.2983384044569,-8.559469406311564
1947,4476.546643860002,394.69497828496196,-15.162829525806501
1948,4510.834752126981,415.85530783326567,5.997500022497206
1949,4500.583922495828,409.4710563517792,-0.386751458989238
1950,4574.520980395929,456.6077907670324,46.74998295626392
1951,4500.653597503273,409.51428364876074,-0.34352416200772495
1952,4466.9692672231,388.8842151842314,-20.973592626537084
1953,4519.209888158064,421.1078546687713,11.250046858002861
1954,4433.397855097488,368.86481368464865,-40.99299412611981
1955,4435.866549606566,370.3183210414127,-39.53948676935579
1956,4509.046982381784,414.7383328422002,4.880525031431716
1957,4523.419203253038,423.76009765196613,13.902289841197671
1958,4553.047445646345,442.6598165981718,32.80200878740334
1959,4494.9221556959865,405.96606373630175,-3.8917440744667147
1960,4456.919466234991,382.83414029758205,-27.02366751318641
1961,4495.544445311004,406.35056113447445,-3.5072466762940167
1962,4476.509771284929,394.67252296452307,-15.185284846245395
1963,4491.513228073849,403.8630170599099,-5.994790750858556
1964,4497.462867777153,407.53705685451723,-2.3207509562512314
1965,4459.941525041003,384.6483379638471,-25.209469846921365
1966,4429.361365002976,366.49463936001166,-43.3631684507568
1967,4470.177373681688,390.8257403240409,-19.032067486727556
1968,4479.905285404672,396.74310301160676,-13.1147047991617
1969,4557.067773709194,445.25531833142077,35.397510520652304
1970,4523.952360011782,424.0966208026207,14.238812991852228
1971,4506.058903761657,412.87476147033885,3.0169536595703903
1972,4474.9715670436035,393.73633802759787,-16.121469783170596
1973,4480.022084916125,396.8144249476104,-13.043382863158058
1974,4527.415514709287,426.2857362257382,16.427928414969756
1975,4469.986605363079,390.71015067092367,-19.147657139844796
1976,4464.104423527065,387.1546033054751,-22.703204505293343
1977,4454.216572409935,381.2152750996411,-28.642532711127387
1978,4506.24279844097,412.9893300080457,3.1315221972772633
1979,4501.793094784463,410.2215669043212,0.36375909355274416
1980,4516.325116070702,419.29494992289847,9.437142112130005
1981,4431.407404970325,367.69505196001455,-42.16275585075391
1982,4492.4135261180445,404.41789810671344,-5.439909704055026
1983,4519.596390355489,421.35104213091245,11.493234320143983
1984,4557.98829181304,445.8506324594914,35.992824648722944
1985,4470.345973805138,390.9279124114478,-18.929895399320685
1986,4517.327186872093,419.92425158777996,10.0664437770115
1987,4535.46410152301,431.39479294737976,21.536985136611293
1988,4455.879561118467,382.21088447605143,-27.64692333471703
1989,4405.130180677933,352.43454082291646,-57.423266987852
1990,4513.420651808937,417.473587587976,7.6157797772075355
1991,4435.490414010995,370.0966695092957,-39.76113830147278
1992,4502.570280658724,410.7043145356033,0.8465067248348532
1993,4466.753502885373,388.75381311214915,-21.103994698619317
1994,4432.08233341127,368.0914817411417,-41.76632606962676
1995,4514.2313039104965,417.9815440422035,8.123736231435032
1996,4422.022192994462,362.20561061654735,-47.65219719422112
1997,4489.6140620224905,402.69376106239224,-7.164046748376222
1998,4513.908867285304,417.7794677838442,7.921659973075748
1999,4493.4262938026795,405.0425556209293,-4.815252189839157
2000,4524.582126807203,424.4942930509419,14.636485240173442
2001,4534.305207038546,430.65731205857855,20.79950424781009
2002,4470.738196475332,391.16565297018633,-18.692154840582134
2003,4509.277065858541,414.88200212120773,5.02419431043927
2004,4484.81438525223,399.74637064076205,-10.111437170006411
2005,4512.520355436239,416.90981938117557,7.052011570407103
2006,4462.906173521397,386.43234483460265,-23.425462976165818
2007,4551.049943730566,441.37297397223983,31.51516616147137
2008,4542.142403120765,435.65666893291336,25.7988611221449
2009,4511.722587516552,416.41057115927106,6.5527633485025945
2010,4489.897758375388,402.86831538919205,-6.989492421576415
2011,4437.358654264771,371.19827744582426,-38.6595303649442
2012,4568.847669068256,452.9025113430416,43.04470353227316
2013,4479.492255299966,396.49094425165003,-13.366863559118428
2014,4554.593342072825,443.6569696354677,33.79916182469924
2015,4510.158880706509,415.4328564899665,5.575048679198062
2016,4518.91861064305,420.9246285604004,11.066820749631916
2017,4517.827329467655,420.23851670103886,10.380708890270398
2018,4577.172016547906,458.3441518720747,48.48634406130623
2019,4483.243989318626,398.78439415974935,-11.07341365101911
2020,4550.480650499913,441.0065532844046,31.148745473636154
2021,4436.153370784394,370.4873871863624,-39.37042062440605
2022,4507.019043333108,413.47311437514145,3.615306564372986
2023,4449.993929837262,378.6932403188339,-31.164567491934577
2024,4524.026018449484,424.1431236285407,14.285315817772243
2025,4528.398267196213,426.9079612262344,17.050153415465957
2026,4487.153229539989,401.1812457741744,-8.676562036594078
2027,4488.2665683075065,401.86518793636424,-7.992619874404227
2028,4526.40769745604,425.64810575437605,15.790297943607584
2029,4505.389072592982,412.45758290924596,2.599775098477494
2030,4508.298661256074,414.2712357390101,4.413427928241617
2031,4531.077379290315,428.6064957769213,18.74868796615283
2032,4473.165901140305,392.638811912499,-17.21899589826944
2033,4468.162888597984,389.60601078053105,-20.251797030237412
2034,4499.07016298034,408.53246395523183,-1.3253438555366301
2035,4563.120393961845,449.17668390463405,39.31887609386558
2036,4493.157270519003,404.87657944964894,-4.98122836111952
2037,4407.62242769904,353.86730776287095,-55.99050004789751
2038,4490.452344545795,403.20965442236684,-6.648153388401624
2039,4511.063766343099,415.9985009144798,6.140693103711328
2040,4509.222143031217,414.84770482560816,4.989897014839698
2041,4479.112831629244,396.25937414947157,-13.598433661296895
2042,4506.4415251147775,413.11315687855904,3.2553490677905756
2043,4554.2307511019135,443.4229892111912,33.565181400422716
2044,4467.3347933135265,389.10518013268484,-20.752627678083627
2045,4506.7582876664865,413.3105703477336,3.4527625369651105
2046,4477.862891586588,395.49699518898024,-14.360812621788227
2047,4525.639860812884,425.16262296522746,15.304815154458993
2048,4481.055455180747,397.44572053813226,-12.4120872726362
2049,4596.578526802727,471.1503271677252,61.292519356956745
2050,4500.0911443641535,409.16539548432365,-0.6924123264448099
2051,4580.859791599707,460.7647800223049,50.90697221153641
2052,4463.125771215655,386.56465812767465,-23.293149683093816
2053,4553.16169899525,442.7334764909074,32.875668680138915
2054,4455.857839965184,382.1978717027996,-27.65993610796886
2055,4551.8762541175465,441.90508425014286,32.0472764393744
2056,4498.900498358545,408.42733223193545,-1.4304755788330112
2057,4469.150817673005,390.2039386790825,-19.65386913168595
2058,4528.555852854027,427.007777384958,17.149969574189527
2059,4562.173666527198,448.5622250467941,38.70441723602562
2060,4476.794754973702,394.8460942984598,-15.011713512308688
2061,4545.109855979084,437.5569663707056,27.699158559937132
2062,4482.623637762657,398.4047087219242,-11.453099088844283
2063,4461.8090555554445,385.77165020665416,-24.086157604114305
2064,4533.79637088583,430.3337015487118,20.475893737943352
2065,4444.605342309755,375.48736790779003,-34.37043990297843
2066,4514.288836707833,418.0176058790239,8.15979806825544
2067,4511.2306764468885,416.102878320356,6.245070509587549
2068,4515.205644583812,418.5924738666022,8.734666055833713
2069,4503.599535303623,411.34407109240465,1.4862632816361838
2070,4494.871593487138,405.9348306247239,-3.922977186044591
2071,4478.893780979145,396.12571424395173,-13.73209356681673
2072,4465.753986045708,388.15002387265895,-21.707783938109515
2073,4430.679637077801,367.26783560479544,-42.58997220597303
2074,4570.94358102272,454.269681606389,44.41187379562052
2075,4445.192669614112,375.8361070451406,-34.021700765627884
2076,4464.077659796267,387.1384636360449,-22.719344174723574
2077,4496.789535201804,407.12042000976453,-2.7373878010039334
2078,4513.28714698365,417.3899625781132,7.532154767344764
2079,4485.698923197667,400.28872719921037,-9.569080611558093
2080,4487.726839392622,401.53355027218186,-8.324257538586608
2081,4452.293864002811,380.0658402421436,-29.79196756862484
2082,4490.98147801734,403.5354634368805,-6.322344373887972
2083,4466.14946461627,388.3888676824249,-21.468940128343547
2084,4442.622947465961,374.31151222113704,-35.54629558963143
2085,4556.184198355974,444.6842573715048,34.826449560736364
2086,4473.683919998168,392.9535165597299,-16.904291251038558
2087,4444.308251610325,375.3110272343047,-34.54678057646379
2088,4482.018011559464,398.0342124448139,-11.823595365954588
2089,4526.6530955025155,425.8033220179195,15.945514207151064
2090,4440.504924887431,373.0573196412365,-36.800488169531945
2091,4431.988815636533,368.0365393264783,-41.82126848429016
2092,4426.027694500884,364.5431620428126,-45.31464576795588
2093,4497.5192957984345,407.5719824313446,-2.285825379423841
2094,4482.346691486262,398.2352631582771,-11.622544652491342
2095,4531.398471723316,428.8102881614968,18.952480350728365
2096,4565.148803480153,450.4945551662822,40.63674735551376
2097,4522.611792342866,423.25071914223236,13.392911331463893
2098,4551.08828451351,441.39765699540703,31.53984918463857
2099,4477.5754996527085,395.32181083988735,-14.535996970881115
2100,4495.4506865005615,406.29261818443456,-3.565189626333904
2101,4509.599938572987,415.0836528581972,5.22584504742872
2102,4502.5594626708935,410.6975930132544,0.8397852024859276
2103,4491.869109579187,404.0823118330436,-5.775495977724859
2104,4462.539799276779,386.21164648359854,-23.64616132716992
2105,4456.259812074396,382.4387232353524,-27.419084575416036
2106,4498.006017644518,407.8732965009349,-1.9845113098335787
2107,4490.15705914782,403.02789279689296,-6.829915013875507
2108,4529.963610436798,427.8999729217412,18.042165110972746
2109,4462.5105502323795,386.19403008005384,-23.663777730714628
2110,4548.884538807883,439.980017617504,30.122209806735555
2111,4472.516635794238,392.24455411155486,-17.6132536992136
2112,4506.650410907448,413.24333386977605,3.3855260590075886
2113,4526.520506049793,425.71945464627834,15.861646835509873
2114,4493.463961864185,405.06579797689164,-4.7920098338768184
2115,4521.133128881717,422.31864617397287,12.460838363204402
2116,4600.097820036165,473.49054871137105,63.632740900602585
2117,4404.664669158446,352.167263794292,-57.69054401647645
2118,4465.9491441046475,388.26787749910864,-21.589930311659828
2119,4524.789575605736,424.62532883363565,14.767521022867186
2120,4488.649594463739,402.1006229912946,-7.757184819473878
2121,4501.151996795192,409.8235637649873,-0.03424404578117901
2122,4525.315730116313,424.95776568054407,15.099957869775608
2123,4540.7862666926985,434.7895695554048,24.931761744636333
2124,4525.638984369403,425.16206896924314,15.304261158474674
2125,4480.095194614661,396.859071635839,-12.99873617492949
2126,4485.529207564752,400.18463685488996,-9.673170955878504
2127,4482.101655722393,398.08537199307466,-11.772435817693804
2128,4560.065804768004,447.1956060772927,37.33779826652426
2129,4469.953751036828,390.69024545504726,-19.167562355721202
2130,4618.103744411249,485.54893636813176,75.6911285573633
2131,4528.797790172824,427.1610449843997,17.30323717363126
2132,4522.990321399303,423.48948747107306,13.631679660304599
2133,4450.007795449863,378.70150764151686,-31.156300169251608
2134,4523.792657846304,423.99580458011087,14.137996769342408
2135,4503.248363312017,411.12573624761444,1.2679284368459776
2136,4493.175453716756,404.887796648316,-4.970011162452465
2137,4496.8217613188235,407.1403556382684,-2.7174521725000886
2138,4556.726258854323,445.0345528651601,35.17674505439163
2139,4449.345569966997,378.30676197965613,-31.551045831112333
2140,4480.180712893356,396.9112992354735,-12.946508575294956
2141,4488.519547090928,402.02067885257065,-7.837128958197809
2142,4406.358903767247,353.14053689552975,-56.717270915238714
2143,4424.237334564014,363.49736163619946,-46.360446174569006
2144,4524.140220982199,424.21522815700064,14.357420346232175
2145,4497.107048937686,407.3168608072119,-2.540947003556539
2146,4476.94753665699,394.93916301956233,-14.918644791206134
2147,4494.512540136915,405.7130721591957,-4.144735651572773
2148,4529.964890785273,427.9007847859707,18.042976975202237
2149,4541.221984399521,435.06807092281224,25.210263112043776
2150,4440.572180714992,373.0971118123862,-36.76069599838229
2151,4496.157627613532,406.7296101060251,-3.128197704743343
2152,4519.428744420535,421.2455506551728,11.387742844404329
2153,4571.2951237211955,454.49918751046425,44.64137969969579
2154,4545.34489246971,437.707651302464,27.849843491695538
2155,4472.260601360705,392.08913600687856,-17.7686718038899
2156,4540.303536399623,434.48112045493053,24.62331264416207
2157,4507.061381700727,413.4995093257671,3.6417015149986582
2158,4457.177247192436,382.9887192025094,-26.869088608259062
2159,4482.534735346209,398.3503110925599,-11.507496718208586
2160,4482.60932654747,398.3959517187491,-11.461856092019389
2161,4548.555895390068,439.7687956167442,29.910987805975765
2162,4567.388816936451,451.95206432412624,42.09425651335778
2163,4496.688185339778,407.05772643956925,-2.8000813711992123
2164,4486.626369000679,400.8577916449153,-9.00001616585314
2165,4456.7079638898995,382.7073364003195,-27.150471410448972
2166,4492.507806354677,404.47602805232464,-5.381779758443827
2167,4504.438139494599,411.8656923784374,2.0078845676689525
2168,4468.151967065955,389.5994033165239,-20.258404494244587
2169,4513.296176532174,417.3956182617635,7.537810450995039
2170,4501.606279201172,410.1055690658336,0.2477612550651429
2171,4496.482148206388,406.93028975994093,-2.92751805082753
2172,4521.3219834490965,422.4376337613967,12.57982595062822
2173,4521.4558846470345,422.5220080842487,12.664200273480219
2174,4543.780172988694,436.704965417317,26.847157606548535
2175,4539.2858473801325,433.8312003716969,23.97339256092846
2176,4491.463535182667,403.8324009846983,-6.025406826070139
2177,4525.02538820526,424.77430493849624,14.91649712772778
2178,4488.521506901201,402.02188354903,-7.835924261738455
2179,4490.997572903345,403.5453757897135,-6.312432021054974
2180,4547.123645250523,438.8488515938566,28.991043783088116
2181,4478.667361016507,395.9875817771949,-13.870226033573545
2182,4516.735876609652,419.5528514588914,9.695043648122919
2183,4510.790389063344,415.82757228667606,5.969764475907596
2184,4533.3369349860395,430.04161120418576,20.183803393417293
2185,4551.159638693182,441.4435951610358,31.58578735026731
2186,4626.847649176989,491.4555537562119,81.59774594544342
2187,4514.203466661133,417.9640960735146,8.106288262746148
2188,4447.062099030942,376.94723825038,-32.91056956038847
2189,4502.536645211843,410.68341605978594,0.8256082490174776
2190,4447.2309325381075,377.04767114049446,-32.810136670274005
2191,4562.958654742801,449.07168085953344,39.21387304876498
2192,4508.654836322516,414.4935251651268,4.6357173543583485
2193,4499.551487098296,408.8307874978559,-1.0270203129125548
2194,4499.623193854585,408.8752405104083,-0.9825673003601878
2195,4403.738779215763,351.6359759257307,-58.22183188503777
2196,4523.536898119856,423.8343741200674,13.97656630929896
2197,4497.863214033949,407.7848797382462,-2.072928072522245
2198,4416.747511683876,359.1394066940211,-50.71840111674737
2199,4525.183910303364,424.87446676454874,15.01665895378028
2200,4515.76408290566,418.942824730173,9.085016919404552
2201,4516.675778591834,419.51511319967403,9.65730538890557
2202,4490.761946731264,403.40027300568454,-6.457534805083924
2203,4528.865290305871,427.20381123320976,17.3460034224413
2204,4481.7940806686465,397.897265255584,-11.960542555184475
2205,4485.194902814565,399.9796403657251,-9.878167445043346
2206,4458.708851547422,383.9078097955303,-25.94999801523818
2207,4503.503711862806,411.28448885205216,1.4266810412837003
2208,4402.986389829783,351.2045577215308,-58.653250089237645
2209,4518.331711249487,420.555563451167,10.697755640398555
2210,4450.977354809908,379.2798347730627,-30.57797303770576
2211,4423.779401255921,363.230122182993,-46.62768562777546
2212,4478.857709791161,396.10370658817783,-13.754101222590634
2213,4487.346818309038,401.30012830146734,-8.557679509301124
2214,4508.794302734418,414.5805825579805,4.722774747212043
2215,4417.168261642062,359.38348886652966,-50.4743189442388
2216,4553.9052064831085,443.2129657729788,33.35515796221034
2217,4510.017761834601,415.3446775375014,5.486869726732948
2218,4478.767611792229,396.04873894897537,-13.809068861793094
2219,4592.665734763173,468.5548587753037,58.697050964535265
2220,4468.775503808112,389.976731009825,-19.881076800943447
2221,4440.584814185105,373.1045866994946,-36.75322111127389
2222,4510.822461272064,415.84762356532656,5.989815754558094
2223,4454.210575518382,381.2116872566021,-28.646120554166373
2224,4551.31921216281,441.546337726219,31.688529915450545
2225,4470.096120864378,390.77650577866325,-19.081302032105214
2226,4530.287623511584,428.10545256662226,18.2476447558538
2227,4505.088134163849,412.2702235143288,2.4124157035603275
2228,4497.371950755193,407.4807878023994,-2.3770200083690725
2229,4563.003880488505,449.10104076648213,39.243232955713665
2230,4507.48438210995,413.7632660140707,3.90545820330226
2231,4552.565148634124,442.3489419769203,32.491134166151824
2232,4507.262748047859,413.6250583713195,3.7672505605510196
2233,4470.654015393027,391.1146215184863,-18.74318629228219
2234,4494.0174872774805,405.40741753583234,-4.450390274936126
2235,4519.529435391861,421.3089090440794,11.451101233310965
2236,4429.55964488068,366.6108806529314,-43.246927157837035
2237,4431.414256551304,367.69907522468793,-42.15873258608053
2238,4556.9274613767375,445.16460981635964,35.30680200559118
2239,4493.882064733908,405.32382536205387,-4.533982448714596
2240,4517.848891973779,420.25206814273133,10.394260331962869
2241,4536.5021236285365,432.055879699868,22.198071889099538
2242,4472.024509943208,391.94585150489274,-17.91195630587572
2243,4485.027812514308,399.87720007374446,-9.980607737024002
2244,4525.31121318111,424.9549112282484,15.097103417479957
2245,4460.718010081202,385.1151867606932,-24.742621050075286
2246,4507.922563052112,414.0365767386611,4.178768927892634
2247,4518.306933483307,420.53998575691276,10.682177946144293
2248,4479.911153120734,396.74668589274233,-13.111121918026129
2249,4589.577904077834,466.51139397531233,56.65358616454387
2250,4512.546381910452,416.92611192188133,7.068304111112866
2251,4457.613101539828,383.25015310133676,-26.6076547094317
2252,4512.104631025485,416.6496193070616,6.791811496293121
2253,4473.941481516416,393.11003699255707,-16.747770818211393
2254,4512.071003938324,416.62857579120555,6.7707679804370855
2255,4528.514613853559,426.9816551255235,17.12384731475504
2256,4513.301002501502,417.39864103712034,7.540833226351879
2257,4552.521969243433,442.3211149614817,32.46330715071326
2258,4447.357067972688,377.12271352587413,-32.73509428489433
2259,4471.548641312572,391.65712662215356,-18.200681188614908
2260,4531.473659234899,428.8580153849448,19.00020757417633
2261,4464.813365141809,387.58225057789514,-22.275557232873325
2262,4489.30258733918,402.50215902049877,-7.355648790269697
2263,4422.843506124141,362.6842751528875,-47.17353265788097
2264,4459.256674831205,384.23682407097203,-25.62098373979643
2265,4512.312466117899,416.7796922821749,6.921884471406429
2266,4489.446046733198,402.59040161748635,-7.267406193282113
2267,4556.134485782449,444.65213831746996,34.7943305067015
2268,4445.569070312546,376.0596916822028,-33.79811612856565
2269,4517.633099205357,420.11645808332787,10.258650272559407
2270,4439.116126315602,372.2361236467955,-37.621684163972986
2271,4489.803157540325,402.81010460685184,-7.047703203916626
2272,4473.541548701876,392.86701096425304,-16.990796846515423
2273,4521.257939215117,422.39728091400684,12.539473103238379
2274,4554.807903548411,443.7954545802654,33.93764676949695
2275,4522.09426560471,422.92438156566504,13.06657375489658
2276,4522.0222280878,422.8789666243001,13.021158813531656
2277,4562.220803630731,448.5928090718812,38.73500126111276
2278,4535.542001890456,431.4443882638989,21.58658045313041
2279,4516.757051836779,419.5661487410898,9.708340930321356
2280,4456.272840411749,382.4465307905275,-27.41127702024096
2281,4479.187921962265,396.30519788681386,-13.552609923954606
2282,4432.166130416373,368.1407167589159,-41.71709105185255
2283,4519.441356540117,421.2534863971423,11.395678586373833
2284,4525.344342119073,424.9758470975353,15.118039286766816
2285,4532.8894281382945,429.75719840634974,19.89939059558128
2286,4478.926731094512,396.14581822119726,-13.711989589571203
2287,4519.948797103701,421.57283725951675,11.715029448748282
2288,4453.35373776768,380.69923371106006,-29.158574099708403
2289,4497.798527826365,407.7448324774364,-2.1129753333320878
2290,4510.679258749556,415.75809825774195,5.900290446973486
2291,4414.148307359801,357.6335096609255,-52.22429814984298
2292,4527.540583918593,426.36489837942736,16.507090568658896
2293,4467.809982884188,389.39253378660123,-20.46527402416723
2294,4524.602464213328,424.50713836495925,14.649330554190783
2295,4420.302965204541,361.20471052537505,-48.653097285393414
2296,4547.192006463953,438.8927391768775,29.03493136610905
2297,4485.709324077149,400.29510673282584,-9.56270107794262
2298,4550.836108378363,441.23532336868266,31.377515557914194
2299,4516.8251265117315,419.6088986074951,9.751090796726658
2300,4430.274332078886,367.0300246019792,-42.82778320878924
2301,4608.685853230744,479.2241833304852,69.36637551971671
2302,4482.56102314483,398.36639568498595,-11.491412125782517
2303,4476.029810046852,394.3802867709787,-15.477521039789735
2304,4482.585669518181,398.3814762446764,-11.476331566092085
2305,4471.094688857761,391.3817999781736,-18.47600783259486
2306,4399.920692048611,349.4495955060447,-60.40821230472375
2307,4507.591656733253,413.83016910971855,3.9723612989500907
2308,4476.72047919804,394.8008523776666,-15.056955433101848
2309,4409.7360299951315,355.08480282725077,-54.773004983517694
2310,4472.163661070753,392.0302994637809,-17.827508346987543
2311,4478.064873121242,395.62013982828057,-14.237667982487892
2312,4462.712150425669,386.3154601913852,-23.542347619383236
2313,4476.5804925858065,394.71559265868973,-15.142215152078734
2314,4518.071015186933,420.3916790684443,10.533871257675855
2315,4520.481874882201,421.9084515008976,12.050643690129164
2316,4537.47970351554,432.67892576544,22.821117954671536
2317,4522.301365353744,423.0549578282589,13.197150017490458
2318,4488.395944531576,401.9447039682973,-7.913103842471173
2319,4472.482822781052,392.22402712849953,-17.633780682268934
2320,4479.514287660378,396.50439316306483,-13.35341464770363
2321,4473.112893536512,392.6066161896624,-17.251191621106045
2322,4577.099322938276,458.29649744370727,48.438689632938804
2323,4446.85410884478,376.8235314838089,-33.03427632695957
2324,4473.951340234736,393.11602877704354,-16.741779033724924
2325,4495.58663669508,406.37663676563534,-3.4811710451331237
2326,4467.4952677410465,389.2022091109561,-20.655598699812344
2327,4490.698487179857,403.3611979772204,-6.496609833548064
2328,4465.95912842739,388.27390740423016,-21.583900406538305
2329,4454.986002658274,381.67575683740415,-28.182050973364312
2330,4441.945026245837,373.90984204366623,-35.94796576710223
2331,4491.60849358276,403.9217139524876,-5.936093858280856
2332,4521.499614916002,422.54956536873397,12.691757557965502
2333,4496.112410622992,406.70165240302777,-3.156155407740698
2334,4516.57927818429,419.4545197563798,9.596711945611332
2335,4448.654447391052,377.8950175648429,-31.96279024592559
2336,4471.848951307463,391.8393217928933,-18.018486017875148
2337,4500.11684811142,409.18133620317667,-0.6764716075917931
2338,4514.957837585935,418.4370522559784,8.579244445209952
2339,4526.172774568597,425.49954123863245,15.641733427863983
2340,4549.307995729801,440.25224974795765,30.394441937189185
2341,4505.823360691142,412.72803854557105,2.8702307348025897
2342,4553.066556913097,442.6721373450773,32.814329534308854
2343,4475.6443189704705,394.14565067413423,-15.712157136634232
2344,4433.852818641636,369.13246158030915,-40.72534623045931
2345,4471.595925160733,391.685810413499,-18.17199739726948
2346,4522.703075184757,423.3082923932702,13.450484582501758
2347,4468.817092422585,390.0019046176758,-19.855903193092672
2348,4509.997382342513,415.3319440625055,5.474136251737036
2349,4486.809707032114,400.9703329516915,-8.887474859076974
2350,4513.512778643431,417.53129902419323,7.673491213424768
2351,4411.5507670918205,356.1319039486061,-53.72590386216234
2352,4570.554440306057,454.01569448086093,44.157886670092466
2353,4470.984042938896,391.31470708540337,-18.543100725365093
2354,4483.672428436654,399.0467266139058,-10.811081196862688
2355,4481.354737712453,397.6286499682401,-12.229157842528366
2356,4500.214285379076,409.2417667950981,-0.616041015670362
2357,4516.704786054329,419.5333280851769,9.675520274408427
2358,4560.669245350131,447.58663755999214,37.72882974922368
2359,4512.623217155586,416.9742125361754,7.116404725406937
2360,4490.644977131216,403.3282508063676,-6.5295570044008855
2361,4510.506746768467,415.65026241599617,5.792454605227704
2362,4498.8304745559835,408.38394633106736,-1.4738614797010996
2363,4557.646753860424,445.62970942132006,35.771901610551595
2364,4462.704454221804,386.31082416791423,-23.54698364285423
2365,4520.088429018336,421.6607337239352,11.802925913166746
2366,4477.766946453632,395.4385059195488,-14.419301891219675
2367,4533.822524224909,430.3503316867209,20.49252387595243
2368,4456.415883384449,382.53225823556477,-27.325549575203695
2369,4436.665538465201,370.7893831301908,-39.068424680577664
2370,4510.796538139042,415.8314166004898,5.973608789721311
2371,4465.580642911858,388.0453593515085,-21.81244845925994
2372,4559.203460469793,446.6370903705383,36.779282559769854
2373,4472.2101689554875,392.0585262081677,-17.799281602600786
2374,4539.173984087622,433.75979085472136,23.901983043952896
2375,4502.855476143356,410.88153440623046,1.0237265954619943
2376,4504.227012284933,411.7343377678749,1.8765299571064133
2377,4545.282413100807,437.66759250584937,27.809784695080907
2378,4589.871092911472,466.7052389205428,56.847431109774334
2379,4581.064640964346,460.8994197362417,51.04161192547326
2380,4484.111856901234,399.31587843907937,-10.541929371689093
2381,4574.3578248881895,456.5010309422887,46.643223131520244
2382,4400.669115414052,349.8776012481417,-59.98020656262679
2383,4497.33295579283,407.4566547966847,-2.401153014083775
2384,4551.26448747057,441.51110151910007,31.653293708331603
2385,4521.750737828107,422.70783143145036,12.850023620681895
2386,4504.360178073616,411.8171855726009,1.9593777618324566
2387,4455.448032127239,381.9524054809531,-27.905402329815388
2388,4489.010841635597,402.32273483752715,-7.535072973241313
2389,4455.002469427054,381.6856148468696,-28.17219296389885
2390,4533.136907616482,429.9144724779276,20.05666466715911
2391,4564.530338676522,450.09253755155805,40.23472974078959
2392,4561.4647357971935,448.1023698596159,38.244562048847456
2393,4546.286752139917,438.3117431660712,28.453935355302747
2394,4493.299203912921,404.964142185474,-4.893665625294489
2395,4502.345461099262,410.5646390787574,0.7068312679889459
2396,4453.857370807853,381.000401247657,-28.857406563111454
2397,4517.712743461703,420.1665061813055,10.308698370537059
2398,4533.851588082815,430.3688129077109,20.511005096942426
2399,4502.4860410452,410.651975530247,0.794167719478537
2400,4589.542203827832,466.48779297574083,56.62998516497237
2401,4542.611163608373,435.9565855440742,26.098777733305724
2402,4536.539272226578,432.079547774566,22.221739963797518
2403,4565.270959408456,450.5739799967296,40.71617218596111
2404,4529.035653555706,427.3117581227707,17.453950312002235
2405,4463.121295193395,386.5619609769824,-23.295846833786072
2406,4480.367362777034,397.025301877331,-12.83250593343746
2407,4540.803907447052,434.80084345384375,24.94303564307529
2408,4506.0480495448155,412.8679996618207,3.010191851052241
2409,4583.672292405462,462.6149657314718,52.75715792070332
2410,4504.618046767875,411.9776397484329,2.1198319376644577
2411,4457.19811166961,383.00123203312523,-26.85657577764323
2412,4486.938879773488,401.049634689296,-8.808173121472464
2413,4453.046064431834,380.515308440642,-29.34249937012646
2414,4561.473323032872,448.10793869781764,38.25013088704918
2415,4518.602974053138,420.7261241059091,10.86831629514063
2416,4602.382201633675,475.01251101623484,65.15470320546638
2417,4534.561315539581,430.8202375227502,20.962429711981713
2418,4469.776295696218,390.5827407931015,-19.27506701766697
2419,4503.593458642297,411.34029254548204,1.48248473471358
2420,4594.125868782053,469.52261651145955,59.66480870069108
2421,4419.760529785383,360.8892168907282,-48.96859092004024
2422,4546.837223059264,438.66499308372386,28.807185272955394
2423,4486.009683651595,400.4793588812745,-9.37844892949397
2424,4457.48993726363,383.17626749150486,-26.681540319263604
2425,4483.630092552033,399.0208005482773,-10.83700726249117
2426,4436.218732239289,370.52591997243235,-39.331887838336115
2427,4471.779855674519,391.79739831846973,-18.06040949229873
2428,4505.680463940244,412.6390389321641,2.781231121395649
2429,4438.561299058186,371.90831702773175,-37.94949078303671
2430,4473.159446624166,392.63489150098985,-17.22291630977861
2431,4538.170962180526,433.1197544398965,23.261946629128033
2432,4475.912865410936,394.3090988134918,-15.548708997276663
2433,4524.643954884034,424.53334489214785,14.675537081379389
2434,4495.890674276094,406.56456659770447,-3.293241213063993
2435,4475.0122850423495,393.76110534142754,-16.096702469340926
2436,4511.864049838585,416.4990774877392,6.641269676970751
2437,4567.975494457428,452.3341714530834,42.476363642314936
2438,4509.234161970019,414.85521009234753,4.99740228157907
2439,4536.328141273994,431.94504069952245,22.087232888753988
2440,4498.668868847004,408.2838262045166,-1.5739816062518912
2441,4464.855454736006,387.6076474260649,-22.250160384703577
2442,4549.53023505922,440.3951557757282,30.537347964959736
2443,4544.800282011541,437.35853306227,27.500725251501535
2444,4513.142568255325,417.29941046080785,7.4416026500393855
2445,4540.426876300725,434.5599205073322,24.702112696563745
2446,4497.3134139560125,407.4445611128658,-2.4132466979026503
2447,4445.264594673227,375.8788257169749,-33.97898209379355
2448,4556.290575267154,444.7529907505709,34.89518293980245
2449,4560.986289545807,447.7921493011504,37.93434149038194
2450,4453.520006613257,380.79864726990763,-29.05916054086083
2451,4559.220313073083,446.6480020913814,36.79019428061292
2452,4547.736565786903,439.2424199735483,29.38461216277983
2453,4538.6736308319305,433.4404536124166,23.58264580164814
2454,4616.033245933455,484.15514293995693,74.29733512918847
2455,4581.839612479536,461.40894852765314,51.551140716884674
2456,4574.98633018667,456.9123551658158,47.05454735504736
2457,4401.139415225459,350.1466968366435,-59.71111097412495
2458,4445.875226491561,376.24160129059555,-33.61620652017291
2459,4483.930120970727,399.20455327360287,-10.653254537165594
2460,4488.633392057518,402.0906624344834,-7.767145376285043
2461,4487.6193655758225,401.46752922715723,-8.390278583611234
2462,4584.244133764473,462.99157921310507,53.133771402336606
2463,4538.429063737825,433.28440697228825,23.42659916151979
2464,4511.968591803544,416.5644904922128,6.706682681444363
2465,4460.4408292405,384.9485030444862,-24.909304766282276
2466,4566.325257691045,451.25975630185076,41.401948491082294
2467,4471.036422219234,391.34646782868094,-18.51133998208752
2468,4418.592814024034,360.2105359421348,-49.64727186863365
2469,4491.718605518921,403.989563671606,-5.868244139162471
2470,4565.621114916159,450.80168568615136,40.943877875382896
2471,4414.316491408564,357.73084946335666,-52.1269583474118
2472,4526.551610417031,425.7391284935097,15.881320682741261
2473,4452.658874573191,380.2839136958096,-29.573894114958875
2474,4487.229720291771,401.2282164883427,-8.629591322425767
2475,4463.908875784901,387.0366876189514,-22.821120191817045
2476,4427.576938699351,365.4493878419871,-44.408419968781345
2477,4576.089961073832,457.63505289258273,47.77724508181427
2478,4456.33706647748,382.4850210548252,-27.372786755943253
2479,4498.956036694141,408.461744754919,-1.3960630558494813
2480,4569.213905545108,453.1412661062518,43.28345829548334
2481,4475.419423366416,394.0087966744136,-15.849011136354875
2482,4455.1979579661875,381.8026561813458,-28.055151629422653
2483,4471.5566700312065,391.66199700672814,-18.19581080404032
2484,4455.135719600261,381.76539132258495,-28.092416488183517
2485,4449.200688986867,378.2204282618932,-31.637379548875288
2486,4558.461255232228,446.1566551091687,36.29884729840023
2487,4452.261707715349,380.0466317419423,-29.81117606882617
2488,4487.992852461349,401.69698535237376,-8.160822458394705
2489,4517.905119897239,420.28740686336323,10.429599052594767
2490,4496.372385387627,406.86240818584747,-2.995399624920992
2491,4514.944339816303,418.42858743736224,8.570779626593776
2492,4546.195710614267,438.2533330606443,28.395525249875845
2493,4535.149509626832,431.19453624699327,21.336728436224803
2494,4433.761552679108,369.07876314683426,-40.7790446639342
2495,4528.228950755823,426.8007274837996,16.942919673031156
2496,4447.71331428417,377.33469858335457,-32.5231092274139
2497,4446.063178487258,376.3532997444495,-33.50450806631898
2498,4454.052804322866,381.11730154786073,-28.74050626290773
2499,4486.888949537507,401.01898057727476,-8.838827233493703
2500,4498.18226613294,407.98243388713627,-1.8753739236321962
2501,4484.433835890324,399.5131501928754,-10.344657617893063
2502,4492.685510912456,404.5856059850935,-5.272201825674983
2503,4486.197468284304,400.59457496974346,-9.263232841025001
2504,4470.262765645254,390.8774863617532,-18.980321449015264
2505,4563.089136342604,449.156390160862,39.29858235009351
2506,4453.609673326759,380.8522653066643,-29.00554250410414
2507,4529.613423757786,427.67794927748446,17.820141466715995
2508,4528.962831389388,427.26561433257893,17.40780652181047
2509,4498.775894120869,408.3501305554378,-1.507677255330691
2510,4449.55810848562,378.433430819402,-31.424376991366444
2511,4480.829675940522,397.3077464814255,-12.550061329342952
2512,4490.344013455802,403.1429669036347,-6.714840907133748
2513,4451.11671674358,379.3629994035955,-30.494808407172968
2514,4562.500058765349,448.77401913319,38.91621132242153
2515,4524.729520480529,424.58739274535037,14.729584934581908
2516,4495.234768736751,406.1591967731579,-3.69861103761059
2517,4515.806153817059,418.96922490411134,9.11141709334288
2518,4475.169424481002,393.856695110112,-16.00111270065645
2519,4397.858039491634,348.2714519408737,-61.58635586989476
2520,4529.2927848753025,427.47470907879915,17.616901268030688
2521,4466.1595792116395,388.394977236856,-21.46283057391247
2522,4496.913234070845,407.1969449188209,-2.660862891947545
2523,4443.531500020548,374.85018236074575,-35.007625450022715
2524,4511.979473104838,416.5712993300426,6.713491519274157
2525,4544.715727839902,437.30434244631806,27.446534635549597
2526,4567.129957285635,451.78351655133656,41.9257087405681
2527,4551.263196453768,441.5102702739687,31.65246246320021
2528,4499.984147997535,409.0990427810257,-0.7587650297427899
2529,4473.315796164637,392.729862321718,-17.12794548905049
2530,4430.304935222649,367.0479780637743,-42.80982974699418
2531,4485.124775326616,399.93664475156766,-9.921163059200808
2532,4408.188704235125,354.1932826125535,-55.66452519821496
2533,4510.58061996584,415.69643824935565,5.838630438587188
2534,4496.184550451079,406.7462569770746,-3.1115508336938547
2535,4558.482308620496,446.17027969114406,36.3124718803756
2536,4462.6573074878015,386.28242463683137,-23.575383173937098
2537,4507.972154383762,414.0675144726092,4.209706661840755
2538,4460.702322488823,385.10575198202014,-24.752055828748325
2539,4498.753054454899,408.3359804613724,-1.5218273493960623
2540,4503.706450979202,411.41055548462873,1.5527476738602672
2541,4484.5520694586985,399.58560250960454,-10.272205301163922
2542,4441.371806556321,373.570382152227,-36.28742565854145
2543,4453.646246928202,380.8741363517556,-28.98367145901284
2544,4514.919064566056,418.4127368687132,8.554929057944719
2545,4497.991225128072,407.8641372778143,-1.9936705329541837
2546,4484.683724434138,399.6662871398448,-10.191520670923637
2547,4539.597108718239,434.0299286930099,24.172120882241416
2548,4455.9801812735805,382.2711672690775,-27.58664054169094
2549,4501.614134268887,410.1104461168802,0.25263830611174853
2550,4412.012490350736,356.39857716625875,-53.45923064450972
2551,4525.59139564148,425.1319888825028,15.274181071734347
2552,4513.41335780638,417.46901854170665,7.611210730938183
2553,4441.941613029758,373.90782026907436,-35.9499875416941
2554,4502.057360068371,410.3856829602828,0.5278751495143297
2555,4508.492535287084,414.39222546344763,4.534417652679167
2556,4513.493526947605,417.51923876845876,7.6614309576903
2557,4486.135501237861,400.5565529655746,-9.301254845193853
2558,4581.294969039579,461.05082800680657,51.193020196038105
2559,4520.778145762248,422.0950343439649,12.237226533196463
2560,4471.626035356693,391.7040767131739,-18.153731097594573
2561,4479.81518644901,396.68808982354767,-13.169717987220793
2562,4561.6260252711145,448.20697195285675,38.349164142088284
2563,4545.817772732268,438.0108975024459,28.15308969167745
2564,4488.324745835529,401.90094349516085,-7.956864315607618
2565,4542.336166285992,435.7806279056422,25.922820094873714
2566,4476.051638401023,394.39357511446406,-15.464232696304407
2567,4520.065594970595,421.6463593695112,11.78855155874271
2568,4537.67990317061,432.8065742627832,22.948766452014752
2569,4441.602124487915,373.7067569042101,-36.15105090655834
2570,4577.311630090368,458.4356824169781,48.57787460620966
2571,4530.630090126808,428.32268762159856,18.464879810830098
2572,4491.86769258065,404.081438557414,-5.77636925335446
2573,4431.452248948606,367.7213848672991,-42.13642294346937
2574,4541.676164821797,435.3584659419471,25.500658131178625
2575,4473.48200515996,392.83083484853114,-17.026972962237323
2576,4484.023324952323,399.2616448591866,-10.596162951581846
2577,4495.436758506785,406.2840110374318,-3.573796773336653
2578,4522.420843669473,423.13029788923086,13.272490078462397
2579,4505.391929293304,412.45936164821114,2.6015538374426797
2580,4524.819653813084,424.64432949775846,14.78652168699
2581,4487.17704167065,401.1958678037022,-8.661940007066278
2582,4525.3535339617265,424.9816559828737,15.123848172105227
2583,4500.949186120551,409.6976961372857,-0.16011167348278832
2584,4404.163575580441,351.8796769729465,-57.978130837821936
2585,4551.697652587363,441.7900457833948,31.932237972626353
2586,4530.883049952,428.48318108112153,18.625373270353066
2587,4511.050835644818,415.990415232523,6.132607421754528
2588,4486.712473776441,400.9106447263798,-8.947163084388649
2589,4443.651190949699,374.9211756050845,-34.93663220568396
2590,4457.573016227712,383.2261053277948,-26.63170248297365
2591,4490.440430847561,403.2023201988677,-6.655487611900753
2592,4480.4925725362955,397.10178720978683,-12.756020600981628
2593,4537.927664454377,432.96457384864925,23.10676603788079
2594,4537.220043342426,432.51339233529734,22.655584524528876
2595,4445.965737357509,376.2953890762342,-33.562418734534276
2596,4557.26271380282,445.38135719592447,35.523549385156
2597,4448.866829310528,378.02152196789893,-31.83628584286953
2598,4510.195966162429,415.45603109973536,5.598223288966892
2599,4524.089960362002,424.1834941548618,14.325686344093356
2600,4495.016094733399,406.02409463552976,-3.8337131752386995
2601,4529.21046537825,427.4225376983145,17.564729887546036
2602,4525.45081987971,425.04313928093234,15.185331470163874
2603,4419.416234062441,360.68904116881413,-49.168766641954335
2604,4442.688172513504,374.35017002081304,-35.507637789955425
2605,4498.04717778499,407.89878255926897,-1.9590252514994972
2606,4509.043897929534,414.73640700941087,4.878599198642405
2607,4508.143053008687,414.17413903069746,4.316331219928998
2608,4501.437711094,410.0009155644875,0.14310775371905038
2609,4529.652417796875,427.7026692838499,17.844861473081437
2610,4581.376277411917,461.1042824639212,51.246474653152745
2611,4425.8281148235155,364.4265040186183,-45.431303792150175
2612,4453.128147716183,380.564372859521,-29.29343495124749
2613,4465.168365324784,387.7964842534325,-22.06132355733598
2614,4544.816676269751,437.3690404913764,27.511232680607918
2615,4594.693009962609,469.89876449483654,60.04095668406808
2616,4479.727513731738,396.63456177491025,-13.22324603585821
2617,4452.379517771418,380.11700780579577,-29.740800004972698
2618,4495.8206387163655,406.521272783486,-3.33653502728248
2619,4512.820074524688,417.09746231700456,7.239654506236093
2620,4546.0211400104545,438.1413432578415,28.283535447073064
2621,4490.295681998811,403.1132163416951,-6.744591469073384
2622,4500.941659320198,409.6930252540078,-0.164782556760656
2623,4507.473161514817,413.7562684678396,3.898460657071155
2624,4474.732355436039,393.5908500853584,-16.266957725410066
2625,4569.244223615364,453.1610335925675,43.30322578179903
2626,4531.826526650225,429.08204198582143,19.22423417505297
2627,4483.529618803813,398.95927485509446,-10.898532955674
2628,4473.175176868255,392.64444593601684,-17.213361874751627
2629,4534.998391568583,431.0983566979021,21.240548887133627
2630,4481.126579958087,397.4891900292382,-12.368617781530247
2631,4526.538480013992,425.73082331755495,15.873015506786487
2632,4542.437805276444,435.845657798885,25.987849988116523
2633,4513.3936057964265,417.45664578241986,7.598837971651392
2634,4504.1904539347715,411.7115948011233,1.8537869903548199
2635,4617.169530020402,484.9198223873377,75.06201457656925
2636,4417.735773677061,359.7128475436989,-50.144960267069564
2637,4430.4045138416,367.10639944554714,-42.75140836522132
2638,4530.068096637876,427.9662297260211,18.10842191525262
2639,4597.534890415406,471.78573920537065,61.92793139460218
2640,4465.28396427343,387.8662583717305,-21.991549439037954
2641,4515.324456192193,418.66700125483476,8.809193444066295
2642,4552.182997822701,442.10269386553455,32.244886054766084
2643,4467.041571818764,388.92791910299593,-20.929888707772534
2644,4404.517068992339,352.08254042488034,-57.77526738588813
2645,4477.7057306336765,395.40119033711244,-14.456617473656024
2646,4492.408693991342,404.4149188970882,-5.442888913680235
2647,4444.990889211094,375.71627639270173,-34.141531418066734
2648,4441.5520493005615,373.6771044291604,-36.180703381608055
2649,4592.194591042762,468.24279219183836,58.3849843810699
2650,4552.238192495406,442.1382557790671,32.28044796829863
2651,4473.964756577795,393.12418283613624,-16.73362497463222
2652,4580.126861635328,460.2832063877454,50.42539857697693
2653,4518.247285321448,420.50248633970205,10.644678528933582
2654,4531.540061909074,428.90016837466146,19.042360563893
2655,4558.325311705037,446.06868485724226,36.2108770464738
2656,4548.202279748877,439.54157880526327,29.683770994494807
2657,4522.87254379147,423.4151886566351,13.557380845866646
2658,4546.12034412869,438.20498255942084,28.347174748652378
2659,4555.148365513641,444.0152427303465,34.15743491957801
2660,4475.726143692351,394.19544883643766,-15.6623589743308
2661,4554.825177461754,443.80660463504864,33.94879682428018
2662,4518.221321978082,420.4861643046138,10.628356493845331
2663,4596.948987996757,471.39641527338017,61.53860746261171
2664,4441.136189576147,373.4308964488928,-36.42691136187568
2665,4504.398205376067,411.8408454182736,1.983037607505139
2666,4485.429252369547,400.1233385247938,-9.734469285974683
2667,4463.011540645332,386.49582835992305,-23.36197945084541
2668,4515.249510370025,418.6199889508207,8.762181140052235
2669,4519.688236465422,421.4088419859595,11.551034175191035
2670,4482.204190625667,398.148090285561,-11.709717525207452
2671,4485.871933383203,400.39485223780093,-9.46295557296753
2672,4514.946167014874,418.4297333183317,8.571925507563265
2673,4451.460251170637,379.56804468388236,-30.2897631268861
2674,4591.015934767368,467.4625283970463,57.604720586277836
2675,4500.998950795037,409.72857911840083,-0.1292286923676329
2676,4457.880724194957,383.4107237563653,-26.44708405440315
2677,4530.3286176240745,428.1314532934166,18.273645482648135
2678,4503.617107278813,411.3549976723448,1.4971898615763166
2679,4410.527903593893,355.5415129586995,-54.31629485206895
2680,4574.036330220072,456.29069777655513,46.43288996578667
2681,4436.858456405807,370.9031689481362,-38.95463886263224
2682,4529.504966456876,427.6091972028471,17.751389392078636
2683,4490.608230631317,403.3056260612311,-6.55218174953734
2684,4441.916742764712,373.8930888588361,-35.964718951932355
2685,4503.288118672118,411.1504505172884,1.2926427065199277
2686,4488.132210638445,401.782618651373,-8.07518915939545
2687,4538.469362277548,433.3101176643904,23.452309853621955
2688,4503.4601799979355,411.25742251522115,1.3996147044526879
2689,4525.218779920678,424.8965006152166,15.038692804448146
2690,4516.372087627962,419.3244376666876,9.466629855919109
2691,4463.322747217188,386.68336098924874,-23.174446821519723
2692,4479.3040767906205,396.37608644854345,-13.481721362225016
2693,4477.100882133744,395.032586379029,-14.825221431739465
2694,4475.353814774831,393.96887693056624,-15.888930880202224
2695,4476.1709590032,394.4662173698666,-15.391590440901837
2696,4522.376836108761,423.10254704260115,13.244739231832682
2697,4480.090691720604,396.8563217313963,-13.001486079372171
2698,4490.691539247818,403.35691992466263,-6.500887886105829
2699,4506.482550333323,413.138722055839,3.280914245070562
2700,4516.077948175385,419.1398001194784,9.28199230870996
2701,4537.922118213658,432.96103665261717,23.103228841848704
2702,4570.320891999716,453.8632932061364,44.00548539536794
2703,4457.216438241438,383.01222300600693,-26.84558480476153
2704,4526.552521292252,425.73970463864725,15.88189682787879
2705,4473.090423460638,392.5929687354592,-17.264839075309283
2706,4577.182395722746,458.35095615201044,48.49314834124198
2707,4497.070805465232,407.2944351325764,-2.5633726781920814
2708,4539.420814447677,433.9173661596419,24.059558348873452
2709,4498.353363315886,408.0883954597707,-1.7694123509977544
2710,4461.230574827258,385.42351687764904,-24.434290933119428
2711,4501.87120103849,410.2700696321176,0.4122618213491478
2712,4447.883130341484,377.43576960955124,-32.42203820121722
2713,4484.428242379792,399.5097227115507,-10.34808509921777
2714,4417.914044271865,359.81634056302346,-50.041467247745004
2715,4440.633266293684,373.1332552390786,-36.724552571689856
2716,4470.387322935154,390.9529721638678,-18.904835646900665
2717,4584.245679704385,462.9925975631704,53.13478975240196
2718,4516.7865852226205,419.5846949956449,9.726887184876432
2719,4467.3457586147,389.11180978014,-20.74599803062847
2720,4524.136036560963,424.2125861148065,14.354778304038064
2721,4483.039972765416,398.6595058787202,-11.198301932048253
2722,4516.787699908097,419.5853949992188,9.727587188450343
2723,4489.058823480064,402.35224099616516,-7.5055668146032986
2724,4434.056578692929,369.25236317899635,-40.605444631772116
2725,4515.23998299135,418.6140127676672,8.756204956898728
2726,4490.69871216646,403.3613365086803,-6.496471302088139
2727,4550.117568812886,440.7729360317453,30.91512822097684
2728,4554.226627171084,443.4203283770453,33.56252056627682
2729,4523.276037402908,423.66975527420027,13.811947463431807
2730,4428.784004865674,366.1562723820166,-43.70153542875187
2731,4477.075702080648,395.01724505148695,-14.84056275928151
2732,4515.873599498602,419.0115498762175,9.153742065449023
2733,4492.179096085017,404.2733748425794,-5.5844329681890486
2734,4483.86431183946,399.16424473876623,-10.693563072002235
2735,4547.945781902581,439.3768010494905,29.518993238722032
2736,4510.74119558201,415.79681786517494,5.939010054406481
2737,4456.46372988009,382.5609354430999,-27.296872367668584
2738,4445.3928797531735,375.9550247024613,-33.902783108307176
2739,4471.411813009328,391.5741285232125,-18.28367928755597
2740,4512.454657136388,416.86869373403215,7.010885923263686
2741,4435.072196627836,369.8503007877475,-40.007507023020935
2742,4538.724214195409,433.4727318822038,23.614924071435325
2743,4443.857624478526,375.0436355373363,-34.81417227343218
2744,4458.3136113961245,383.6705244214486,-26.187283389319873
2745,4505.3332196577885,412.42280656465573,2.5649987538872665
2746,4469.333630157615,390.314634224801,-19.543173585967452
2747,4501.0031913640605,409.73121078624354,-0.12659702452492638
2748,4483.73783757025,399.08678417732517,-10.771023633443292
2749,4447.72558639146,377.34200222073923,-32.51580559002923
2750,4490.89869423671,403.48448135033277,-6.373326460435692
2751,4495.612356621823,406.3925329189983,-3.46527489177015
2752,4537.841264119492,432.9094723784656,23.051664567697117
2753,4505.727905142597,412.6685854185803,2.810777607811815
2754,4437.218489859419,371.1155704573471,-38.74223735342139
2755,4490.566678802495,403.2800434547903,-6.577764355978161
2756,4478.914931834328,396.13861903494717,-13.719188775821294
2757,4485.640470301157,400.2528752038038,-9.604932606964667
2758,4438.7690773260465,372.03106036616737,-37.8267474446011
2759,4484.774190353074,399.7217338666237,-10.136073944144755
2760,4508.273603784509,414.2555995677558,4.397791756987317
2761,4559.504416129176,446.83197246294276,36.974164652174295
2762,4513.312177819811,417.4056408077249,7.547832996956458
2763,4511.072898945064,416.00421165974376,6.146403848975297
2764,4540.151357657469,434.38390531078494,24.526097500016476
2765,4550.669027928485,441.12778444383457,31.269976633066108
2766,4504.904286796411,412.1557840288242,2.2979762180557373
2767,4534.4445634900085,430.7459610283736,20.888153217605122
2768,4482.566313789913,398.36963288697734,-11.48817492379112
2769,4434.832466915771,369.7091162917818,-40.14869151898665
2770,4512.211963981284,416.7167907987723,6.858982988003845
2771,4471.434068834479,391.58762797950567,-18.270179831262794
2772,4474.56915059854,393.4916049683602,-16.366202842408256
2773,4513.827000429439,417.72816822169534,7.870360410926878
2774,4465.482026690095,387.9858213505554,-21.871986460213066
2775,4511.010535007532,415.965215382967,6.107407572198554
2776,4510.51440279792,415.6550478428585,5.797240032090031
2777,4520.177485027725,421.71679805143185,11.858990240663388
2778,4501.357264300466,409.95097584116365,0.09316803039519073
2779,4438.961771606715,372.14491175112425,-37.71289605964421
2780,4586.419647859048,464.42569831017636,54.567890499407895
2781,4479.646940229856,396.5853713377569,-13.272436473011567
2782,4407.736733529238,353.93309469021733,-55.92471312055113
2783,4537.95257528579,432.9804612696089,23.122653458840432
2784,4486.015885644792,400.4831638743017,-9.374643936466782
2785,4492.338320307937,404.3715318085169,-5.486276002251543
2786,4582.339454547113,461.73772714878714,51.87991933801868
2787,4479.318938622178,396.3851569947665,-13.472650816001988
2788,4478.440987743318,395.84950221923054,-14.008305591537919
2789,4463.60742805755,386.8549500229765,-23.00285778779198
2790,4536.540600585029,432.0803941086251,22.22258629785665
2791,4493.425536475973,405.0420883338634,-4.8157194769050875
2792,4387.462684139767,342.36604827628025,-67.49175953448821
2793,4471.986778296913,391.92295454070336,-17.934853270065105
2794,4447.051996559244,376.94122909702673,-32.91657871374173
2795,4564.458235766042,450.0456800924753,40.18787228170686
2796,4530.0565894902065,427.95893256481213,18.101124754043667
2797,4478.927638581312,396.1463719168364,-13.711435893932048
2798,4555.867025508172,444.47935278525256,34.621544974484095
2799,4507.059851726317,413.498555481282,3.6407476705135196
2800,4513.174585931366,417.31946283470324,7.461655023934782
2801,4532.311535841554,429.39005581580477,19.53224800503631
2802,4460.904242005921,385.2271987845679,-24.630609026200545
2803,4479.488033561592,396.4883672602282,-13.369440550540276
2804,4547.903902259318,439.34989984140293,29.492092030634467
2805,4577.755700976444,458.7268729819657,48.869065171197235
2806,4530.326473670214,428.1300934604119,18.272285649643436
2807,4483.850888737177,399.15602325115105,-10.701784559617408
2808,4555.919622229626,444.51332891946186,34.65552110869339
2809,4598.464628682285,472.40384794467946,62.54604013391099
2810,4452.708486595681,380.3135590844713,-29.544248726297155
2811,4522.658438948958,423.2801392676224,13.422331456853954
2812,4517.134018134342,419.802904995875,9.945097185106533
2813,4565.023940456687,450.41337716352746,40.555569352758994
2814,4521.241440301892,422.38688562440757,12.529077813639105
2815,4531.854414005377,429.0997494125636,19.241941601795133
2816,4491.952145324679,404.1334872159332,-5.7243205948352625
2817,4527.395341914453,426.272968598033,16.41516078726454
2818,4464.847400258897,387.60278729122683,-22.25502051954163
2819,4534.787595742352,430.9642126170488,21.106404806280352
2820,4489.155105884853,402.4114525959644,-7.4463552148040435
2821,4502.012083608167,410.3575626946772,0.4997548839087358
2822,4540.697754651671,434.73300520892644,24.87519739815798
2823,4447.281407691891,377.0776996505492,-32.78010816021924
2824,4532.388456547235,429.4389156669117,19.581107856143262
2825,4506.300634522489,413.02536584164045,3.1675580308719873
2826,4459.408662028271,384.32813087638715,-25.529676934381314
2827,4485.410355419354,400.1117503506921,-9.746057460076372
2828,4458.105630183295,383.545691583146,-26.312116227622482
2829,4572.660054413566,455.390813673559,45.53300586279056
2830,4519.705965516168,421.41999954124276,11.562191730474296
2831,4481.150800534879,397.5039935234827,-12.353814287285786
2832,4612.034079551314,481.46831400661176,71.6105061958433
2833,4502.682746397148,410.7741959432601,0.9163881324916474
2834,4503.940026591545,411.5558207049048,1.6980128941363546
2835,4512.613431548134,416.968086369699,7.110278558930531
2836,4493.9912087310595,405.3911959194238,-4.466611891344655
2837,4537.403552195544,432.63037606586886,22.772568255100396
2838,4566.263153601439,451.21934632963985,41.361538518871384
2839,4471.874293070069,391.8546983694964,-18.003109441272045
2840,4516.095049386507,419.15053380695144,9.29272599618298
2841,4441.507895074949,373.6509591168033,-36.206848693965185
2842,4553.562430271678,442.99187755193225,33.134069741163785
2843,4455.434705242556,381.94442432010646,-27.913383490662
2844,4468.450593861682,389.78009140229915,-20.077716408469314
2845,4557.909005947555,445.79934186458286,35.941534053814394
2846,4527.330404720771,426.23187027113227,16.374062460363803
2847,4475.08884606722,393.80767684026387,-16.050130970504597
2848,4546.297184749277,438.3184367252584,28.460628914489916
2849,4510.122811179729,415.4103173489534,5.55250953818495
2850,4571.740271876288,454.7898837540829,44.93207594331443
2851,4455.825539046214,382.1785211930837,-27.67928661768474
2852,4575.907163212189,457.5153124849685,47.65750467420003
2853,4468.291609564161,389.68389053262626,-20.1739172781422
2854,4492.090622847485,404.2188389219282,-5.638968888840282
2855,4520.936562549154,422.1948173973001,12.337009586531622
2856,4425.767309464093,364.3909660382951,-45.466841772473344
2857,4509.508056851006,415.026262996681,5.168455185912535
2858,4480.094911894459,396.8588989791406,-12.998908831627887
2859,4482.377740062633,398.2542579641854,-11.603549846583064
2860,4482.869643008148,398.55525405101616,-11.3025537597523
2861,4462.053847458437,385.91901598852655,-23.93879182224191
2862,4488.1868769281045,401.81621269754896,-8.0415951132195
2863,4501.490017171102,410.03338773956875,0.17557992880028905
2864,4490.443243746628,403.2040518490944,-6.653755961674051
2865,4464.094807183654,387.14880420126246,-22.709003609506
2866,4568.23160210749,452.5010247513378,42.643216940569346
2867,4465.552384273532,388.02829816347503,-21.829509647293435
2868,4497.1991201329965,407.3738327105375,-2.483975100230964
2869,4559.610583108768,446.9007300665271,37.04292225575864
2870,4549.812898459971,440.5769486973054,30.719140886536934
2871,4511.410505841253,416.21534939202957,6.357541581261103
2872,4476.200411036242,394.484148781793,-15.373659028975453
2873,4502.852557642719,410.87972066255907,1.0219128517906029
2874,4530.19626405053,428.04751015091915,18.18970234015069
2875,4570.336955208749,453.8737744214891,44.015966610720625
2876,4511.4948817204095,416.26812598341394,6.410318172645475
2877,4515.776411207883,418.9505608527511,9.092753041982633
2878,4452.059529217133,379.925872236975,-29.931935573793453
2879,4450.39413188458,378.93189680567093,-30.925911005097532
2880,4468.197026845705,389.6266645926048,-20.231143218163652
2881,4519.613350848379,421.3617152765428,11.503907465774319
2882,4487.506687832391,401.39831729649904,-8.459490514269419
2883,4506.097893616279,412.89905128147393,3.041243470705467
2884,4506.807962570282,413.341533119361,3.4837253085925113
2885,4481.114990653021,397.48210680325064,-12.375701007517819
2886,4506.669900988632,413.25548107246414,3.3976732616956724
2887,4536.088157411947,431.7921769498057,21.934369139037244
2888,4524.302217206448,424.3175187612287,14.459710950460249
2889,4485.246242732549,400.0111186802824,-9.846689130486084
2890,4523.1080396657635,423.5637552827957,13.70594747202722
2891,4449.478036388037,378.38570683201215,-31.472100978756316
2892,4528.343559506624,426.87331157398694,17.015503763218476
2893,4508.032500797676,414.1051633577936,4.2473555470251085
2894,4467.417826489136,389.1553836253411,-20.70242418542739
2895,4482.290244797497,398.2007315449464,-11.65707626582207
2896,4475.862209999086,394.2782652628616,-15.57954254790684
2897,4543.275662052781,436.3819093430807,26.524101532312216
2898,4482.710718980619,398.4579956394796,-11.399812171288886
2899,4528.805315327627,427.1658126135276,17.308004802759115
2900,4480.735323882577,397.2500949756254,-12.607712835143047
2901,4493.189664403209,404.8965633170387,-4.961244493729737
2902,4574.130709078768,456.35243895246094,46.49463114169248
2903,4503.3325205382325,411.17805420598006,1.3202463952115977
2904,4569.999728354567,453.65375885159983,43.79595104083137
2905,4492.13720951492,404.2475550178947,-5.61025279287378
2906,4498.248583113268,408.0235027774952,-1.8343050332732673
2907,4455.010470215848,381.69040465299213,-28.167403157776334
2908,4486.609804906232,400.84762462813524,-9.010183182633227
2909,4574.938802129272,456.8812443202273,47.02343650945886
2910,4433.891491451154,369.1552168461908,-40.70259096457767
2911,4527.699044889046,426.4652061352044,16.607398324435962
2912,4554.378489340178,443.5183176729106,33.660509862142135
2913,4433.29431704138,368.8039179933435,-41.05388981742499
2914,4531.9256334189495,429.1449727029967,19.287164892228247
2915,4459.4928288594,384.3786991627394,-25.47910864802907
2916,4511.654195551129,416.3677848733537,6.509977062585222
2917,4496.909717156255,407.1947691196533,-2.663038691115162
2918,4513.083282848909,417.26228182367595,7.404474012907485
2919,4476.658930302168,394.7633644871589,-15.09444332360954
2920,4519.240073842771,421.1268450221269,11.269037211358409
2921,4523.118120638007,423.57011561206446,13.712307801295992
2922,4426.3197966906455,364.7139363881911,-45.14387142257738
2923,4425.857597649768,364.443736048489,-45.41407176227949
2924,4514.68506549428,418.2660059481609,8.408198137392446
2925,4543.147852282562,436.30008676336865,26.44227895260019
2926,4460.640146884003,385.0683597055977,-24.789448105170777
2927,4576.788418048686,458.0927098660741,48.23490205530561
2928,4577.657560717342,458.6625118834504,48.80470407268194
2929,4513.181465592225,417.32377156503935,7.465963754270888
2930,4456.382131779875,382.5120295862953,-27.34577822447318
2931,4632.356414698284,495.19374476088296,85.3359369501145
2932,4520.74825103032,422.0762056548824,12.218397844113952
2933,4448.381535258458,377.7324906776498,-32.12531713311864
2934,4561.692232247052,448.2499129930575,38.392105182289015
2935,4541.514676042119,435.25520200337814,25.39739419260968
2936,4434.647356058027,369.60011777391264,-40.25769003685582
2937,4551.024165408402,441.3563787846447,31.498570973876213
2938,4552.800761425678,442.50079790113887,32.642990090370404
2939,4465.330429199794,387.8943058436389,-21.96350196712956
2940,4496.716235451952,407.07507735160834,-2.7827304591601205
2941,4537.349656456412,432.5960168552406,22.738209044472114
2942,4522.212840351081,422.9991404325742,13.14133262180576
2943,4527.850786238587,426.56127117661936,16.703463365850894
2944,4494.854997619699,405.9245793463738,-3.9332284643946878
2945,4460.441433514989,384.94886638694015,-24.90894142382831
2946,4459.461002901777,384.35957740318463,-25.498230407583833
2947,4492.61761473283,404.54373741252584,-5.31407039824262
2948,4549.586815787883,440.43154234507074,30.573734534302275
2949,4524.713485318276,424.577263812203,14.719456001434537
2950,4498.490255963161,408.1731838780097,-1.6846239327587682
2951,4594.319174550737,469.65080772569536,59.792999914926895
2952,4488.402678222805,401.9488427852143,-7.908965025554153
2953,4550.313335682839,440.8988906287341,31.041082817965616
2954,4482.503128215394,398.330972220298,-11.526835590470455
2955,4452.920102286842,380.4400222284744,-29.417785582294073
2956,4504.962575516822,412.19206529612666,2.3342574853581937
2957,4491.35792520926,403.7673379539924,-6.090469856776053
2958,4432.883523959472,368.5623624941436,-41.295445316624864
2959,4596.059966259353,470.805962103369,60.94815429260052
2960,4573.429289936326,455.8936769989182,46.03586918814972
2961,4538.451493365132,433.29871710697716,23.4409092962087
2962,4555.228222197323,444.0668025256591,34.20899471489065
2963,4496.880114921076,407.1764554233455,-2.681352387422976
2964,4558.576133069218,446.23100009939753,36.37319228862907
2965,4490.447817522366,403.2068675215032,-6.650940289265236
2966,4487.693833350489,401.51327411489183,-8.344533695876635
2967,4499.049446027137,408.5196260857406,-1.33818172502788
2968,4562.5110287806465,448.78113835105705,38.92333054028859
2969,4481.852425284707,397.93294419463473,-11.924863616133734
2970,4548.073315632344,439.4587267227671,29.600918911998633
2971,4510.1895377155615,415.45201393307843,5.59420612230997
2972,4460.613168989249,385.0521358360197,-24.805671974748748
2973,4455.48841828589,381.9765923343589,-27.88121547640958
2974,4509.872316378038,415.25380484242396,5.395997031655497
2975,4489.450014531233,402.59284236860367,-7.264965442164794
2976,4575.138905677686,457.01223464740815,47.154426836639686
2977,4561.666376695199,448.23314316027563,38.37533534950717
2978,4482.493738935163,398.32522746607447,-11.532580344693997
2979,4487.096057999339,401.1461402296891,-8.711667581079382
2980,4503.652673676572,411.3771139616342,1.5193061508657593
2981,4445.022256080882,375.73490283331375,-34.12290497745471
2982,4494.991971914774,406.0091923516766,-3.8486154590918886
2983,4532.960495801513,429.80235926382375,19.944551453055283
2984,4503.022985641766,410.98564226974713,1.1278344589786684
2985,4452.435691153488,380.1505664002839,-29.707241410484585
2986,4555.722789624618,444.3861865478052,34.528378737036746
2987,4511.279080624179,416.13315035868345,6.275342547914988
2988,4452.191611815369,380.0047618157723,-29.853045994996137
2989,4475.847400444217,394.2692510347274,-15.58855677604106
2990,4540.307752184927,434.48381374305427,24.626005932285807
2991,4498.411968826781,408.12469339630206,-1.7331144144663995
2992,4541.495963126066,435.2432368094378,25.38542899866934
2993,4528.675024160871,427.0832691772566,17.22546136648816
2994,4513.610532281657,417.59253961723243,7.734731806463969
2995,4506.712273342828,413.2818902774475,3.4240824666790104
2996,4415.936193681206,358.66899733830815,-51.18881047246032
2997,4454.506343982324,381.3886614354619,-28.469146375306536
2998,4445.518471839658,376.02963183654447,-33.828175974223996
2999,4523.295493130645,423.6820319223648,13.824224111596322
3000,4487.306424673351,401.2753211725785,-8.582486638189948
3001,4464.946078080489,387.6623324123466,-22.195475398421877
3002,4433.581485553002,368.9728284286043,-40.88497938216415
3003,4469.626746014792,390.4921534398318,-19.36565437093668
3004,4539.6822036143485,434.0842662346172,24.226458423848726
3005,4486.705553397248,400.90639670931205,-8.951411101456415
3006,4496.526355248785,406.9576307106354,-2.900177100133078
3007,4555.563691643751,444.2834314008046,34.42562359003614
3008,4489.47971017754,402.6111095839583,-7.246698226810167
3009,4565.074146696707,450.4460172243339,40.58820941356544
3010,4474.498727474117,393.44878448584086,-16.409023324927603
3011,4516.752435159584,419.56324961579685,9.705441805028386
3012,4488.361473305419,401.923516803226,-7.93429100754247
3013,4543.540664551505,436.5515852193362,26.693777408567712
3014,4430.805688544033,367.3418121491245,-42.515995661643956
3015,4483.0264482484445,398.6512275749242,-11.206580235844285
3016,4477.009203729233,394.97673138088976,-14.881076429878703
3017,4485.096863451837,399.9195324511702,-9.938275359598265
3018,4498.02082923351,407.8824676367003,-1.975340174068151
3019,4582.796402766326,462.03838917205667,52.180581361288205
3020,4551.720732835904,441.80491111191895,31.94710330115049
3021,4512.904728879268,417.1504688473924,7.29266103662394
3022,4550.748022585124,441.178626631126,31.320818820357545
3023,4549.662816987161,440.4804203462504,30.62261253548195
3024,4529.517739541964,427.6172938958707,17.759486085102253
3025,4477.041534510614,394.9964284271855,-14.861379383582971
3026,4472.152455125924,392.02349846329844,-17.834309347470025
3027,4449.717424787971,378.5283945940123,-31.329413216756166
3028,4534.653115988415,430.87864446593585,21.020836655167386
3029,4511.363601192612,416.18601226301826,6.328204452249793
3030,4546.392075324636,438.3793207753979,28.521512964629437
3031,4426.3446203631365,364.7284512041824,-45.12935660658604
3032,4490.121043680658,403.00572645909097,-6.852081351677498
3033,4410.669073152939,355.6229644982823,-54.23484331248619
3034,4443.698300173767,374.9491197869611,-34.90868802380737
3035,4504.182356649544,411.70655756107,1.848749750301522
3036,4533.242221369801,429.98140830062357,20.123600489855107
3037,4528.777074357467,427.14792042955014,17.290112618781677
3038,4505.598085420992,412.5877359151591,2.7299281043906376
3039,4547.634978969594,439.17717720986684,29.319369399098377
3040,4533.3308691866,430.0377554705283,20.17994765975982
3041,4523.403598854793,423.7502502997886,13.89244248902014
3042,4513.293638638029,417.39402864063095,7.536220829862486
3043,4448.7891183145475,377.9752312027208,-31.882576608047657
3044,4506.0148807518335,412.84733697247884,2.9895291617103794
3045,4521.544096927302,422.5775972862016,12.719789475433117
3046,4509.478811886177,415.0079972492463,5.15018943847781
3047,4543.9439082381,436.8098358990337,26.95202808826525
3048,4496.371054844458,406.861585361331,-2.9962224494374823
3049,4528.883567693018,427.21539165111244,17.357583840343977
3050,4501.909858834753,410.2940765630501,0.43626875228164863
3051,4478.177996240443,395.68911752957274,-14.168690281195722
3052,4470.948399238813,391.2930948931389,-18.56471291762955
3053,4551.722286844308,441.8059120130406,31.948104202272134
3054,4433.04831839102,368.65925539750515,-41.198552413263315
3055,4547.318804029549,438.9741482799377,29.116340469169245
3056,4551.4693694354255,441.64302819665545,31.785220385886987
3057,4521.0941174297395,422.29406912163176,12.436261310863301
3058,4463.848531664094,387.00030370130435,-22.857504109464116
3059,4451.873348838888,379.8146857577376,-30.043122053030856
3060,4479.518346141692,396.5068705513386,-13.350937259429884
3061,4545.233990706431,437.63654760017016,27.778739789401698
3062,4510.469103495015,415.62673376054727,5.768925949778804
3063,4463.935250603731,387.0525906163789,-22.80521719438957
3064,4514.887937292381,418.39321679926843,8.535408988499967
3065,4554.953474274108,443.88942256795326,34.0316147571848
3066,4578.177539689496,459.0035669485924,49.145759137823916
3067,4499.431082320339,408.7561506723282,-1.1016571384402596
3068,4515.415331278333,418.72400924209796,8.8662014313295
3069,4521.338418273828,422.44798928613955,12.590181475371082
3070,4457.622765269677,383.2559506321768,-26.601857178591672
3071,4546.976859291705,438.7546229005775,28.896815089809024
3072,4414.865876269322,358.04891383509766,-51.8088939756708
3073,4549.1648955001465,440.16024427166167,30.302436460893205
3074,4583.645693655223,462.5974513971214,52.73964358635294
3075,4495.068779502813,406.056642508197,-3.8011653025714622
3076,4510.095897711028,415.39350004581775,5.535692235049282
3077,4464.704119259292,387.51633561640983,-22.34147219435863
3078,4446.13504760084,376.39601554654337,-33.461792264225096
3079,4415.263690491873,358.2793197835699,-51.578488027198546
3080,4465.9555003201,388.27171624930133,-21.58609156146713
3081,4429.675156586367,366.67860809147714,-43.17919971929132
3082,4578.222400315846,459.0329967739999,49.17518896323145
3083,4449.140703807366,378.1846864248673,-31.67312138590114
3084,4556.207227242399,444.6991366042962,34.84132879352774
3085,4466.573938472886,388.6453063151075,-21.212501495660945
3086,4503.156983283357,411.06893186270327,1.211124051934803
3087,4611.12382987256,480.85773941253046,70.999931601762
3088,4512.175978513115,416.6942696454853,6.836461834716829
3089,4415.701605459267,358.53304143112246,-51.32476637964601
3090,4535.7296187483,431.5638461165627,21.70603830579421
3091,4449.429045849024,378.3565093794182,-31.50129843135028
3092,4471.776217132529,391.7951907122683,-18.06261709850014
3093,4498.882629998423,408.41626099272526,-1.4415468180432072
3094,4533.243546696528,429.98225069074897,20.124442879980506
3095,4525.485933242048,425.0653314968754,15.207523686106924
3096,4480.757860040561,397.2638647558165,-12.593943054951978
3097,4466.53251152821,388.6202751264286,-21.23753268433984
3098,4448.127871159994,377.581458901288,-32.276348909480475
3099,4505.622914835192,412.60319863848827,2.7453908277198025
3100,4556.914348637241,445.1561332052661,35.298325394497624
3101,4530.666126341621,428.34554943465446,18.487741623885995
3102,4508.647700119909,414.4890708665689,4.631263055800446
3103,4526.182882145788,425.50593271339994,15.64812490263148
3104,4495.8774908856485,406.5564168571641,-3.3013909536043684
3105,4386.892923614682,342.0439347094516,-67.81387310131686
3106,4494.682988052004,405.81833658044934,-4.039471230319123
3107,4498.477229603827,408.1651152457325,-1.6926925650359408
3108,4505.329833567486,412.42069829201637,2.562890481247905
3109,4489.199126294451,402.43852566013265,-7.419282150635809
3110,4506.563149247096,413.1889501804708,3.33114236970232
3111,4535.0980752732785,431.1617995153506,21.30399170458213
3112,4566.262482228414,451.21890948924283,41.36110167847437
3113,4548.719238765962,439.87377167299655,30.01596386222809
3114,4538.65751524085,433.4301701739096,23.57236236314111
3115,4548.159655008992,439.51419400321356,29.656386192445098
3116,4428.764458452675,366.14481989015167,-43.7129879206168
3117,4502.193164533838,410.47003406279373,0.6122262520252661
3118,4533.86565483465,430.37775785965505,20.519950048886585
3119,4471.693972608356,391.745292326083,-18.112515484685446
3120,4522.901987190868,423.43376212430303,13.575954313534567
3121,4467.701836651289,389.3271267578107,-20.53068105295779
3122,4535.122492119419,431.17734010005233,21.31953228928387
3123,4454.397236374601,381.32337156708354,-28.534436243684922
3124,4521.995489195728,422.86211011542036,13.004302304651901
3125,4513.3972078505,417.45890211379447,7.601094303026002
3126,4477.592607985232,395.3322383950599,-14.52556941570856
3127,4488.023287062897,401.7156861268645,-8.142121683903952
3128,4539.2657598102805,433.8183767637047,23.960568952936228
3129,4482.723998877842,398.4661222182931,-11.391685592475369
3130,4451.7640062486735,379.74939443723406,-30.108413373534404
3131,4435.065673210409,369.84645856740326,-40.0113492433652
3132,4484.862231434939,399.77569813818536,-10.082109672583101
3133,4483.711033403773,399.0703686460174,-10.78743916475105
3134,4490.037261155917,402.95416344129035,-6.9036443694781156
3135,4578.708377379227,459.35186899503606,49.49406118426759
3136,4548.742728268373,439.8888686972082,30.031060886439718
3137,4475.982455197292,394.3514595660017,-15.506348244766741
3138,4499.616726555515,408.87123115252734,-0.9865766582411197
3139,4544.244667892351,437.00250086083497,27.144693050066508
3140,4442.304131343136,374.122584969065,-35.73522284170349
3141,4559.250389476462,446.6674762759503,36.80966846518186
3142,4508.401460587975,414.3353868673562,4.477579056587729
3143,4530.723272858653,428.3818051097478,18.52399729897934
3144,4439.193123635687,372.28162754484674,-37.57618026592172
3145,4488.577496714628,402.05630128708344,-7.8015065236850205
3146,4528.847039047173,427.1922475242136,17.334439713445136
3147,4506.109324293059,412.90617247368345,3.0483646629149916
3148,4504.13805410704,411.67899793797505,1.8211901272065916
3149,4458.945120922158,384.0496918300205,-25.80811598074797
3150,4495.1338268520885,406.09682960770397,-3.7609782030644965
3151,4497.8763734335935,407.79302696999457,-2.064780840773892
3152,4502.177953862004,410.4605859530966,0.602778142328134
3153,4515.043966610176,418.4910681116412,8.633260300872735
3154,4597.231769655773,471.5843008099382,61.72649299916975
3155,4473.416070537658,392.7907777623009,-17.067030048467586
3156,4550.248301251273,440.8570461377658,30.99923832699733
3157,4467.7121250610835,389.33334896446695,-20.524458846301513
3158,4508.456366629025,414.36965258522287,4.511844774454403
3159,4574.742114525414,456.75250760478184,46.89469979401338
3160,4453.514431059793,380.79531338251627,-29.062494428252194
3161,4520.777645829398,422.09471946633766,12.236911655569202
3162,4467.79576017456,389.38393154693085,-20.47387626383761
3163,4504.81665010444,412.10123839256084,2.2434305817923814
3164,4617.038139651746,484.8313725628086,74.97356475204015
3165,4440.151520774619,372.8482628962097,-37.009544914558774
3166,4486.367702805069,400.69903757012617,-9.158770240642298
3167,4512.150179002384,416.67812364638985,6.820315835621386
3168,4405.485354921835,352.63853900709955,-57.21926880366891
3169,4547.66906240694,439.19906631259937,29.341258501830907
3170,4499.189728320859,408.6065600851475,-1.2512477256209422
3171,4517.076621626516,419.7668524557016,9.909044644933147
3172,4497.683137895043,407.6733994144779,-2.1844083962905643
3173,4576.322544378414,457.78742652630854,47.92961871554007
3174,4478.594624489848,395.9432124479399,-13.91459536282855
3175,4477.59717838958,395.3350240872146,-14.522783723553857
3176,4495.3970627720755,406.25948058219774,-3.5983272285707244
3177,4557.721353263414,445.67795935720915,35.820151546440684
3178,4498.364992266311,408.09559784323847,-1.7622099675299978
3179,4484.091781032946,399.303579883323,-10.554227927445481
3180,4479.616441558795,396.56675258688574,-13.291055223882722
3181,4461.50806309062,385.5904909603337,-24.26731685043478
3182,4420.51542322877,361.32832069733286,-48.52948711343561
3183,4518.435874539163,420.62105366958804,10.763245858819573
3184,4545.202113732176,437.61611099589936,27.7583031851309
3185,4576.801905505904,458.10154953762594,48.24374172685748
3186,4455.424641946997,381.9383977035909,-27.919410107177555
3187,4569.974983137693,453.6376164427993,43.779808632030836
3188,4439.279865127163,372.33289351369694,-37.52491429707152
3189,4395.9113393311045,347.16147632864113,-62.696331482127334
3190,4465.7911765244635,388.1724813495948,-21.685326461173645
3191,4578.550904485344,459.24853211888603,49.39072430811757
3192,4540.348891798601,434.5100965420579,24.652288731289445
3193,4383.603635389729,340.18750793856634,-69.67029987220212
3194,4468.2693999279745,389.6704525201708,-20.18735529059768
3195,4530.847198115866,428.46043264749596,18.6026248367275
3196,4493.767192299801,405.25292493022334,-4.604882880545119
3197,4516.879245098344,419.64288580178254,9.785077991014077
3198,4510.138346514878,415.42002500108174,5.562217190313277
3199,4448.175297225548,377.6096940429197,-32.248113767848736
3200,4532.6447547232865,429.60173536104367,19.743927550275203
3201,4554.10240083417,443.3401789409745,33.48237113020605
3202,4488.413039337347,401.95521121484626,-7.902596595922205
3203,4483.738410126109,399.0871348283504,-10.770672982418091
3204,4505.023895497883,412.230235064058,2.3724272532895156
3205,4520.552569408478,421.9529691660291,12.095161355260643
3206,4480.551057283434,397.1375156191848,-12.720292191583667
3207,4554.818411612344,443.80223736347807,33.94442955270961
3208,4562.402586247587,448.7107647203311,38.852956909562636
3209,4445.375106331343,375.9444671391093,-33.91334067165917
3210,4603.8481680159275,475.99041496785503,66.13260715708657
3211,4508.292369006527,414.26730927005156,4.409501459283092
3212,4476.618186833303,394.73854965527516,-15.119258155493299
3213,4516.138471089232,419.17778833623925,9.319980525470783
3214,4428.802228844777,366.1669502115046,-43.690857599263836
3215,4525.6040286924745,425.13997393313093,15.282166122362469
3216,4502.9808391608485,410.9594468119499,1.101639001181411
3217,4462.4877551294185,386.1803011054071,-23.67750670536134
3218,4539.430647063209,433.92364383314043,24.06583602237197
3219,4530.818631861686,428.4423074305978,18.58449961982933
3220,4594.427905913429,469.72292046567327,59.865112654904806
3221,4483.284875223563,398.8094247557101,-11.048383055058366
3222,4501.909919988217,410.29411454060255,0.4363067298340866
3223,4498.768054186869,408.34527337248846,-1.5125344382799994
3224,4463.131738602271,386.5682539560826,-23.28955385468589
3225,4500.209245176578,409.23864075200163,-0.6191670587668341
3226,4565.1026993295645,450.4645803581202,40.60677254735174
3227,4504.792093799571,412.0859550381906,2.2281472274221414
3228,4522.0346838425985,422.8868189904888,13.029011179720328
3229,4472.33997517611,392.1373141726949,-17.72049363807355
3230,4482.694708208517,398.4481980244386,-11.409609786329838
3231,4520.271219050142,421.7758113580908,11.918003547322314
3232,4464.093220189024,387.14784717365046,-22.709960637118
3233,4481.688601032254,397.8327663874052,-12.025041423363291
3234,4495.922939516165,406.58451274864865,-3.2732950621198142
3235,4499.183281196381,408.60256455013814,-1.2552432606303228
3236,4463.948255673498,387.06043229437364,-22.797375516394823
3237,4509.479580877984,415.00847753911376,5.150669728345292
3238,4461.120643797319,385.3573779026751,-24.500429908093338
3239,4512.875725053108,417.1323076540898,7.274499843321337
3240,4484.915668337281,399.8084537733148,-10.049354037453668
3241,4481.941681328148,397.9875292442148,-11.87027856655368
3242,4399.1387300279575,349.00270672770694,-60.85510108306153
3243,4505.329270773772,412.4203478817435,2.5625400709750465
3244,4436.018641740631,370.4079664359638,-39.44984137480469
3245,4604.64888042833,476.5249455927533,66.66713778198482
3246,4483.377905650782,398.8663815014347,-10.991426309333747
3247,4568.638664075277,452.766285077435,42.90847726666652
3248,4613.647956811241,482.5517543722385,72.69394656147006
3249,4469.529839711183,390.43345969988513,-19.42434811088333
3250,4567.327813585849,451.9123413204575,42.05453350968901
3251,4592.648889006215,468.54369913204346,58.685891321274994
3252,4457.3533125959875,383.0943156205808,-26.763492190187662
3253,4449.435040295639,378.36008189600716,-31.497725914761304
3254,4521.517255949538,422.5606823818862,12.702874571117718
3255,4493.760418123393,405.24874403445847,-4.609063776309995
3256,4555.935298070962,444.5234553542791,34.66564754351066
3257,4529.244638425591,427.444195067691,17.586387256922535
3258,4515.831921849669,418.98539516668006,9.1275873559116
3259,4514.209235246017,417.9677117059482,8.109903895179741
3260,4435.4858671431575,370.09399052478193,-39.76381728598653
3261,4462.308571641111,386.0723916480342,-23.785416162734236
3262,4527.618135524743,426.4139880544881,16.55618024371961
3263,4577.873143874228,458.8038985549729,48.94609074420441
3264,4501.930895192165,410.3071406753211,0.44933286455261623
3265,4550.444635558674,440.9833775453217,31.12556973455321
3266,4432.076319608369,368.0879484569332,-41.76985935383527
3267,4543.73617846126,436.6767895373446,26.818981726576112
3268,4518.841235155443,420.8759626795927,11.01815486882424
3269,4439.433724153179,372.4238363090035,-37.43397150176497
3270,4485.215083287772,399.9920135763691,-9.865794234399345
3271,4430.302375992546,367.04647666322035,-42.81133114754812
3272,4475.338360916643,393.9594742833865,-15.898333527381965
3273,4421.612494349171,361.9669604603055,-47.89084735046299
3274,4470.6293545259305,391.0996724856691,-18.758135325099374
3275,4408.526492581934,354.3878046259779,-55.470003184790585
3276,4514.555985717143,418.1850764100668,8.32726859929835
3277,4469.577811498506,390.46251445709777,-19.395293353670695
3278,4496.066538923005,406.6732908782383,-3.1845169325301868
3279,4545.812330908608,438.0074072164175,28.14959940564904
3280,4498.919156936645,408.43889325084683,-1.4189145599216317
3281,4489.9853305284505,402.9222049858031,-6.935602824965372
3282,4428.809428579847,366.171168739158,-43.68663907161044
3283,4443.610716874034,374.89716811199696,-34.9606396987715
3284,4558.490104920083,446.1753250736201,36.31751726285165
3285,4492.168056292759,404.26656958560807,-5.591238225160396
3286,4448.436190499856,377.765036528398,-32.09277128237045
3287,4589.668813435953,466.5714955952767,56.71368778450824
3288,4504.559430268748,411.94116394074126,2.083356129972799
3289,4459.75137026274,384.5340548012805,-25.323753009487973
3290,4446.777453269606,376.77794417457335,-33.079863636195114
3291,4516.783234233536,419.5825906348218,9.724782824053364
3292,4515.580115158969,418.82739170110654,8.969583890338072
3293,4457.182220700784,382.9917018926276,-26.866105918140875
3294,4543.239971205869,436.35905965486836,26.501251844099897
3295,4537.723231805664,432.8342032849646,22.976395474196124
3296,4452.323593736047,380.0835996894084,-29.77420812136006
3297,4539.165172260555,433.75416594428634,23.89635813351788
3298,4526.6213794769255,425.78325980446016,15.925451993691695
3299,4503.517977799994,411.29335902316825,1.435551212399787
3300,4502.633836800075,410.7438048776621,0.8859970668936512
3301,4512.326212441499,416.78829608944534,6.930488278676876
3302,4494.142699673682,405.48471500696724,-4.373092803801228
3303,4501.223527814169,409.86796170249045,0.01015389172198411
3304,4493.296374982497,404.9623968450878,-4.8954109656806395
3305,4486.517273580513,400.79083143120715,-9.06697637956131
3306,4517.2617576347375,419.8831476751602,10.025339864391754
3307,4548.031471039847,439.43184559248584,29.57403778171738
3308,4522.856920975114,423.40533364429893,13.547525833530472
3309,4520.119507171432,421.68029824817404,11.822490437405577
3310,4477.829829380795,395.4768395879714,-14.380968222797037
3311,4488.316261591612,401.8957290299718,-7.9620787807966735
3312,4504.494502053258,411.9007623680027,2.042954557234225
3313,4517.018790066898,419.7305281978165,9.872720387048048
3314,4428.770960718621,366.14862962967345,-43.70917818109501
3315,4530.109627840655,427.9925668988153,18.13475908804685
3316,4494.014105888022,405.40533020259954,-4.45247760816892
3317,4508.579419526464,414.4464524653322,4.588644654563723
3318,4626.4193590362875,491.16546831993355,81.30766050916509
3319,4512.423684931931,416.8493065350808,6.9914987243123505
3320,4562.658131109449,448.87660870011314,39.018800889344675
3321,4554.583592827237,443.6506776527385,33.79286984197006
3322,4457.317751692034,383.0729865227927,-26.784821287975774
3323,4512.817179078085,417.0956493852509,7.237841574482445
3324,4519.0833062988795,421.02822437576015,11.170416564991683
3325,4534.797331463405,430.9704076843864,21.11259987361791
3326,4543.9403580924,436.8075619427191,26.949754131950613
3327,4422.522174214049,362.496962205028,-47.36084560574045
3328,4555.237761872031,444.07296204950353,34.21515423873507
3329,4576.1430283756,457.66981704505315,47.81200923428469
3330,4490.761886437395,403.4002358790117,-6.457571931756775
3331,4477.564090357263,395.31485693422064,-14.54295087654782
3332,4509.087823443915,414.76383310782603,4.9060252970575675
3333,4464.52552170872,387.4085887467304,-22.44921906403806
3334,4537.244517964764,432.5289935902956,22.67118577952715
3335,4545.63319305254,437.89251903606055,28.034711225292085
3336,4463.163557292094,386.5874275542883,-23.270380256480166
3337,4510.546533090909,415.67513128906285,5.817323478294384
3338,4528.088783420436,426.71196487219504,16.854157061426577
3339,4393.736286716075,345.92352655628156,-63.934281254486905
3340,4532.867147336185,429.74304026460595,19.88523245383749
3341,4512.383044684738,416.8238682584565,6.966060447688051
3342,4542.188625125378,435.6862376560957,25.828429845327264
3343,4528.700409192182,427.0993507548046,17.241542944036155
3344,4519.45879108687,421.26445660717536,11.406648796406898
3345,4527.664186731451,426.44313949321895,16.585331682450487
3346,4494.978458363853,406.00084424448005,-3.856963566288414
3347,4527.139155869431,426.1108414559153,16.253033645146843
3348,4498.357977673006,408.0912533514593,-1.7665544593091909
3349,4479.57571936866,396.54189329891824,-13.315914511850224
3350,4494.452608538942,405.6760631448019,-4.181744665966562
3351,4527.437672688599,426.29976051988024,16.441952709111774
3352,4557.196997265116,445.3388661247877,35.481058314019265
3353,4469.096226387647,390.1708859883074,-19.686921822461045
3354,4489.142894952799,402.4039428932815,-7.453864917486953
3355,4532.327091691256,429.3999366347357,19.542128823967232
3356,4412.534883998675,356.7004180613135,-53.15738974945498
3357,4503.914177246834,411.53974323351304,1.6819354227445729
3358,4520.937595477939,422.19546805340724,12.337660242638776
3359,4545.055588077824,437.5221781086793,27.664370297910864
3360,4557.247397791017,445.37145397705626,35.5136461662878
3361,4497.816520835518,407.75597175968915,-2.1018360510793173
3362,4484.7922250306665,399.7327878180795,-10.125019992688976
3363,4553.364109902527,442.8639867284928,33.006178917724355
3364,4498.348165216259,408.0851760404912,-1.7726317702772576
3365,4537.693729669114,432.81539080110997,22.957582990341507
3366,4428.376827985208,365.9177409009985,-43.94006690976994
3367,4488.870555171834,402.23647274163113,-7.621335069137331
3368,4472.740240580578,392.3803124071628,-17.477495403605644
3369,4439.182264876113,372.2752100571947,-37.58259775357374
3370,4506.455007732488,413.12155858738515,3.263750776616689
3371,4522.399016681482,423.11653383751855,13.258726026750082
3372,4473.607091361521,392.9068338472648,-16.950973963503657
3373,4539.530279707384,433.9872572051063,24.129449394337826
3374,4428.935797582389,366.24521602926643,-43.61259178150203
3375,4557.591301354424,445.5938450882113,35.73603727744285
3376,4466.352540528933,388.5115417395841,-21.346266071184345
3377,4435.293311926471,369.9805475195403,-39.87726029122814
3378,4505.696600632861,412.6490887817704,2.7912809710019246
3379,4396.99658821736,347.78003466296104,-62.07777314780742
3380,4449.121403910456,378.17318705876096,-31.684620752007504
3381,4534.206958075907,430.59481821733834,20.73701040656988
3382,4538.438448192115,433.2903942395851,23.43258642881665
3383,4527.308946306186,426.2182898092774,16.36048199850893
3384,4569.234822619859,453.1549040668451,43.29709625607666
3385,4468.06067677474,389.5441754525773,-20.31363235819117
3386,4481.388424502752,397.6492428977999,-12.20856491296854
3387,4545.706526405686,437.93954883703645,28.08174102626799
3388,4469.843488269064,390.6234451187861,-19.23436269198237
3389,4430.16941879766,366.96848026533644,-42.889327545432025
3390,4491.48894197374,403.8480541084241,-6.009753702344369
3391,4488.766944421863,402.1727685151741,-7.685039295594379
3392,4518.412952409093,420.60664148611477,10.748833675346305
3393,4479.114420286946,396.2603435970891,-13.597464213679359
3394,4415.224136752129,358.25640756663734,-51.60140024413113
3395,4510.796211138407,415.83121216394375,5.973404353175283
3396,4465.833517172582,388.1980495654175,-21.659758245350986
3397,4441.39968769775,373.58688962788574,-36.270918182882724
3398,4496.054218980324,406.6656738812121,-3.1921339295563484
3399,4489.973953346038,402.9152035621596,-6.942604248608859
3400,4448.701117402112,377.922814488541,-31.934993322227456
3401,4460.180713892486,384.7921153681623,-25.065692442606178
3402,4506.171459180606,412.9448829311891,3.08707512042065
3403,4533.8716815824155,430.3815902555266,20.523782444758126
3404,4466.959009193739,388.8780150058128,-20.97979280495565
3405,4499.152817835392,408.5836854794925,-1.2741223312759757
3406,4515.0141137586625,418.4723454908499,8.614537680081412
3407,4553.5321158794395,442.972327556457,33.11451974568854
3408,4528.59433797107,427.0321559454069,17.17434813463842
3409,4440.957154270431,373.32492525961834,-36.532882551150124
3410,4479.513104688166,396.503671051697,-13.35413675907148
3411,4520.547238953658,421.94961239798613,12.091804587217666
3412,4521.056179309006,422.27016894166627,12.412361130897807
3413,4455.58558531512,382.0347878908806,-27.823019919887884
3414,4535.966625695095,431.714774378273,21.856966567504514
3415,4475.999189755623,394.3616465850023,-15.496161225766173
3416,4546.839583566689,438.666508174093,28.808700363324533
3417,4485.475460581177,400.15167549398075,-9.706132316787716
3418,4551.392243105477,441.5933631112548,31.73555530048634
3419,4416.084602971915,358.75502213297796,-51.10278567779051
3420,4467.149277898701,388.99302580835274,-20.864782002415723
3421,4560.964408218093,447.77796410796236,37.9201562971939
3422,4571.936053560506,454.9177637578973,45.059955947128856
3423,4442.397670216325,374.17801005032106,-35.6797977604474
3424,4586.935972304197,464.76637326705077,54.908565456282304
3425,4630.396337969392,493.86216011694705,84.00435230617859
3426,4516.794275940213,419.58952464763115,9.731716836862688
3427,4466.659144231226,388.6967923387324,-21.16101547203607
3428,4511.106055074081,416.02494498423584,6.167137173467381
3429,4506.315026935053,413.0343335425255,3.1765257317570104
3430,4569.206123137864,453.13619201662186,43.2783842058534
3431,4521.258981723498,422.3979377600949,12.540129949326456
3432,4548.930926019028,440.00983505339264,30.152027242624172
3433,4530.374829168456,428.16076413390556,18.302956323137096
3434,4473.653435187306,392.934993003144,-16.92281480762449
3435,4524.814880522124,424.6413141405196,14.783506329751162
3436,4535.942044729561,431.6991197857351,21.84131197496663
3437,4487.705944085095,401.52071387936985,-8.337093931398613
3438,4509.983064914372,415.32299839082816,5.465190580059698
3439,4517.478032066829,420.01902305353906,10.161215242770595
3440,4470.285442419669,390.89122867752576,-18.966579133242703
3441,4516.0951086499135,419.15057100425474,9.29276319348628
3442,4475.959187411313,394.3372957227789,-15.520512087989573
3443,4477.695190491865,395.3947655192719,-14.46304229149655
3444,4478.871616101323,396.11219099512846,-13.745616815640005
3445,4549.02425608456,440.0698300644299,30.212022253661416
3446,4456.272696520853,382.44644455988237,-27.411363250886097
3447,4478.037275641966,395.6033129764746,-14.254494834293837
3448,4475.921353328782,394.3142654621124,-15.543542348656047
3449,4531.045102792518,428.5860130172009,18.72820520643245
3450,4426.4918656854425,364.81455421187866,-45.043253598889805
3451,4453.836544775707,380.98794505877004,-28.869862751998426
3452,4553.260437457266,442.79713861747086,32.9393308067024
3453,4464.677203237158,387.50009635533434,-22.357711455434128
3454,4533.629387277155,430.22752902184993,20.36972121108147
3455,4532.713007903353,429.64509997379446,19.787292163025995
3456,4414.206675568083,357.66728982140876,-52.190517989359705
3457,4516.4987522153,419.4039601225445,9.54615231177604
3458,4477.635964460487,395.3586648589544,-14.499142951814065
3459,4484.9542023163785,399.8320750887365,-10.02573272203199
3460,4494.758328784218,405.86486952710266,-3.992938283665808
3461,4573.445506532537,455.9042809425455,46.04647313177702
3462,4538.196945360564,433.1363286860378,23.27852087526935
3463,4479.214638604155,396.32150231624064,-13.536305494527824
3464,4484.641880284046,399.6406420986141,-10.217165712154383
3465,4492.095717044849,404.2219789433161,-5.6358288674523465
3466,4436.869033397656,370.90940793697655,-38.948399873791914
3467,4522.192846580868,422.98653432624224,13.128726515473772
3468,4608.591636182397,479.16110573752394,69.30329792675548
3469,4495.175126761018,406.12234626592635,-3.73546154484211
3470,4495.9664136467245,406.6113889358735,-3.246418874894971
3471,4512.391779277712,416.82933550736243,6.9715276965939665
3472,4519.4519196365045,421.26013291874824,11.402325107979777
3473,4463.49707791226,386.78843275780764,-23.069375052960822
3474,4554.848784274654,443.82184270184644,33.96403489107797
3475,4471.728602564248,391.76630219255094,-18.091505618217525
3476,4401.780461178573,350.5136664168672,-59.34414139390128
3477,4561.379583397168,448.0471501766474,38.18934236587893
3478,4559.9043794563095,447.09102989926305,37.233222088494585
3479,4525.862658560503,425.30346396264304,15.445656151874573
3480,4542.5399092139205,435.91098993759806,26.053182126829597
3481,4469.140795708609,390.1978707008361,-19.659937109932343
3482,4508.091019877947,414.14167383615313,4.283866025384668
3483,4524.42839584191,424.3972012014483,14.539393390679834
3484,4459.627985644308,384.4599098702256,-25.39789794054286
3485,4413.780848917825,357.42088442811473,-52.43692338265373
3486,4531.549760614304,428.90632536663315,19.04851755586469
3487,4441.132003143093,373.428418316656,-36.429389494112456
3488,4435.764012028912,370.2578902156697,-39.59991759509876
3489,4492.320944641634,404.3608196478035,-5.4969881629649535
3490,4569.997214143313,453.6521187068747,43.79431089610625
3491,4490.027193652639,402.9479677326626,-6.909840078105844
3492,4470.531527452142,391.04037410844603,-18.817433702322433
3493,4491.513977260527,403.8634786470566,-5.994329163711882
3494,4475.890176144666,394.29528788419293,-15.562519926575533
3495,4527.620061918858,426.41520748517087,16.557399674402404
3496,4568.004744021368,452.3532259542653,42.49541814349686
3497,4494.343569895454,405.60873385367404,-4.249073957094424
3498,4538.249438447133,433.1698141150596,23.312006304291117
3499,4509.41768151687,414.9698178878393,5.112010077070863
3500,4520.436378247807,421.8798026479485,12.021994837180046
3501,4535.835924870055,431.6315396613627,21.77373185059423
3502,4466.424910025118,388.5552634736564,-21.302544337112067
3503,4445.799861604057,376.1968173205378,-33.66099049023069
3504,4505.853226598629,412.74664097782534,2.888833167056873
3505,4437.224021097879,371.1188341007728,-38.73897370999566
3506,4463.91326078427,387.03933158109976,-22.818476229668704
3507,4473.931771882972,393.10413586204504,-16.753671948723422
3508,4395.505547426138,346.93033786622027,-62.92746994454819
3509,4510.190369908783,415.45253397344504,5.594726162676579
3510,4517.524347945988,420.0481240433646,10.19031623259616
3511,4454.335923461551,381.2866845131607,-28.571123297607755
3512,4473.433946044488,392.8016374162421,-17.05617039452636
3513,4546.100843960176,438.19247287362623,28.334665062857766
3514,4526.921805966758,425.97331555421215,16.115507743443686
3515,4451.614497115866,379.66012798342126,-30.1976798273472
3516,4545.780162205727,437.98677507616094,28.128967265392475
3517,4513.217704513824,417.34646835977946,7.488660549011001
3518,4428.218153167112,365.82480833867794,-44.03299947209052
3519,4373.018913419244,334.2503841866246,-75.60742362414385
3520,4509.246370308982,414.86283369987086,5.005025889102399
3521,4483.325305559959,398.83417723122193,-11.023630579546534
3522,4472.888946925356,392.4706104737302,-17.387197337038288
3523,4500.551251100006,409.45078737193353,-0.4070204388349339
3524,4453.277314709372,380.653544195407,-29.20426361536147
3525,4465.381979493551,387.9254241923268,-21.93238361844169
3526,4500.016697165612,409.1192272447197,-0.7385805660487677
3527,4546.5410676599195,438.4749261054849,28.61711829471642
3528,4516.361470055311,419.31777209065467,9.459964279886208
3529,4526.816344790338,425.906593965316,16.048786154547543
3530,4444.670961662488,375.5263226025286,-34.33148520823988
3531,4527.57717937755,426.38806272620695,16.53025491543849
3532,4493.737252730658,405.2344469484751,-4.623360862293339
3533,4520.54817824812,421.9502039025824,12.092396091813953
3534,4510.960009257425,415.9336228783786,6.075815067610165
3535,4507.780012047457,413.9476521871861,4.089844376417659
3536,4528.928211458388,427.2436782614136,17.385870450645143
3537,4548.326767358066,439.6215621891952,29.76375437842671
3538,4477.4499082447555,395.2452669555605,-14.612540855207953
3539,4536.163125769631,431.8399270824075,21.98211927163902
3540,4488.567088445914,402.04990306322907,-7.807904747539396
3541,4519.331030412345,421.1840699871059,11.326262176337423
3542,4546.600286590159,438.51292849775155,28.655120686983082
3543,4490.794936293161,403.4205869824,-6.437220828368481
3544,4506.2082846264,412.96782628878873,3.1100184780202653
3545,4539.457394316043,433.9407209504511,24.08291313968266
3546,4436.959826242666,370.9629656291245,-38.89484218164398
3547,4482.521029072416,398.34192482923663,-11.515882981531831
3548,4561.3818197441005,448.04860036239097,38.19079255162251
3549,4465.330737528216,387.89449196238,-21.963315848388447
3550,4480.954149544096,397.38380949979273,-12.47399831097573
3551,4499.854278850638,409.0185129961178,-0.8392948146506569
3552,4494.0198701734835,405.40888850185047,-4.4489193089179935
3553,4430.349943550528,367.07438321906875,-42.78342459169971
3554,4533.50996459016,430.15160484964645,20.293797038877983
3555,4483.769114038802,399.105939088116,-10.751868722652489
3556,4551.136653470226,441.4287969101674,31.570989099398957
3557,4484.6824412240585,399.6655006860042,-10.192307124764284
3558,4445.85232420505,376.2279918059153,-33.62981600485318
3559,4570.784213878578,454.16565649654285,44.30784868577439
3560,4565.629508104059,450.807144444655,40.94933663388656
3561,4528.459742684132,426.9468989815073,17.08909117073881
3562,4555.004094653181,443.922101004091,34.064293193322555
3563,4529.111441550589,427.3597838144465,17.50197600367801
3564,4448.486922786117,377.79524765128326,-32.0625601594852
3565,4489.310966489103,402.507312809837,-7.35049500093146
3566,4565.717911604172,450.8646422112565,41.00683440048806
3567,4561.115294056194,447.8757845497462,38.01797673897772
3568,4520.721477729029,422.0593432983828,12.201535487614365
3569,4505.360111156326,412.4395501397735,2.58174232900501
3570,4491.082199220297,403.59749659192175,-6.260311218846709
3571,4485.763011070725,400.328037262766,-9.529770548002489
3572,4462.895066528921,386.4256532002182,-23.432154610550242
3573,4392.515559471308,345.2297705011315,-64.62803730963697
3574,4519.47874413712,421.2770116898819,11.419203879113411
3575,4369.3333636006,332.19629680809567,-77.6615110026728
3576,4505.393994235744,412.46064739749227,2.6028395867238032
3577,4513.470231672931,417.5046456376058,7.646837826837327
3578,4497.002083846736,407.2519152822674,-2.6058925285010446
3579,4579.445929208804,459.83601285436316,49.9782050435947
3580,4543.650706984278,436.62205266972023,26.76424485895177
3581,4586.515475721054,464.48891733595883,54.63110952519037
3582,4538.534760322593,433.35184356819445,23.49403575742599
3583,4525.8935573061935,425.32299833726665,15.46519052649819
3584,4509.300721560993,414.8967746766316,5.038966865863131
3585,4509.880138772953,415.25869193548215,5.400884124713684
3586,4482.031066818488,398.042197255686,-11.815610555082458
3587,4488.342151679601,401.9116413339889,-7.946166476779581
3588,4493.58426630565,405.14003401836453,-4.717773792403932
3589,4469.344006849654,390.32091793886,-19.536889871908443
3590,4514.818191363963,418.34948041845564,8.491672607687178
3591,4483.8669562622845,399.1658644258209,-10.691943384947535
3592,4587.436188784328,465.0965330564295,55.238725245661044
3593,4507.185997347801,413.57720316338555,3.7193953526170844
3594,4528.342388276272,426.87256977887864,17.01476196811018
3595,4539.764868665789,434.1370553766201,24.27924756585162
3596,4452.287809499245,380.0622235571709,-29.795584253597553
3597,4502.665793760501,410.7636619182658,0.9058541074973618
3598,4473.629356354371,392.92036223980267,-16.937445570965792
3599,4523.091174228182,423.55311457565176,13.695306764883298
3600,4530.644338435046,428.33172684999545,18.473919039226985
3601,4569.282538894371,453.18601587826697,43.32820806749851
3602,4498.009502517926,407.87545427816076,-1.9823535326077035
3603,4451.855833225378,379.80422633780563,-30.053581472962833
3604,4398.731899873126,348.7703246413953,-61.08748316937317
3605,4445.422532885201,375.9726392557236,-33.88516855504486
3606,4557.543144854799,445.56270063482316,35.704892824054696
3607,4558.50593075491,446.1855668619846,36.32775905121616
3608,4383.008759861975,339.85234603618073,-70.00546177458773
3609,4554.096198530434,443.33617746824393,33.47836965747547
3610,4571.0501990921375,454.33928172491596,44.4814739141475
3611,4536.32995439693,431.946195714585,22.08838790381651
3612,4578.825169194467,459.42851729014274,49.57070947937427
3613,4480.725455838113,397.24406559439194,-12.613742216376522
3614,4462.031736560773,385.90570394846327,-23.952103862305194
3615,4531.835925343844,429.0880097643999,19.230201953631422
3616,4494.846854262968,405.9195492370636,-3.938258573704843
3617,4505.9125816242495,412.7836123952384,2.9258045844699154
3618,4460.298558643854,384.8629624638402,-24.994845346928287
3619,4549.491548547956,440.3702776608329,30.512469850064463
3620,4388.775665474056,343.1089577338371,-66.74885007693138
3621,4520.0444804177105,421.63306767700396,11.775259866235501
3622,4489.225438337596,402.4547083111647,-7.403099499603741
3623,4528.439114202661,426.9338329812581,17.07602517048963
3624,4471.215402390183,391.4550043012782,-18.40280350949024
3625,4558.887331232779,446.43242691505975,36.57461910429129
3626,4405.24462391798,352.50026572169827,-57.35754208907019
3627,4518.2098991702405,420.4789833769705,10.621175566202055
3628,4517.553435496453,420.0664007160012,10.208592905232763
3629,4544.733662650349,437.3158365606073,27.45802874983883
3630,4462.328871551507,386.08461606314495,-23.773191747623514
3631,4476.794518849777,394.84595046947106,-15.0118573412974
3632,4519.301934271333,421.1657638468023,11.30795603603383
3633,4487.522103253792,401.40778581257655,-8.450021998191914
3634,4528.967156995952,427.2683551861496,17.410547375381157
3635,4532.2497917062265,429.35083806117564,19.493030250407173
3636,4500.040412317489,409.13393385232484,-0.7238739584436189
3637,4511.862428111347,416.4980627962136,6.640254985445154
3638,4450.675681920367,379.0998428098228,-30.75796500094566
3639,4514.270705916865,418.0062412445177,8.148433433749233
3640,4473.49272803429,392.8373494843863,-17.02045832638214
3641,4357.545398309785,325.67235781296176,-84.1854499978067
3642,4539.252168217591,433.80970019671986,23.951892385951396
3643,4532.211782788096,429.3266969760339,19.46888916526541
3644,4508.618911974675,414.47110202892236,4.6132942181538965
3645,4505.708841777258,412.65671258534485,2.7989047745763855
3646,4451.35728280512,379.50657999724217,-30.351227813526293
3647,4495.148931955308,406.10616202294295,-3.7516457878255096
3648,4435.924882632149,370.3527020715933,-39.50510573917518
3649,4522.65582831582,423.2784927084149,13.420684897646424
3650,4468.725199270274,389.94628275716104,-19.91152505360742
3651,4472.986103590068,392.52961204642634,-17.328195764342126
3652,4463.6175694162575,386.86106336200874,-22.996744448759728
3653,4507.564950224828,413.81351277381054,3.9557049630420806
3654,4497.726951446801,407.7005218062736,-2.1572860044948357
3655,4510.65647179739,415.7438535208107,5.886045710042254
3656,4522.492986038612,423.1757922856227,13.317984474854256
3657,4554.020412307337,443.2872847090571,33.42947689828861
3658,4526.910555922791,425.9661978005056,16.108389989737134
3659,4553.752680910629,443.1145812633631,33.25677345259464
3660,4546.6366576222445,438.5362695690619,28.67846175829345
3661,4493.372114771768,405.0091266631639,-4.848681147604566
3662,4532.623718181489,429.58837024128115,19.73056243051269
3663,4525.44447999489,425.0391324315224,15.181324620753912
3664,4471.560645277228,391.66440848350885,-18.193399327259613
3665,4487.994226455185,401.6978296039679,-8.159978206800588
3666,4559.787065859761,447.01503802387515,37.157230213106686
3667,4436.0632290546555,370.43424900877517,-39.423558801993295
3668,4433.697150957136,369.0408733560839,-40.81693445468454
3669,4514.285275871276,418.01537388453835,8.157566073769885
3670,4475.709535904191,394.1853411517968,-15.672466658971643
3671,4516.710932813286,419.5371879185118,9.679380107743327
3672,4458.332151143298,383.681653213991,-26.17615459677745
3673,4579.338067054334,459.76519478943055,49.90738697866209
3674,4510.610790636557,415.71529772932945,5.8574899185609866
3675,4542.51794843752,435.8969377306098,26.039129919841344
3676,4543.030174888457,436.2247574489679,26.366949638199458
3677,4414.236333209975,357.68445460151906,-52.1733532092494
3678,4615.606428952764,483.8680551225757,74.01024731180723
3679,4529.221348065109,427.42943460642573,17.571626795657266
3680,4460.147770338492,384.77231122619924,-25.085496584569228
3681,4499.851888058122,409.01703057826126,-0.8407772325072074
3682,4457.287911879639,383.0550893528216,-26.802718457946867
3683,4509.000808285601,414.7095036871574,4.851695876388931
3684,4532.862804138795,429.74028044429406,19.882472633525595
3685,4436.2560440538755,370.54791748185335,-39.30989032891512
3686,4470.279858294147,390.8878446277022,-18.969963183066284
3687,4475.2723440752725,393.9193087004055,-15.938499110362955
3688,4554.818022138347,443.8019859634951,33.944178152726636
3689,4476.709802063455,394.7943490729049,-15.063458737863584
3690,4530.053517007752,427.95698418617303,18.099176375404568
3691,4473.096246775361,392.59650556821134,-17.26130224255712
3692,4476.6411618096945,394.7525424797591,-15.105265331009377
3693,4438.514992561979,371.8809647031858,-37.97684310758268
3694,4465.615226134976,388.0662395371605,-21.791568273607936
3695,4472.6921743617395,392.3511277051707,-17.506680105597752
3696,4620.282395312025,487.0175448459827,77.15973703521422
3697,4482.059537422643,398.0596106260409,-11.798197184727542
3698,4559.277965833887,446.68533206479015,36.82752425402168
3699,4567.709153203369,452.1606823330312,42.302874522262755
3700,4515.556128211731,418.8123419322055,8.954534121437064
3701,4513.282964498996,417.3873428797374,7.529535068968926
3702,4494.143834435058,405.48541556399687,-4.3723922467715965
3703,4504.868729927725,412.13365277236517,2.275844961596704
3704,4517.715546188343,420.16826745610797,10.310459645339506
3705,4511.254030373645,416.11748376118385,6.259675950415385
3706,4506.877018029881,413.384577870635,3.5267700598665215
3707,4504.598411129165,411.9654207261201,2.1076129153516376
3708,4510.8774534261465,415.8820053229015,6.024197512133014
3709,4496.255705770673,406.7902552274368,-3.0675525833316897
3710,4481.99579303257,398.0206234151897,-11.837184395578788
3711,4452.893201809305,380.42394509777387,-29.433862712994596
3712,4526.641467018201,425.7959662775593,15.93815846679081
3713,4452.234042196939,380.0301061946734,-29.827701616095055
3714,4534.92004108789,431.0484944350146,21.190686624246155
3715,4534.9430295321245,431.06312399286617,21.205316182097704
3716,4457.516777456871,383.19236816074135,-26.66543965002711
3717,4464.059965792538,387.1277935872663,-22.730014223502167
3718,4427.36089289749,365.32294193776033,-44.53486587300813
3719,4545.932866611387,438.08471978009857,28.226911969330104
3720,4539.664690751538,434.0730830841094,24.21527527334092
3721,4491.984474005389,404.15341244011597,-5.704395370652492
3722,4475.249029415943,393.9051242281148,-15.952683582653663
3723,4524.80760094729,424.63671554768143,14.77890773691297
3724,4478.2513170138955,395.73382869956095,-14.123979111207518
3725,4550.734597787146,441.1699860221597,31.312178211391256
3726,4488.116451827262,401.7729346604574,-8.084873150311068
3727,4531.831702800382,429.0853286203137,19.22752080954524
3728,4509.373140071764,414.9420003460232,5.084192535254715
3729,4469.836648290462,390.6193014560622,-19.23850635470626
3730,4493.136805162589,404.8639545762144,-4.993853234554081
3731,4512.205374141743,416.71266656689977,6.854858756131307
3732,4503.261029646082,411.1336103051308,1.275802494362324
3733,4473.526141548993,392.8576500729714,-17.000157737797053
3734,4484.583264627148,399.60471969558375,-10.25308811518471
3735,4429.783507429433,366.7421428683874,-43.115664942381045
3736,4535.832356393227,431.6292672445834,21.771459433814925
3737,4558.22240828641,446.00210072208984,36.14429291132137
3738,4498.400049432353,408.117310863533,-1.7404969472354423
3739,4461.439679316982,385.54933868813123,-24.308469122637234
3740,4492.181672859158,404.2749632512523,-5.582844559516161
3741,4497.317022246446,407.44679413012045,-2.4110136806480114
3742,4445.798021816972,376.1957241009318,-33.66208370983668
3743,4466.564092363517,388.6393569767288,-21.218450834039686
3744,4500.198984471685,409.23227687683993,-0.6255309339285304
3745,4390.877195634483,344.29983206149336,-65.5579757492751
3746,4519.240089053119,421.1268545913358,11.26904678056735
3747,4487.926352670413,401.65612557330314,-8.20168223746532
3748,4479.261603376461,396.35016444533767,-13.507643365430795
3749,4553.365451396506,442.86485175738744,33.00704394661898
3750,4525.466181830275,425.0528482131858,15.195040402417362
3751,4527.2825175304715,426.2015640304435,16.343756219675015
3752,4451.674176172384,379.69575887624706,-30.16204893452141
3753,4599.529909938399,473.11253671263285,63.25472890186438
3754,4495.66421286623,406.42458352454923,-3.433224286219229
3755,4538.176917159838,433.12355299652745,23.265745185758988
3756,4473.783538146228,393.01405086401246,-16.843756946756002
3757,4607.139229263551,478.1892219029901,68.33141409222162
3758,4479.725131106513,396.63310712855036,-13.2247006822181
3759,4518.134891407639,420.4318313904173,10.574023579648838
3760,4601.604707472535,474.49425026148947,64.636442450721
3761,4519.93653275825,421.56511744748104,11.70730963671258
3762,4538.7031277466385,433.45927604886174,23.601468238093275
3763,4556.053626319599,444.5998978055727,34.742089994804246
3764,4488.781064163445,402.1814496240386,-7.676358186729885
3765,4472.824448572258,392.43144422505475,-17.426363585713716
3766,4477.165747703022,395.0721080995695,-14.785699711198959
3767,4476.485894520573,394.65798241146194,-15.199825399306519
3768,4464.676862696847,387.4998908991565,-22.357916911611937
3769,4467.663901476922,389.30418482738196,-20.553622983386504
3770,4553.6698306243925,443.0611442674667,33.20333645669825
3771,4501.394332555949,409.9739866775849,0.11617886681642631
3772,4583.952073548042,462.7992107898167,52.941402979048235
3773,4499.961450061442,409.0849675806903,-0.7728402300781454
3774,4524.495846538301,424.43979968162876,14.581991870860293
3775,4508.340706409957,414.2974730941387,4.439665283370232
3776,4485.923291140477,400.4263579960234,-9.431449814745065
3777,4449.575978569239,378.4440820400537,-31.41372577071479
3778,4487.535882734043,401.4162495903188,-8.441558220449679
3779,4571.244159726004,454.4659120422243,44.608104231455854
3780,4526.065805362438,425.431902707915,15.574094897146551
3781,4456.2343923992585,382.42349009863665,-27.434317712131815
3782,4594.695446420295,469.9003807459894,60.04257293522096
3783,4577.3898876728235,458.48699185050555,48.62918403973708
3784,4499.09748250422,408.5493936108842,-1.3084141998842824
3785,4483.149606844433,398.72661567788646,-11.131192132882006
3786,4461.290336518255,385.4594743797211,-24.398333431047377
3787,4485.7184290453015,400.3006914421653,-9.557116368603147
3788,4504.615619659315,411.97612937810254,2.1183215673340783
3789,4495.14871290743,406.10602668739784,-3.7517811233706198
3790,4471.149225294065,391.4148716526415,-18.44293615812694
3791,4543.255220884305,436.36882260195216,26.511014791183698
3792,4458.358206030929,383.69729337498984,-26.160514435778623
3793,4548.315154878205,439.6141008628474,29.756293052078945
3794,4533.939658894688,430.4248180405025,20.567010229734024
3795,4484.529510357827,399.57177801162925,-10.286029799139214
3796,4520.651270934419,422.01512724785016,12.157319437081696
3797,4463.620961515102,386.8631081730391,-22.994699637729354
3798,4569.732432318583,453.47940430520794,43.62159649443947
3799,4487.334676438416,401.292671477398,-8.565136333370447
3800,4537.830461454786,432.90258326330377,23.044775452535305
3801,4489.730857867554,402.76561926756403,-7.092188543204429
3802,4470.033901197576,390.73880636794,-19.11900144282845
3803,4416.926901638074,359.243462332312,-50.61434547845647
3804,4523.203890989051,423.62423210883526,13.766424298066795
3805,4413.479071921886,357.2463147307917,-52.61149307997675
3806,4479.737912222614,396.6409103194287,-13.21689749133975
3807,4480.298486865548,396.98323168596517,-12.874576124803298
3808,4493.978880963296,405.38358616191135,-4.47422164885711
3809,4433.357604728554,368.84113989229536,-41.016667918473104
3810,4464.082139826405,387.1411652610209,-22.716642549747576
3811,4519.1364458502885,421.0616525713699,11.203844760601442
3812,4582.842852136766,462.0689570628433,52.21114925207485
3813,4472.423107729823,392.18777704100967,-17.670030769758796
3814,4560.413391785551,447.42082347531505,37.56301566454658
3815,4565.20956960998,450.5340639875326,40.67625617676413
3816,4522.638434588484,423.2675223462138,13.409714535445346
3817,4513.794845770599,417.708020264864,7.8502124540955265
3818,4496.287333567765,406.80981275736985,-3.0479950533986084
3819,4497.805710825171,407.7492793779643,-2.108528432804178
3820,4528.942906268789,427.252989200354,17.39518138958556
3821,4575.833139358305,457.46682795641163,47.60902014564317
3822,4376.210154344665,336.0344854730065,-73.82332233776197
3823,4502.984865019134,410.9619489824536,1.1041411716851144
3824,4415.910661137897,358.6541986052457,-51.20360920552275
3825,4532.165535604756,429.29732431605953,19.439516505291067
3826,4516.104436802741,419.15642593834855,9.298618127580085
3827,4470.07440283379,390.76334643367954,-19.09446137708892
3828,4447.855207112544,377.419149317499,-32.438658493269486
3829,4487.341720997249,401.2969978233232,-8.560809987445282
3830,4523.328469303001,423.7028404305215,13.845032619753056
3831,4447.49978315481,377.2076290846244,-32.65017872614408
3832,4475.023255267318,393.76777827541537,-16.090029535353096
3833,4494.033115490484,405.41706490890783,-4.440742901860631
3834,4517.519157765221,420.04486292207775,10.187055111309292
3835,4427.810262641708,365.5859718607394,-44.27183595002907
3836,4472.66292963043,392.3333715178751,-17.52443629289337
3837,4488.905156624943,402.25774829640477,-7.600059514363693
3838,4491.206253279996,403.6739068108691,-6.183900999899379
3839,4552.684974712992,442.4261684972148,32.56836068644634
3840,4467.571399054792,389.24824533533683,-20.60956247543163
3841,4600.338049561078,473.65049288582895,63.79268507506049
3842,4488.446645974418,401.97586778901905,-7.881940021749415
3843,4497.394555908544,407.4947778939568,-2.3630299168116835
3844,4474.661734280346,393.547903688519,-16.309904122249463
3845,4504.231734165755,411.73727529789994,1.8794674871314783
3846,4425.965954014138,364.5070714971853,-45.350736313583184
3847,4554.4042811478785,443.5349609176851,33.67715310691665
3848,4607.373022970664,478.34560353100596,68.4877957202375
3849,4497.075869042733,407.2975681875746,-2.5602396231938656
3850,4544.257600393805,437.01078627783,27.15297846706153
3851,4496.261297686711,406.7937130395294,-3.06409477123907
3852,4443.4081777554575,374.7770425123372,-35.08076529843129
3853,4500.992902526655,409.72482561946026,-0.13298219130820144
3854,4466.352465596447,388.5114964707327,-21.346311340035754
3855,4543.475007138374,436.50954307494067,26.651735264172203
3856,4461.5403695153545,385.60993323781577,-24.247874572952696
3857,4489.404877735108,402.56507736177764,-7.292730448990824
3858,4463.878818014233,387.01856435131504,-22.839243459453428
3859,4464.7499900676885,387.54401168281356,-22.3137961279549
3860,4415.375751232493,358.3442371736105,-51.513570637157954
3861,4534.115176572512,430.5364421917898,20.67863438102131
3862,4517.430337550332,419.98905688830746,10.131249077538996
3863,4514.526498019397,418.1665895096826,8.308781698914117
3864,4465.449270234897,387.9660461862695,-21.89176162449894
3865,4507.641729261983,413.86139928390185,4.003591473133383
3866,4485.704363014482,400.29206378509025,-9.565744025678214
3867,4509.736226665942,415.1687864745754,5.310978663806964
3868,4499.9259137819745,409.0629316917757,-0.7948761189927609
3869,4500.374876407799,409.3413750988316,-0.5164327119368863
3870,4487.940235208354,401.6646553132009,-8.193152497567553
3871,4511.973487197371,416.56755371666395,6.709745905895488
3872,4573.121183635443,455.69223039320104,45.83442258243258
3873,4531.255954738602,428.719828968849,18.86202115808055
3874,4567.204573745816,451.8320974571702,41.97428964640176
3875,4470.904865563072,391.2666995199411,-18.59110829082738
3876,4466.099346232261,388.35859522400006,-21.499212586768408
3877,4480.937077622698,397.3733767964022,-12.484431014366237
3878,4491.613633214168,403.9248808071393,-5.932927003629175
3879,4438.168390926852,371.6762671903466,-38.181540620421856
3880,4437.777123420261,371.4452610324106,-38.412546778357864
3881,4486.799597121307,400.96412660857277,-8.893681202195694
3882,4474.88515952355,393.683782022219,-16.174025788549443
3883,4486.504552101636,400.78302365303443,-9.07478415773403
3884,4521.05018455731,422.26639244139506,12.408584630626592
3885,4495.308497560458,406.2047533283885,-3.6530544823799573
3886,4492.568058310789,404.513179533531,-5.344628277237462
3887,4504.693912860345,412.02485200758247,2.167044196814004
3888,4481.946276525309,397.9903395661913,-11.86746824457714
3889,4529.327991807423,427.4970230266804,17.639215215911918
3890,4596.563351809706,471.14024809065404,61.28244027988558
3891,4461.421385798618,385.53833031992417,-24.319477490844292
3892,4384.247093644157,340.55024123067824,-69.30756658009022
3893,4547.437466623613,439.05034105857885,29.19253324781039
3894,4503.38317156797,411.2095439965324,1.3517361857639116
3895,4478.103584350257,395.643743614462,-14.21406419630648
3896,4476.836659139051,394.8716195948641,-14.986188215904349
3897,4477.15792772933,395.0673433881898,-14.79046442257868
3898,4501.546065991802,410.0681848780596,0.2103770672911196
3899,4484.404083432803,399.49491923808637,-10.362888572682095
3900,4521.157563798786,422.33404043013434,12.476232619365874
3901,4512.362522781816,416.8110231119508,6.953215301182354
3902,4466.976819181613,388.88877978621076,-20.9690280245577
3903,4423.633621482735,363.1450700170426,-46.712737793725864
3904,4490.612606992876,403.3083205446037,-6.5494872661647605
3905,4406.34079881226,353.1301287807428,-56.72767903002568
3906,4507.362133566848,413.6870308284797,3.8292230177112287
3907,4465.45161608743,387.96746236692707,-21.890345443841397
3908,4467.416809888281,389.15476894845597,-20.703038862312496
3909,4559.051709316259,446.5388403554348,36.68103254466632
3910,4454.099868766444,381.1454563215357,-28.712351489232788
3911,4464.924220365786,387.6491424164915,-22.208665394276977
3912,4475.8284148890725,394.25769512646866,-15.600112684299802
3913,4559.676056237057,446.9431353950263,37.08532758425781
3914,4444.760543630373,375.5795059933721,-34.27830181739637
3915,4573.41043812105,455.8813500482697,46.02354223750126
3916,4423.830245820314,363.2597888356049,-46.59801897516354
3917,4468.174380420717,389.6129633288697,-20.24484448189878
3918,4582.229295608647,461.66525888195747,51.80745107118901
3919,4526.90291498092,425.96136351126825,16.103555700499783
3920,4474.584742864802,393.5010861001542,-16.356721710614238
3921,4555.918766909896,444.5127763947844,34.65496858401593
3922,4507.211862918378,413.5933304246123,3.735522613843841
3923,4526.988716589001,426.01565022844125,16.157842417672782
3924,4450.5556713192545,379.028251194522,-30.829556616246464
3925,4474.909499106486,393.6985858272469,-16.159221983521547
3926,4476.789557156468,394.8429281841327,-15.014879626635775
3927,4528.419814873918,426.921609039372,17.063801228603552
3928,4537.839034240289,432.9080503272867,23.05024251651821
3929,4576.182939390179,457.6959634034897,47.83815559272125
3930,4484.940203747284,399.82349388933335,-10.034313921435114
3931,4465.171668975275,387.79847820758323,-22.059329603185233
3932,4416.492581747343,358.9915611377255,-50.86624667304295
3933,4547.2633305713325,438.9385311997453,29.08072338897682
3934,4496.232396893613,406.77584213040245,-3.081965680366011
3935,4518.367551236552,420.5780964302562,10.720288619487746
3936,4546.56089081041,438.48764697987735,28.62983916910889
3937,4505.750152333995,412.6824413824952,2.8246335717267357
3938,4525.88477094485,425.3174435012834,15.459635690514915
3939,4485.803859839676,400.3530939985035,-9.504713812264981
3940,4548.256419768961,439.5763629401895,29.71855512942102
3941,4549.708779642383,440.5099811938553,30.652173383086847
3942,4489.16976601584,402.42046864517533,-7.43733916559313
3943,4509.141688945464,414.79746674239186,4.9396589316233985
3944,4553.550286289208,442.98404574973483,33.12623793896637
3945,4440.265997938925,372.9159753835438,-36.941832427224654
3946,4439.553356945184,372.49455667014354,-37.363251140624925
3947,4402.079371902973,350.6848488362366,-59.172958974531866
3948,4477.363329539639,395.192504426866,-14.665303383902483
3949,4565.260090458665,450.5669128175464,40.70910500677792
3950,4552.372798470542,442.22498819020257,32.3671803794341
3951,4482.940362603299,398.598536927424,-11.25927088334447
3952,4491.056617054252,403.58174034366675,-6.276067467101711
3953,4555.5557468082525,444.2783004445246,34.42049263375611
3954,4541.894236409895,435.49793071039494,25.640122899626476
3955,4501.725129568181,410.17936393171385,0.3215561209453881
3956,4492.123032994393,404.2388164794402,-5.618991331328289
3957,4416.205608997795,358.82517077351577,-51.0326370372527
3958,4460.941404260198,385.2495525856716,-24.608255225096855
3959,4511.364161789228,416.18636288946846,6.328555078699992
3960,4523.959742405253,424.1012814200935,14.243473609325065
3961,4516.696658791699,419.52822462930044,9.670416818531976
3962,4522.394391267146,423.11361708957975,13.255809278811284
3963,4527.826947115476,426.54617830062216,16.688370489853696
3964,4467.555708412075,389.23875705481623,-20.61905075595223
3965,4471.874815450596,391.8550153366391,-18.002792474129365
3966,4487.263512968071,401.24896845765625,-8.608839353112216
3967,4516.220845793322,419.2294949367006,9.371687125932112
3968,4505.050317238468,412.2466823140785,2.388874503310035
3969,4499.466162190047,408.7778953681791,-1.0799124425893751
3970,4488.489341149327,402.0021114737674,-7.8556963370010635
3971,4487.062468216524,401.1255155225417,-8.732292288226745
3972,4469.994119519288,390.7147032916869,-19.14310451908159
3973,4479.760381455463,396.65462853638564,-13.20317927438282
3974,4539.741977446202,434.1224369401298,24.26462912936131
3975,4581.991036335843,461.5085380767373,51.65073026596883
3976,4564.6911639934815,450.1970614243246,40.33925361355614
3977,4550.966659783287,441.31935975357965,31.461551942811184
3978,4538.339004858205,433.2269516040915,23.36914379332302
3979,4459.463419302302,384.3610292144913,-25.49677859627718
3980,4515.931513999954,419.04789532815585,9.190087517387383
3981,4513.2998860094485,417.3979417145383,7.540133903769856
3982,4444.418081606622,375.3762127553873,-34.48159505538115
3983,4529.287111019519,427.47111307575506,17.613305264986593
3984,4537.9469815671455,432.97689372985315,23.119085919084682
3985,4473.516571383251,392.8518356047448,-17.00597220602367
3986,4463.416638254889,386.7399487344296,-23.117859076338846
3987,4520.173106892546,421.71404175367707,11.856233942908602
3988,4505.477269093598,412.51250067379624,2.654692863027776
3989,4468.926883728298,390.06836532895613,-19.78944248181233
3990,4463.620513636484,386.86283818438187,-22.99496962638659
3991,4453.895401467021,381.02314817958495,-28.834659631183513
3992,4524.967315035812,424.737614453516,14.879806642747553
3993,4462.856709328756,386.4025445779721,-23.45526323279637
3994,4481.28815899944,397.58795160455566,-12.269856206212808
3995,4566.771173548915,451.5499565007822,41.69214869001371
3996,4445.252814147683,375.8718287012139,-33.98597910955459
3997,4492.26070336942,404.3236817924185,-5.53412601834998
3998,4448.360960034926,377.72023901358216,-32.137568797186304
3999,4527.502779894641,426.34096968082395,16.483161870055483
4000,4468.762689778973,389.9689748390201,-19.888832971748343
4001,4492.615285012912,404.54230081591095,-5.315506994857515
4002,4523.211964930035,423.6293265088548,13.771518698086311
4003,4443.297744704262,374.7115532569801,-35.14625455378837
4004,4543.926486591502,436.79867695789426,26.940869147125795
4005,4467.529905506722,389.22315404986284,-20.63465376090562
4006,4528.562767504901,427.01215744937963,17.154349638611166
4007,4451.820679486218,379.7832347877875,-30.074573022980985
4008,4462.678885695926,386.295422456325,-23.56238535444345
4009,4562.501535500931,448.77497748805854,38.917169677290076
4010,4579.998891618096,460.1991479356211,50.34134012485265
4011,4515.079414032359,418.5132999830712,8.65549217230273
4012,4505.845537909843,412.741851921724,2.8840441109555286
4013,4508.765586978235,414.5626569322885,4.704849121520056
4014,4491.84252905303,404.06593079877985,-5.791877011988618
4015,4372.613033697474,334.0238386778051,-75.83396913296338
4016,4527.231142717783,426.16905176730825,16.311243956539784
4017,4569.9874049092605,453.6457196840752,43.78791187330671
4018,4467.217983527512,389.0345602345719,-20.823247576196536
4019,4426.624127063231,364.8919042826883,-44.96590352808016
4020,4593.93563861462,469.3964810189391,59.53867320817062
4021,4510.06774115018,415.37590633972786,5.518098528959399
4022,4540.591454418113,434.66507792237235,24.807270111603884
4023,4513.2896081779845,417.3915041504788,7.533696339710332
4024,4526.554060238913,425.74067805126197,15.882870240493503
4025,4511.2283231767815,416.1014066099474,6.243598799178926
4026,4525.378902965039,424.9976884046705,15.139880593902035
4027,4490.135843038805,403.0148349039059,-6.842972906862542
4028,4479.888836597768,396.73305930696324,-13.124748503805222
4029,4488.570230275052,402.0518344189991,-7.805973391769385
4030,4464.098875313056,387.15125746787317,-22.706550342895298
4031,4530.993974337649,428.5535677348598,18.695759924091362
4032,4485.349872378547,400.0746614837576,-9.783146327010854
4033,4564.086932574005,449.80441876337227,39.946610952603805
4034,4433.493201142876,368.9208958920258,-40.93691191874268
4035,4454.902987802044,381.6260610885706,-28.23174672219784
4036,4497.917184239752,407.81829422642477,-2.0395135843436947
4037,4473.400854949546,392.7815341715095,-17.076273639258943
4038,4534.509504723046,430.7872752208991,20.929467410130655
4039,4486.849701063669,400.9948852442021,-8.86292256656634
4040,4477.427721774883,395.23174580452496,-14.626062006243501
4041,4470.919069709975,391.27531168997893,-18.58249612078953
4042,4519.020920661385,420.9889814736621,11.131173662893616
4043,4412.6281228255975,356.75430594505815,-53.103501865710314
4044,4469.029653233703,390.1305807205731,-19.727227090195356
4045,4456.502561166505,382.5842101196422,-27.27359769112627
4046,4534.686289763921,430.8997518406445,21.04194402987605
4047,4567.399813342211,451.9592249332377,42.10141712246923
4048,4524.820376080937,424.6447857657736,14.786977955005113
4049,4459.410702821137,384.32935696508457,-25.528450845683892
4050,4451.201154999778,379.41339274522034,-30.444415065548128
4051,4388.55376698798,342.98334302263993,-66.87446478812853
4052,4439.218996489934,372.2969185395291,-37.560889271239375
4053,4488.09369108249,401.7589480996289,-8.09885971113954
4054,4389.029930935196,343.2529252856648,-66.60488252510368
4055,4405.598043876208,352.70327618077226,-57.1545316299962
4056,4584.52696481531,463.17790495443023,53.32009714366177
4057,4549.556257104947,440.4118901432944,30.554082332525923
4058,4468.512451942312,389.8175247952604,-20.040283015508066
4059,4545.14503034905,437.5795155060364,27.721707695267924
4060,4549.888710313176,440.62571273917547,30.767904928407006
4061,4538.458167818685,433.30297546263046,23.445167651861993
4062,4482.876291756359,398.55932321720866,-11.298484593559806
4063,4505.031079073138,412.23470673015345,2.3768989193849848
4064,4454.869294037081,381.6058917099881,-28.251916100780363
4065,4494.078438142317,405.4450434581463,-4.412764352622162
4066,4458.465753185013,383.7618549670042,-26.09595284376428
4067,4529.791769193555,427.7910158976456,17.93320808687713
4068,4515.859426627478,419.002655633773,9.144847823004511
4069,4543.899060136598,436.7811100023837,26.92330219161522
4070,4519.784324033534,421.469315239965,11.611507429196536
4071,4437.212395395338,371.1119745064102,-38.74583330435826
4072,4542.199083268058,435.6929279804872,25.83512016971872
4073,4477.651762231566,395.3682940754693,-14.48951373529917
4074,4563.05825861678,449.1363434932073,39.278535682438815
4075,4529.925385633941,427.87573506455055,18.01792725378209
4076,4490.522790813098,403.2530234097376,-6.604784401030884
4077,4477.092482616261,395.02746881256144,-14.830338998207026
4078,4519.479468052229,421.2774672033697,11.419659392601261
4079,4501.7661753602115,410.2048510393456,0.3470432285771494
4080,4432.438589074491,368.3008238415541,-41.55698396921434
4081,4499.1720581871705,408.5956092593983,-1.2621985513701475
4082,4464.84458591983,387.60108910424424,-22.256718706524225
4083,4455.65622469622,382.07709829310534,-27.780709517663126
4084,4468.8219436121235,390.0048410989625,-19.852966711805948
4085,4506.6490038135635,413.24245690471344,3.3846490939449723
4086,4451.63234314543,379.67078262891846,-30.187025181850004
4087,4406.042131474713,352.95845532682597,-56.899352483942494
4088,4434.176561372541,369.32297587710127,-40.53483193366719
4089,4540.506567754715,434.6108379197767,24.75303010900825
4090,4506.241642893241,412.98861003877573,3.130802228007269
4091,4552.64552656332,442.4007438999429,32.54293608917442
4092,4502.800198583328,410.8471820614118,0.9893742506433227
4093,4529.280206585665,427.46673717121575,17.60892936044729
4094,4450.8638868478965,379.2121293849027,-30.645678425865754
4095,4538.968015600152,433.62832298588137,23.770515175112905
4096,4584.455468207652,463.1308004736993,53.27299266293085
4097,4529.723425045481,427.74768565168824,17.88987784091978
4098,4463.926230585126,387.04715185581017,-22.810655954958293
4099,4499.734347983156,408.94415283053786,-0.9136549802306035
4100,4505.877950473017,412.7620409334845,2.9042331227160503
4101,4470.224600674146,390.854358624636,-19.003449186132457
4102,4613.409558132886,482.3916392738588,72.53383146309034
4103,4459.3078376270005,384.26755904525726,-25.590248765511205
4104,4526.478835952699,425.6930985631766,15.835290752408127
4105,4498.205546233371,407.9968505905863,-1.860957220182172
4106,4457.0006790699745,382.8828362902873,-26.974971520481176
4107,4531.6428960856165,428.9654524119733,19.10764460120481
4108,4466.700697959777,388.7219026594762,-21.135905151292263
4109,4529.259477509167,427.4535995921042,17.59579178133572
4110,4521.824409428868,422.7542672960144,12.896459485245941
4111,4486.110514883469,400.5412222473701,-9.316585563398348
4112,4537.3329842092935,432.58538835877425,22.72758054800579
4113,4515.085118145619,418.5168775366701,8.659069725901645
4114,4549.080933819356,440.1062659367185,30.248458125950037
4115,4498.186671413753,407.9851619325441,-1.8726458782243753
4116,4533.98768162208,430.4553576913563,20.59754988058785
4117,4479.677787381439,396.6042032788023,-13.253604531966175
4118,4462.7094286941065,386.3138206770632,-23.543987133705286
4119,4490.792138711756,403.41886429620354,-6.438943514564926
4120,4469.645321073225,390.50340440490027,-19.354403405868197
4121,4482.739781697834,398.47578055951044,-11.382027251258023
4122,4510.209892551305,415.46473383188504,5.606926021116578
4123,4471.0168720387455,391.3346132116444,-18.523194599124054
4124,4531.675457098409,428.9861247123413,19.128316901572816
4125,4471.832771237608,391.82950440115155,-18.02830340961691
4126,4547.079286207493,438.82037443541276,28.962566624644296
4127,4566.113833197964,451.1221934479081,41.26438563713964
4128,4476.092191534959,394.41826305689756,-15.439544753870905
4129,4425.498023950782,364.23360263167115,-45.624205179097316
4130,4399.421358715994,349.16419308977447,-60.69361472099399
4131,4560.98012498646,447.78815292825493,37.93034511748647
4132,4426.143674260197,364.6109633330507,-45.24684447771779
4133,4464.001543316804,387.09256403878726,-22.765243771981204
4134,4562.268542491367,448.62378455985663,38.76597674908817
4135,4519.6947226094935,421.41292394226275,11.555116131494287
4136,4503.173092650769,411.0789456118209,1.221137801052464
4137,4429.059493192039,366.3177043851747,-43.54010342559377
4138,4448.990230624561,378.0950354819429,-31.762772328825577
4139,4532.550372327716,429.5417731081957,19.68396529742722
4140,4460.559485787026,385.01985306670394,-24.83795474406452
4141,4477.841164675335,395.483749826637,-14.374057984131468
4142,4475.216483959317,393.8853242387022,-15.972483572066267
4143,4464.491407895699,387.3880098234081,-22.46979798736038
4144,4573.626965699808,456.0229441474394,46.16513633667091
4145,4475.223172935069,393.88939363329246,-15.968414177476006
4146,4427.192518622133,365.224412771106,-44.633395039662446
4147,4559.747230583998,446.9892354649319,37.13142765416342
4148,4491.321275031639,403.7447601490135,-6.11304766175499
4149,4554.686775821304,443.71727223920516,33.859464428436695
4150,4535.974609268054,431.71985884299784,21.862051032229374
4151,4615.759722934916,483.9711553824168,74.11334757164832
4152,4511.5723318853425,416.31657351231615,6.458765701547691
4153,4549.001736789291,440.05535370771713,30.197545896948668
4154,4457.389703429598,383.1161431337832,-26.741664676985238
4155,4449.755808750125,378.55127598525405,-31.306531825514412
4156,4478.731921991148,396.02696612655154,-13.83084168421692
4157,4463.606644965375,386.8544779671852,-23.003329843583288
4158,4575.292231839416,457.1126160458357,47.25480823506723
4159,4469.780180162592,390.58509388988705,-19.272713920881415
4160,4521.353527353854,422.4575095745445,12.599701763776011
4161,4469.31777617161,390.3050337778891,-19.55277403287937
4162,4518.497548857986,420.65983232688814,10.802024516119673
4163,4468.644354871489,389.8973519255351,-19.960455885233387
4164,4557.771586062778,445.71045070896434,35.85264289819588
4165,4470.863709082295,391.2417463237239,-18.61606148704459
4166,4469.890531416337,390.6519444897958,-19.20586332097264
4167,4533.363129859631,430.058262205961,20.200454395192537
4168,4473.6239622878975,392.91708473896006,-16.940723071808407
4169,4475.164700122429,393.853821055297,-16.003986755471487
4170,4528.098725072049,426.7182602404491,16.860452429680663
4171,4472.079675147359,391.9793290251646,-17.878478785603875
4172,4504.44893345373,411.87240849524414,2.014600684475681
4173,4506.652571333074,413.2446803473358,3.3868725365673527
4174,4433.676177073011,369.0285341219237,-40.82927368884475
4175,4485.884689129532,400.4026772184875,-9.455130592280966
4176,4508.746669373435,414.5508479503751,4.693040139606637
4177,4525.593654491563,425.1334166424085,15.275608831640056
4178,4527.076282059093,426.0710564553319,16.213248644563464
4179,4524.835462219216,424.65431597296083,14.796508162192367
4180,4472.538053953195,392.25755679038275,-17.600251020385713
4181,4483.117338947428,398.70686308671793,-11.150944724050532
4182,4513.535555919433,417.5455681087237,7.687760297955265
4183,4433.69762106601,369.04114993027815,-40.81665788049031
4184,4478.891279183289,396.12418783501244,-13.733619975756028
4185,4499.125932306893,408.5670240634131,-1.2907837473553627
4186,4476.683857826753,394.77854700010494,-15.079260810663527
4187,4545.934955457103,438.08605964100116,28.228251830232693
4188,4559.74662732675,446.988844721795,37.13103691102651
4189,4493.465506205871,405.06675089765986,-4.791056913108605
4190,4521.973993414468,422.848559165363,12.990751354594522
4191,4507.118029532159,413.5348265198181,3.677018709049662
4192,4490.559683746291,403.2757368229122,-6.582070987856241
4193,4484.234978935577,399.3913076689096,-10.466500141858887
4194,4559.901777699909,447.0893444997596,37.23153668899113
4195,4511.761051850681,416.43463556026336,6.576827749494896
4196,4449.815404845404,378.58680373591415,-31.271004074854318
4197,4516.301019902645,419.27982326050915,9.422015449740684
4198,4477.262192330861,395.1308742268975,-14.72693358387096
4199,4553.391974417995,442.88195463360034,33.02414682283188
4200,4501.147183342464,409.8205762332177,-0.0372315775507559
4201,4494.325455354452,405.5975490125684,-4.260258798200084
4202,4457.400041372122,383.1223440309159,-26.73546377985258
4203,4476.292123301996,394.5399890190233,-15.31781879174514
4204,4623.708158068965,489.33098106607986,79.4731732553114
4205,4541.853384692543,435.4718028812449,25.61399507047645
4206,4500.743814511516,409.57025886831116,-0.2875489424573061
4207,4477.226779853736,395.10929600218924,-14.748511808579224
4208,4518.742067230149,420.813594357935,10.955786547166554
4209,4590.988660496174,467.4444802690268,57.58667245825836
4210,4476.912131070149,394.91759430748425,-14.940213503284212
4211,4508.978411795508,414.69552062431967,4.837712813551207
4212,4562.128828430732,448.53313362178005,38.67532581101159
4213,4486.799710485567,400.96419620115375,-8.893611609614709
4214,4493.89626866373,405.3325926046964,-4.525215206072062
4215,4465.236861350898,387.8378268464139,-22.019980964354545
4216,4524.672393404226,424.5513078212721,14.693500010503612
4217,4554.5234203128975,443.6118443815176,33.75403657074912
4218,4449.823672985094,378.59173285920406,-31.266074951564406
4219,4478.434746952787,395.8456959073342,-14.012111903434288
4220,4546.023155874251,438.1426363868336,28.284828576065138
4221,4485.958290421981,400.4478292555623,-9.40997855520618
4222,4549.735404956104,440.5271056853244,30.669297874555923
4223,4495.292145111268,406.1946490361652,-3.663158774603289
4224,4524.383236294157,424.36868187269283,14.510874061924369
4225,4481.598447903545,397.7776435937526,-12.080164217015863
4226,4491.920001309008,404.11367629690585,-5.744131513862612
4227,4617.084932265921,484.86287171697404,75.00506390620558
4228,4501.946629849364,410.31691243309933,0.45910462233086946
4229,4538.345423761682,433.23104658457623,23.37323877380777
4230,4460.573960440703,385.0285573643746,-24.82925044639387
4231,4562.5495281878075,448.80612376656336,38.9483159557949
4232,4529.959893229555,427.89761585867745,18.03980804790899
4233,4533.914517254687,430.40882984915606,20.5510220383876
4234,4440.270349308353,372.9185493156583,-36.93925849511015
4235,4470.8997553693525,391.2636011626796,-18.594206648088857
4236,4514.1344571153795,417.9208434887405,8.063035677972039
4237,4437.938104313305,371.54029587068726,-38.317511940081204
4238,4451.1225132896725,379.3664587125445,-30.491349098223964
4239,4514.142915214201,417.92614458710887,8.068336776340402
4240,4502.403426248848,410.6006492809429,0.7428414701744259
4241,4482.237761808733,398.16862610924454,-11.689181701523921
4242,4514.814972665854,418.3474620872148,8.489654276446345
4243,4532.461812263119,429.4855135873345,19.627705776566017
4244,4566.710465251228,451.510442519756,41.652634708987534
4245,4493.420044782102,405.0386998472959,-4.819107963472561
4246,4445.31363277437,375.9079525069242,-33.94985530384429
4247,4512.51882017135,416.9088583171347,7.0510505063662094
4248,4493.193797185473,404.8991128763214,-4.958694934447067
4249,4518.73939799502,420.8119156957714,10.95410788500294
4250,4491.895981879562,404.0988730214576,-5.7589347893108425
4251,4507.155516365318,413.55819858135374,3.7003907705852725
4252,4524.613703676499,424.5142374072825,14.656429596514045
4253,4463.362277805969,386.7071853972875,-23.15062241348096
4254,4558.798470382266,446.3749061655326,36.51709835476413
4255,4501.816848075185,410.23631701240765,0.37850920163919
4256,4504.805239301077,412.0941365009403,2.236328690171831
4257,4502.608784205434,410.72823832632866,0.8704305155602015
4258,4536.654794645022,432.1531533498505,22.295345539082064
4259,4536.657396885425,432.1548114485295,22.29700363776101
4260,4502.619385119429,410.7348252197203,0.877017408951815
4261,4565.333134214868,450.6144081561438,40.75660034537532
4262,4460.018592775264,384.69466068818383,-25.163147122584633
4263,4510.1740121055545,415.4423119861467,5.5845041753782425
4264,4479.966098072877,396.78023657908034,-13.077571231688125
4265,4457.127882805945,382.9591152609264,-26.898692549842053
4266,4554.838821703048,443.8154118862403,33.95760407547186
4267,4471.3058553631345,391.5098622801179,-18.347945530650577
4268,4538.400141293107,433.2659547518979,23.408146941129417
4269,4626.495475271657,491.2170168665134,81.35920905574494
4270,4492.900665266306,404.7182965578668,-5.139511252901684
4271,4416.5261726587705,359.01104021662377,-50.846767594144694
4272,4456.162111712259,382.38017647366587,-27.477631337102594
4273,4516.148775154225,419.1842560246291,9.326448213860658
4274,4459.833868978053,384.58363445160194,-25.274173359166525
4275,4459.018159551672,384.093557673184,-25.76425013758444
4276,4514.306801088354,418.0288663563979,8.171058545629421
4277,4442.175668571314,374.0464731778861,-35.811334632882335
4278,4575.778760109482,457.4312119172823,47.57340410651386
4279,4497.4524609079,407.53061578759616,-2.3271920231723016
4280,4486.039450438003,400.4976213081072,-9.360186502661236
4281,4442.9685777901595,374.5163851099546,-35.34142270081384
4282,4533.257059750816,429.99083976128804,20.13303195051958
4283,4500.756562831119,409.5781688828347,-0.27963892793377454
4284,4616.279153604688,484.32058259622727,74.4627747854588
4285,4477.7967185510115,395.4566548668399,-14.401152943928537
4286,4498.116390777758,407.9416405387078,-1.9161672720606475
4287,4530.7332803504705,428.3881543547732,18.530346544004715
4288,4455.713153375907,382.11119824005345,-27.74660957071501
4289,4509.679774837963,415.13352226427287,5.275714453504406
4290,4483.218179976065,398.7685939347116,-11.089213876056874
4291,4543.207002705878,436.33795336265894,26.480145551890473
4292,4499.602078658998,408.86215036194426,-0.995657448824204
4293,4448.311499852363,377.69078843326497,-32.16701937750349
4294,4535.311607961254,431.29771591519784,21.439908104429378
4295,4483.323259500918,398.83292456341223,-11.024883247356229
4296,4514.955637996053,418.43567282751656,8.577865016748092
4297,4522.576447552912,423.228427771714,13.370619960945533
4298,4475.268749950172,393.91712204343,-15.940685767338437
4299,4513.110122492383,417.27909046834066,7.421282657572192
4300,4503.595299301335,411.34143708934334,1.483629278574881
4301,4481.737354272961,397.86257744442537,-11.995230366343094
4302,4491.6882372617265,403.9708505251738,-5.88695728559469
4303,4476.80869629041,394.8545863502991,-15.003221460469376
4304,4477.1759001065775,395.07829400440187,-14.779513806366595
4305,4466.320377767744,388.49211154612567,-21.365696264642793
4306,4467.51113192524,389.2118018744777,-20.64600593629075
4307,4511.005066275785,415.9617958623703,6.103988051601846
4308,4522.020983263551,422.87818186523236,13.0203740544639
4309,4505.89957896675,412.7755130799451,2.917705269176622
4310,4551.611891025871,441.73481133813084,31.877003527362376
4311,4508.905860893209,414.6502256825065,4.792417871738053
4312,4566.339545766016,451.2690535317088,41.411245720940315
4313,4557.0070378054825,445.216052948123,35.358245137354515
4314,4492.421937433548,404.4230840633122,-5.434723747456246
4315,4497.159577143186,407.3493637713891,-2.5084440393793557
4316,4474.402826548914,393.39047614437595,-16.46733166639251
4317,4529.750013148444,427.76454227429485,17.90673446352639
4318,4457.476144629263,383.1679938172042,-26.689813993564258
4319,4521.259642400836,422.3983540287845,12.540546218016061
4320,4507.686472314025,413.8893064638305,4.0314986530620445
4321,4460.682397601477,385.09376899454674,-24.764038816221728
4322,4482.130090725163,398.10276454317045,-11.755043267598012
4323,4540.63923455158,434.6956094322786,24.837801621510152
4324,4509.336671792496,414.9192254430159,5.061417632247412
4325,4429.773613471845,366.7363410103808,-43.12146680038768
4326,4477.766804721841,395.4384195214466,-14.419388289321887
4327,4577.829230776139,458.7750971849209,48.91728937415246
4328,4591.242853945657,467.61269977659276,57.7548919658243
4329,4478.635863130868,395.9683677366438,-13.88944007412465
4330,4521.6026482975585,422.6144969103534,12.756689099584946
4331,4513.475369813579,417.5078643612569,7.6500565504884435
4332,4442.005192921225,373.94548192899265,-35.912325881775814
4333,4627.736402549457,492.05776827336877,82.1999604626003
4334,4497.378419440283,407.48479117893567,-2.3730166318327974
4335,4440.869481400108,373.2730372809724,-36.58477052979606
4336,4478.975278669545,396.17543967756046,-13.682368133208001
4337,4473.1403025587615,392.62326369549373,-17.23454411527473
4338,4482.123930173282,398.0989963481743,-11.758811462594167
4339,4535.724658309664,431.56068753861064,21.702879727842173
4340,4524.831845062778,424.6520309352195,14.794223124451037
4341,4503.1180639730255,411.04473972060305,1.186931909834584
4342,4554.151156241736,443.37163454530037,33.513826734531904
4343,4544.8561166782665,437.39431919262915,27.53651138186069
4344,4563.490055360577,449.41671691390593,39.558909103137466
4345,4468.399402387157,389.7491142887766,-20.10869352199188
4346,4480.289543580519,396.9777691912732,-12.88003861949528
4347,4532.66190213821,429.6126297576825,19.754821946914035
4348,4580.954424412367,460.82697625137325,50.96916844060479
4349,4458.804921282414,383.96549735126746,-25.892310459501005
4350,4519.18779730883,421.0939571895683,11.236149378799837
4351,4457.401268386175,383.12308002101054,-26.734727789757926
4352,4446.781223154738,376.78018607037166,-33.07762174039681
4353,4497.0539894609965,407.28403042820946,-2.573777382559001
4354,4468.818237128439,390.002597520388,-19.855210290380455
4355,4507.568737981352,413.8158751044034,3.95806729363494
4356,4435.712126677509,370.2273133837698,-39.630494426998666
4357,4389.539355706918,343.54146349454095,-66.31634431622751
4358,4503.129060747108,411.0515752146539,1.1937674038854311
4359,4537.936313455029,432.9700899033646,23.11228209259616
4360,4483.769584402042,399.10622716017997,-10.751580650588494
4361,4476.963144896938,394.9486715855196,-14.909136225248858
4362,4468.81232569438,389.99901927279916,-19.858788537969303
4363,4477.003350127154,394.9731652144492,-14.884642596319281
4364,4482.2414539339225,398.17088465134384,-11.686923159424623
4365,4445.806336289943,376.20066465572154,-33.657143155046924
4366,4530.371518091523,428.1586639668367,18.30085615606822
4367,4500.129776200825,409.1893539469411,-0.6684538638273807
4368,4544.907708272235,437.4273870769207,27.569579266152232
4369,4518.889186211493,420.9061215200031,11.048313709234662
4370,4498.072944126476,407.9147372960101,-1.9430705147583467
4371,4523.245270628549,423.65034166526084,13.792533854492376
4372,4522.723275326829,423.32103340277354,13.463225592005074
4373,4430.482626083112,367.1522301982586,-42.70557761250984
4374,4505.744334710895,412.6788180363842,2.821010225615737
4375,4481.275986373153,397.580510926241,-12.277296884527459
4376,4573.502884661011,455.94180113450875,46.08399332374029
4377,4474.896891221207,393.69091743228364,-16.166890378484823
4378,4501.902213207334,410.28932848577324,0.4315206750047764
4379,4542.0352950383585,435.5881544818899,25.730346671121424
4380,4436.746021679099,370.836851099084,-39.02095671168445
4381,4522.037218341898,422.8884168002396,13.030608989471148
4382,4469.3009380501935,390.294837515567,-19.562970295201467
4383,4492.238182861035,404.30979867196356,-5.5480091388049
4384,4478.405216053287,395.8276850091406,-14.03012280162784
4385,4555.21313138041,444.0570588557857,34.19925104501726
4386,4461.963944894474,385.8648909077715,-23.992916902996967
4387,4478.067970733723,395.62202854032967,-14.235779270438798
4388,4536.743441007113,432.2096389000553,22.35183108928686
4389,4456.4798865466355,382.5706193292326,-27.28718848153585
4390,4490.094002304715,402.9890837834887,-6.868724027279768
4391,4529.724143127997,427.74814090537393,17.890333094605467
4392,4504.91819977288,412.1644438856679,2.3066360748994157
4393,4478.358105413637,395.7989530863979,-14.058854724370576
4394,4511.096601946357,416.0190336638566,6.161225853088126
4395,4498.979385898749,408.47621276375094,-1.3815950470175267
4396,4469.906405329309,390.66156135883693,-19.19624645193153
4397,4580.3373334107955,460.4214728935217,50.56366508275323
4398,4521.442254849409,422.51341924454346,12.655611433774993
4399,4395.735636281734,347.061386084285,-62.79642172648346
4400,4514.14631468506,417.9282752088179,8.070467398049459
4401,4500.702778776515,409.5447977368549,-0.31301007391357416
4402,4540.899706419095,434.8620693987482,25.004261587979727
4403,4475.020501093054,393.7661029695414,-16.091704841227056
4404,4548.036955129118,439.43536854741524,29.577560736646774
4405,4481.8696788683255,397.94349542799955,-11.914312382768912
4406,4510.4718858581755,415.6284728338087,5.770665023040237
4407,4460.23339123176,384.8237836355943,-25.03402417517418
4408,4502.394050562746,410.594824633547,0.7370168227785143
4409,4509.5966279238855,415.0815849387777,5.22377712800926
4410,4545.5601356066845,437.845668624007,27.987860813238512
4411,4491.340358425821,403.75651611511876,-6.1012916956497065
4412,4509.85467005644,415.24278029120615,5.384972480437682
4413,4482.670982815938,398.43367975679075,-11.42412805397771
4414,4459.4153537405455,384.3321512001662,-25.525656610602255
4415,4518.462781073904,420.6379713410756,10.780163530307163
4416,4509.070065231754,414.752745172751,4.8949373619825565
4417,4560.377252018924,447.3974043326152,37.53959652184676
4418,4472.486941343232,392.226527369065,-17.63128044170344
4419,4494.606894417968,405.77134133695563,-4.086466473812834
4420,4471.535910879159,391.64940414466946,-18.208403666099002
4421,4489.543816591299,402.65054593566083,-7.207261875107633
4422,4445.521626938196,376.0315062001737,-33.82630161059478
4423,4578.425823498764,459.16645936356645,49.30865155279798
4424,4568.762866702311,452.84723608398144,42.98942827321298
4425,4455.382870708967,381.91338264047135,-27.94442517029711
4426,4530.702248942687,428.3684666540321,18.510658843263627
4427,4491.611955582699,403.9238471100389,-5.933960700729585
4428,4506.622968901363,413.22623092785534,3.368423117086877
4429,4456.110102229367,382.3490117657211,-27.508796045047347
4430,4537.250263386932,432.53265602774036,22.674848216971895
4431,4491.282295079546,403.7207478179698,-6.1370599927986405
4432,4484.732067459679,399.695916184849,-10.161891625919452
4433,4437.347337347652,371.19159930286014,-38.66620850790832
4434,4530.07711412076,427.97194812993075,18.11414031916229
4435,4383.245822151269,339.98588932583834,-69.87191848493012
4436,4437.381414190663,371.2117083277644,-38.646099483004036
4437,4524.949255295379,424.7262046727451,14.868396861976635
4438,4573.489097626743,455.93278550568994,46.07497769492147
4439,4409.271726282173,354.81716145464134,-55.04064635612713
4440,4532.84999297546,429.73213983138794,19.874332020619477
4441,4518.423867697845,420.6135043930367,10.755696582268229
4442,4467.555956272774,389.23890693761496,-20.618900873153507
4443,4481.714720132404,397.8487372462964,-12.00907056447204
4444,4505.936605489213,412.79857699528884,2.940769184520377
4445,4450.168189269575,378.7971486575384,-31.060659153230063
4446,4442.6242782464915,374.312300931937,-35.545506878831475
4447,4604.227201960314,476.2434111320681,66.38560332129964
4448,4436.325190503805,370.58868517608926,-39.269122634679206
4449,4509.835133674116,415.23057509321734,5.372767282448876
4450,4555.568378539726,444.2864583187529,34.42865050798446
4451,4544.31832572984,437.04969197376886,27.191884163000395
4452,4518.024494833334,420.36243776635956,10.5046299555911
4453,4482.659110124171,398.4264146069204,-11.431393203848074
4454,4511.835957837494,416.4815008983983,6.6236930876298175
4455,4544.8820971295445,437.41097133763196,27.5531635268635
4456,4462.240981132855,386.03169070826834,-23.82611710250012
4457,4516.100593962392,419.154013925679,9.296206114910547
4458,4491.147740303554,403.6378652504227,-6.219942560345771
4459,4517.73666504464,420.18153897482944,10.323731164060973
4460,4488.718463480185,402.14296214952446,-7.714845661243999
4461,4520.60918470211,421.98862255001995,12.130814739251491
4462,4486.4474490748435,400.74797774854505,-9.10983006222341
4463,4420.441546092683,361.2853357357267,-48.57247207504179
4464,4515.3065235580225,418.65575216463094,8.797944353862476
4465,4569.297083708932,453.19549954510967,43.337691734341206
4466,4577.364308822094,458.4702208247104,48.61241301394193
4467,4533.701606311974,430.27344618778716,20.415638377018695
4468,4511.544785005156,416.29934174585424,6.441533935085772
4469,4527.943324857026,426.61986113692546,16.762053326157
4470,4557.62532760833,445.61585166325904,35.75804385249057
4471,4504.170605273272,411.6992472023244,1.841439391555923
4472,4505.573911855419,412.57268190482273,2.7148740940542666
4473,4502.049140139226,410.3805776620475,0.5227698512790084
4474,4493.090456157352,404.8353630707811,-5.02244473998735
4475,4512.853666836095,417.1184958241256,7.260688013357139
4476,4489.776172830773,402.793500867911,-7.064306942857456
4477,4486.8917157105925,401.020678807477,-8.837129003291466
4478,4561.782148078499,448.3082344840427,38.45042667327425
4479,4465.763521050904,388.15578152387934,-21.702026286889122
4480,4451.712781963216,379.718809065781,-30.138998744987475
4481,4481.562918785664,397.75592090375585,-12.101886907012613
4482,4474.66230904572,393.5482532073356,-16.309554603432844
4483,4520.084558847192,421.6582973796717,11.800489568903231
4484,4537.436162227852,432.65116601954924,22.793358208780774
4485,4531.783720340509,429.0548622795113,19.197054468742863
4486,4496.765606348763,407.1056175278445,-2.752190282923948
4487,4483.239469967891,398.7816274349225,-11.07618037584598
4488,4469.738966124899,390.56012799264,-19.297679818128472
4489,4496.444992833923,406.9073108037551,-2.9504970070133822
4490,4512.754314676697,417.0562889375765,7.198481126808019
4491,4610.289549711986,480.29844115147216,70.4406333407037
4492,4514.357729469028,418.0607902282818,8.20298241751334
4493,4445.0541245862705,375.7538276469486,-34.10398016381987
4494,4494.162397257355,405.49687560653,-4.360932204238452
4495,4478.496976083654,395.88365082055316,-13.974156990215306
4496,4508.496606429078,414.3947663036297,4.536958492861231
4497,4470.904879780442,391.2667081400796,-18.59109967068889
4498,4521.114003043094,422.3065968869114,12.44878907614293
4499,4434.33564444409,369.41661093330276,-40.4411968774657
4500,4484.019458982458,399.259276698589,-10.598531112179444
4501,4522.22021392269,423.0037895289356,13.14598171816715
4502,4501.173179700842,409.8367113392005,-0.02109647156794381
4503,4453.654784612811,380.87924198754354,-28.978565823224926
4504,4550.719420368461,441.1602174720315,31.302409661263027
4505,4431.668671220136,367.8484843694973,-42.009323441271135
4506,4464.096187965925,387.1496368747298,-22.70817093603864
4507,4523.4628721688505,423.78765607206014,13.929848261291681
4508,4426.1374065066475,364.6072990615935,-45.25050874917497
4509,4513.990262083338,417.830474645084,7.9726668343155325
4510,4527.919851024428,426.6049985244931,16.74719071372465
4511,4443.667239992797,374.93069543234697,-34.9271123784215
4512,4518.835384724858,420.87228312160596,11.014475310837497
4513,4558.269619596013,446.03264842323324,36.17484061246478
4514,4525.82953692265,425.2825247531973,15.424716942428859
4515,4485.849773437768,400.3812584582997,-9.476549352468737
4516,4540.654012680298,434.7050528700406,24.847245059272154
4517,4469.874695282289,390.6423506285587,-19.215457182209775
4518,4498.925598886466,408.44288477762666,-1.414923033141804
4519,4527.258158210627,426.1861482187196,16.328340407951146
4520,4546.1420621030375,438.2189152095398,28.36110739877131
4521,4477.374440289985,395.1992753062809,-14.658532504487539
4522,4493.2811952274815,404.95303158939805,-4.904776221370412
4523,4489.578173286625,402.67168194988835,-7.186125860880111
4524,4473.839017545272,393.04776572135506,-16.8100420894134
4525,4519.304494807888,421.1673748192552,11.309567008486738
4526,4537.261072262501,432.5395462206325,22.68173840986401
4527,4526.84250829637,425.9231462181019,16.065338407333456
4528,4528.818271945014,427.17402145569713,17.316213644928666
4529,4426.952534910884,365.08400323649266,-44.7738045742758
4530,4493.542289148324,405.114130473979,-4.74367733678946
4531,4476.111005636441,394.42971697472467,-15.428090836043793
4532,4517.916918305341,420.2948222386194,10.437014427850954
4533,4557.093876684853,445.27219425686326,35.414386446094795
4534,4534.978424279935,431.08564924266466,21.227841431896195
4535,4487.45006019081,401.3635362281793,-8.494271582589136
4536,4456.524079934215,382.59710834088446,-27.260699469884003
4537,4495.634015821476,406.40591958959385,-3.451888221174613
4538,4513.111745340226,417.2801068068102,7.422298996041718
4539,4538.861525015806,433.5603586264292,23.702550815660743
4540,4506.017845906743,412.84918411169383,2.991376300925367
4541,4572.006448704925,454.96374842339674,45.105940612628274
4542,4447.779218591512,377.3739218124779,-32.48388599829059
4543,4574.6103637406995,456.66628328136676,46.808475470598296
4544,4491.741470451877,404.0036535015711,-5.8541543091973836
4545,4504.251236767261,411.74940817530387,1.8916003645354067
4546,4523.244025142873,423.6495557821845,13.791747971416044
4547,4565.221649576275,450.5419183184931,40.684110507724654
4548,4458.0689313693565,383.5236666755991,-26.334141135169375
4549,4543.216017285067,436.3437244081183,26.485916597349842
4550,4472.717607658804,392.3665700802544,-17.491237730514058
4551,4571.05504147741,454.34244294817927,44.484635137410805
4552,4522.872904318694,423.4154160817707,13.55760827100221
4553,4530.805655599159,428.4340741489,18.576266338131518
4554,4431.746550592722,367.894226619851,-41.963581190917466
4555,4611.8265990661685,481.3291090401949,71.47130122942644
4556,4489.974714499086,402.91567196751566,-6.9421358432527995
4557,4489.154722451464,402.41121678400077,-7.446591026767692
4558,4484.834361266908,399.7586148818027,-10.09919292896575
4559,4460.9482320565685,385.2536597070293,-24.604148103739135
4560,4550.531879515908,441.03952035176053,31.181712540992066
4561,4532.657503551869,429.6098351576684,19.752027346899922
4562,4541.854485413873,435.47250686754023,25.61469905677177
4563,4518.510156334232,420.66775968546244,10.80995187469398
4564,4513.991989795165,417.8315573664263,7.973749555657832
4565,4531.902616733495,429.1303571869671,19.27254937619864
4566,4500.772826031164,409.58825990403693,-0.26954790673153184
4567,4541.297435291087,435.11630635140773,25.258498540639266
4568,4504.967036090746,412.1948418042007,2.3370339934322146
4569,4535.489973150711,431.4112638251331,21.553456014364656
4570,4502.324629336095,410.5516979641575,0.6938901533890203
4571,4497.656052773648,407.6566330621149,-2.201174748653557
4572,4532.677998381662,429.6228564290027,19.765048618234232
4573,4464.368032833812,387.31358933201545,-22.54421847875301
4574,4490.11459961876,403.00176041529267,-6.856047395475798
4575,4571.2820010061205,454.49061930121206,44.6328114904436
4576,4526.741760784876,425.8594103880896,16.001602577321137
4577,4528.499324898031,426.9719707535028,17.11416294273431
4578,4567.944985386896,452.3142968624088,42.45648905164035
4579,4536.398442132911,431.9898256159563,22.132017805187843
4580,4531.8477552627155,429.09552132758654,19.237713516818076
4581,4502.522263858567,410.674480756888,0.8166729461195246
4582,4491.017945987074,403.55792313073425,-6.299884680034211
4583,4499.396749374198,408.7348695274154,-1.1229382833530508
4584,4531.414053732295,428.82017903157475,18.96237122080629
4585,4537.715762074912,432.82944006027856,22.971632249510094
4586,4537.506893868695,432.69626141590015,22.83845360513169
4587,4539.659120188808,434.0695259315662,24.21171812079774
4588,4471.727876435668,391.76586164713035,-18.091946163638113
4589,4429.029234790238,366.29997160239645,-43.55783620837201
4590,4530.716476463163,428.3774931685384,18.51968535776996
4591,4485.279226339826,400.0313427535448,-9.826465057223686
4592,4447.700254863109,377.3269264632386,-32.530881347529885
4593,4467.367184365033,389.12476400674086,-20.733043804027602
4594,4520.5569000315445,421.95569631585613,12.097888505087667
4595,4537.469802582434,432.6726133494444,22.814805538675955
4596,4511.539993257966,416.2963443366939,6.438536525925429
4597,4458.643217214497,383.8684005209793,-25.989407289789142
4598,4490.128036751601,403.01003041666036,-6.847777394108107
4599,4432.49351007424,368.33310190475004,-41.524705906018426
4600,4557.158620783298,445.31405352333377,35.456245712565305
4601,4384.821821927463,340.8744046757256,-68.98340313504286
4602,4427.938351643889,365.6609644021323,-44.19684340863614
4603,4545.305886505956,437.6826423262373,27.824834515468865
4604,4500.459681734298,409.3939814064138,-0.4638264043546769
4605,4504.491603065888,411.8989585196773,2.0411507089088445
4606,4551.5907111096585,441.7211710001393,31.86336318937083
4607,4473.405740866007,392.78450239255653,-17.07330541821193
4608,4489.522652521382,402.63752621653566,-7.220281594232802
4609,4479.492637832307,396.49117775364493,-13.36663005712353
4610,4496.812899457163,407.1348734898902,-2.7229343208782666
4611,4577.202860065218,458.3643721106914,48.50656429992296
4612,4507.900246279402,414.0226547140833,4.16484690331481
4613,4527.833520895222,426.5503402245413,16.692532413772824
4614,4494.477157381399,405.69122236303474,-4.166585447733723
4615,4463.001884803507,386.49001050835113,-23.36779730241733
4616,4516.260381890796,419.254312867557,9.396505056788556
4617,4481.621351928189,397.7916475535635,-12.066160257204956
4618,4500.8291725126555,409.6232228380836,-0.2345849726848428
4619,4466.982745891711,388.8923620645437,-20.96544574622476
4620,4486.107929855918,400.53963618540365,-9.318171625364812
4621,4572.711291643994,455.4243001313871,45.566492320618636
4622,4442.620916964732,374.3103088100529,-35.54749900071556
4623,4512.777699833663,417.07093055786345,7.213122747094985
4624,4493.485260511756,405.078940196192,-4.778867614576484
4625,4460.794215057666,385.1610193849615,-24.69678842580697
4626,4450.428746571806,378.9525425710558,-30.905265239712662
4627,4458.25831474919,383.63733267059433,-26.22047514017413
4628,4529.109063968826,427.3582771369556,17.500469326187158
4629,4520.943783528527,422.19936600231495,12.341558191546483
4630,4413.119262703249,357.038233681159,-52.819574129609464
4631,4539.714989373098,434.1052025434201,24.247394732651628
4632,4502.106948473102,410.41648239043525,0.5586745796667856
4633,4546.605970153148,438.5165758784251,28.658768067656638
4634,4515.2704913771495,418.63314973380875,8.775341923040287
4635,4460.857441464513,385.1990483165564,-24.658759494212063
4636,4541.521046803159,435.25927555753606,25.401467746767594
4637,4552.268721843195,442.157926425813,32.30011861504454
4638,4535.497582377389,431.41610821146105,21.558300400692588
4639,4488.103762467651,401.7651369723221,-8.092670838446338
4640,4511.273026272359,416.12936389889046,6.271556088121997
4641,4549.065357281287,440.0962522508935,30.238444440125022
4642,4492.906034364465,404.72160808237913,-5.136199728389329
4643,4553.777656715476,443.1306908362044,33.27288302543593
4644,4531.443250615795,428.83871241088536,18.9809046001169
4645,4498.382190526417,408.10624969210266,-1.7515581186657982
4646,4494.17177854034,405.50266734711204,-4.355140463656426
4647,4551.142313833873,441.4324411196644,31.574633308895955
4648,4473.058038513847,392.57329979715314,-17.284508013615323
4649,4521.826563031168,422.7556247685966,12.897816957828127
4650,4450.524307670903,379.0095425442737,-30.848265266494764
4651,4464.845258202799,387.60149476297465,-22.25631304779381
4652,4504.670090084638,412.0100265553019,2.1522187445334566
4653,4537.188122302984,432.49304480390947,22.635236993141007
4654,4456.207587082624,382.407426932406,-27.450380878362466
4655,4527.231149338506,426.16905595711705,16.31124814634859
4656,4479.546348776786,396.5239642034435,-13.33384360732498
4657,4494.099706803622,405.4581733484606,-4.3996344623078585
4658,4505.222518407223,412.353883718396,2.496075907627528
4659,4535.063167635065,431.1395823353032,21.28177452453474
4660,4509.315597562828,414.90606460302706,5.048256792258599
4661,4599.874915399515,473.34216212313595,63.484354312367486
4662,4393.359705414995,345.70943111667793,-64.14837669409053
4663,4429.31427194838,366.4670339516015,-43.390773859166984
4664,4442.7740128153155,374.40104928961773,-35.45675852115073
4665,4575.338074205944,457.14263071837877,47.284822907610305
4666,4577.157723107314,458.33478159423794,48.476973783469475
4667,4549.802919581607,440.5705302333895,30.712722422621027
4668,4365.835931615853,330.2533704139555,-79.60443739681295
4669,4485.967326264647,400.453372633006,-9.40443517776248
4670,4548.253524682286,439.57450285741334,29.716695046644872
4671,4444.675023845785,375.5287341718722,-34.32907363889626
4672,4543.745708323356,436.6828927724114,26.825084961642915
4673,4489.866642539635,402.84916839768584,-7.008639413082619
4674,4512.230737947004,416.72854054173877,6.870732730970303
4675,4462.214358259394,386.0156598301619,-23.84214798060657
4676,4498.0358425601435,407.89176379118726,-1.9660440195812043
4677,4518.460866964681,420.6367678204133,10.778960009644834
4678,4476.659288805901,394.7635828375687,-15.094224973199744
4679,4515.450514016688,418.7460811998294,8.888273389060942
4680,4518.194927606923,420.4695716225324,10.611763811763922
4681,4545.4746320738905,437.79083986266596,27.9330320518975
4682,4532.294301724847,429.37910911971676,19.521301308948296
4683,4466.434099778532,388.56081560529583,-21.296992205472634
4684,4486.81144888622,400.97140225823205,-8.886405552536417
4685,4520.423791549209,421.87187707823887,12.014069267470404
4686,4475.1997881337475,393.87516703657593,-15.982640774192532
4687,4454.560677604342,381.4211767576812,-28.43663105308724
4688,4508.065001518573,414.1254405951122,4.267632784343732
4689,4421.172441527178,361.71072078278894,-48.147087027979524
4690,4553.930130220705,443.22904349066357,33.37123567989511
4691,4516.804644806284,419.5960361791563,9.738228368387809
4692,4533.021343884262,429.8410278084898,19.983219997721335
4693,4517.744404518687,420.1864026696853,10.328594858916858
4694,4482.904788545564,398.57676405727125,-11.281043753497215
4695,4507.861296160338,413.998356754475,4.140548943706563
4696,4496.129247337105,406.71206244470886,-3.1457453660596
4697,4528.765268424893,427.1404408412118,17.28263303044332
4698,4462.697620447742,386.30670767701076,-23.5511001337577
4699,4463.492120342149,386.7854445528965,-23.072363257871984
4700,4570.22710295291,453.80209833632216,43.9442905255537
4701,4526.317700128098,425.5911886994377,15.733380888669217
4702,4484.547143625977,399.5825838773367,-10.27522393343179
4703,4471.895176410186,391.8673699478645,-17.990437862903946
4704,4497.074918118507,407.2969798085942,-2.5608280021742758
4705,4441.8845428177865,373.8740163030616,-35.98379150770688
4706,4481.123583341837,397.48735853192375,-12.370449278844717
4707,4513.205171140332,417.3386185147365,7.480810703968018
4708,4553.571947363191,442.9980152870444,33.14020747627592
4709,4534.477146217928,430.76668920462043,20.90888139385197
4710,4543.550750937964,436.55804396909343,26.70023615832497
4711,4465.451265588073,387.96725077186875,-21.890557038899715
4712,4496.284709994942,406.80819041321683,-3.0496173975516285
4713,4459.664934682043,384.48211271035825,-25.375695100410212
4714,4538.719255570921,433.46956763142043,23.61175982065197
4715,4506.462996903826,413.12653708896005,3.2687292781915858
4716,4491.715596347064,403.98770937800737,-5.870098432761097
4717,4489.304071735735,402.50307203039847,-7.354735780369992
4718,4584.088696869705,462.88919439743995,53.03138658667149
4719,4510.011071879026,415.3404975109215,5.48268970015306
4720,4393.550383570072,345.81782736893456,-64.0399804418339
4721,4522.412035416962,423.12474339751316,13.266935586744694
4722,4474.017449975696,393.1562091673718,-16.701598643396665
4723,4478.2508465062165,395.7335417747663,-14.124266036002155
4724,4523.050038696907,423.52716198453254,13.669354173764077
4725,4393.308609441868,345.6803872768387,-64.17742053392976
4726,4586.716117994673,464.62129716627715,54.76348935550868
4727,4525.841093176104,425.2898304577284,15.432022646959922
4728,4491.81785355803,404.05072409531795,-5.807083715450517
4729,4520.937363651771,422.1953220228593,12.33751421209081
4730,4554.826226735661,443.80728193015875,33.94947411939029
4731,4514.036404125559,417.85939138875665,8.001583577988185
4732,4494.264925280863,405.56017578335377,-4.297632027414693
4733,4494.52072862483,405.71812885333384,-4.139678957434626
4734,4453.195663412882,380.6047320972666,-29.253075713501858
4735,4540.313257181269,434.4873306662266,24.629522855458163
4736,4541.947366171019,435.53191244154687,25.6741046307784
4737,4461.327205325788,385.48165851524664,-24.376149295521827
4738,4537.845261908798,432.91202187699855,23.054214066230088
4739,4503.815146548916,411.47815218833557,1.6203443775671076
4740,4490.354596618937,403.1494815465303,-6.708326264238167
4741,4457.791989221617,383.3574799198159,-26.500327890952576
4742,4530.530728722111,428.25965464409364,18.40184683332518
4743,4443.608332329071,374.89575372658965,-34.96205408417882
4744,4517.745134640632,420.18686149950736,10.329053688738895
4745,4496.594650484438,406.99987141864085,-2.8579363921276126
4746,4520.860584036308,422.1469588421405,12.289151031372057
4747,4514.795409647791,418.3351949174976,8.477387106729111
4748,4466.913247807383,388.85035643295896,-21.007451377809502
4749,4494.126325528962,405.47460632191724,-4.383201488851228
4750,4471.571707767719,391.67111928757595,-18.186688523192515
4751,4431.406908571985,367.69476047461876,-42.1630473361497
4752,4526.709493824486,425.8389983562315,15.98119054546305
4753,4479.9686192701165,396.7817761161996,-13.076031694568883
4754,4503.235220076666,411.11756580292194,1.2597579921534816
4755,4467.201892854044,389.0248327806221,-20.832975030146372
4756,4487.33240265783,401.2912750626306,-8.566532748137888
4757,4555.395091070366,444.17455145096255,34.31674364019409
4758,4616.07495836779,484.18320402173094,74.32539621096248
4759,4508.2301246593515,414.2284687552624,4.37066094449392
4760,4540.569186689999,434.65084919978244,24.79304138901398
4761,4459.607665486288,384.44769967769116,-25.4101081330773
4762,4469.902422508124,390.6591484408723,-19.198659369896177
4763,4533.469666543259,430.12598644512354,20.26817863435508
4764,4430.746329388933,367.30697473466216,-42.5508330761063
4765,4475.534206180859,394.0786415643597,-15.77916624640875
4766,4449.511267327641,378.40551251727265,-31.45229529349581
4767,4520.605466789916,421.98628115549764,12.128473344729173
4768,4468.899018839998,390.05149714126674,-19.806310669501727
4769,4564.113618675139,449.82175648993234,39.96394867916388
4770,4570.322910304696,453.86461014017686,44.0068023294084
4771,4501.039902801574,409.75399400435026,-0.10381380641820215
4772,4512.01513037162,416.593611805265,6.735803994496564
4773,4503.799131778055,411.46819241164485,1.6103846008763867
4774,4521.842567165911,422.76571266617975,12.907904855411289
4775,4461.70825465202,385.71097600723306,-24.146831803535406
4776,4504.819024102504,412.10271593660855,2.244908125840084
4777,4463.9459913307655,387.05906695586464,-22.798740854903826
4778,4565.028740772233,450.41649789357507,40.558690082806606
4779,4479.573953019195,396.5408150302396,-13.316992780528835
4780,4482.36138088855,398.244249740073,-11.61355807069549
4781,4472.0506422163,391.9617099378479,-17.896097872920564
4782,4403.606583868882,351.5601551322434,-58.29765267852508
4783,4514.184693059286,417.9523292667491,8.094521455980612
4784,4489.031658650088,402.3355360066312,-7.52227180413729
4785,4516.609599016564,419.4735580026304,9.615750191861935
4786,4461.8938065311995,385.8226673973013,-24.03514041346716
4787,4392.544529584896,345.24622602088175,-64.61158178988671
4788,4444.777259979564,375.5894306556006,-34.268377155167855
4789,4500.630001463122,409.4996440973068,-0.3581637134616358
4790,4494.420352899618,405.6561453154304,-4.2016624953380415
4791,4473.602694706227,392.90416243140726,-16.953645379361205
4792,4544.824964277864,437.37435249902046,27.516544688251997
4793,4520.513948488206,421.928648562493,12.070840751724518
4794,4508.3005881147255,414.27243813474433,4.414630323975871
4795,4472.494452007801,392.23108686177966,-17.626720948988805
4796,4444.191916212681,375.2419870618828,-34.61582074888565
4797,4507.55925237829,413.80995917970995,3.952151368941486
4798,4498.504112008486,408.18176651223666,-1.6760412985317998
4799,4507.798971716801,413.9594788443151,4.101671033546609
4800,4572.349844473842,455.1880989230076,45.33029111223914
4801,4592.856654923402,468.6813445576872,58.82353674691876
4802,4596.879264174638,471.3500948558262,61.492287045057765
4803,4553.936886188076,443.2334016551881,33.375593844419654
4804,4461.872471644476,385.8098241992707,-24.047983611497784
4805,4479.042719205629,396.2165905974748,-13.641217213293658
4806,4520.124134846875,421.6832115313973,11.825403720628856
4807,4454.274313679999,381.24982165476194,-28.60798615600652
4808,4484.243893609083,399.39676941574226,-10.461038395026208
4809,4503.568832484268,411.3249798581792,1.4671720474107133
4810,4444.311626017551,375.3130299013501,-34.54477790941837
4811,4491.426066139769,403.809316864988,-6.048490945780486
4812,4501.541705896874,410.0654779201782,0.20767010940971886
4813,4475.584694575163,394.10936554512455,-15.748442265643916
4814,4533.074773464986,429.8749833529805,20.017175542212044
4815,4453.006943349466,380.49192537158024,-29.365882439188226
4816,4514.516834280647,418.160531051853,8.30272324108455
4817,4573.455137523547,455.9105786507762,46.052770840007724
4818,4424.719922526061,363.7791003134171,-46.07870749735139
4819,4461.826199259819,385.781969851927,-24.075837958841475
4820,4486.573724673319,400.8254790848532,-9.03232872591525
4821,4555.594190914555,444.30312879301664,34.44532098224818
4822,4491.225656860825,403.685858967493,-6.171948843275459
4823,4480.539095675675,397.1302081247145,-12.727599686053964
4824,4437.642769757931,371.36595520811125,-38.49185260265722
4825,4502.7865670081255,410.8387109137584,0.9809031029899415
4826,4508.055686756681,414.1196290538278,4.26182124305933
4827,4508.004410063843,414.0876379151068,4.229830104338362
4828,4547.656379552884,439.1909210540998,29.333113243331354
4829,4524.260127123128,424.2909403047156,14.433132493947141
4830,4451.960204884949,379.8665538957421,-29.99125391502639
4831,4538.308928310536,433.2077643305224,23.34995651975396
4832,4522.586208362557,423.2345836938798,13.37677588311135
4833,4498.771072997632,408.3471436547238,-1.5106641560446405
4834,4428.584172155169,366.0391966737616,-43.81861113700688
4835,4464.145111997046,387.179140844979,-22.67866696578949
4836,4538.253192533491,433.1722089016348,23.31440109086634
4837,4551.693696663038,441.78749790994016,31.929690099171694
4838,4429.902570047167,366.81196543979013,-43.045842370978335
4839,4549.364460539455,440.28855604543696,30.4307482346685
4840,4423.651534431742,363.1555203912985,-46.70228741946994
4841,4515.968844974761,419.0713239878128,9.213516177044312
4842,4549.255209351329,440.2183099596359,30.360502148867454
4843,4548.08832207256,439.46836711354854,29.610559302780075
4844,4587.991555898405,465.4632243516835,55.60541654091503
4845,4592.133673410025,468.20244998522594,58.344642174457476
4846,4528.2522730209075,426.81549746389237,16.957689653123907
4847,4517.496320414617,420.030513788578,10.172705977809528
4848,4521.987766371567,422.8572416189422,12.999433808173762
4849,4530.972385431708,428.53986813017127,18.682060319402808
4850,4519.481190656061,421.2785511287907,11.420743318022232
4851,4516.8958318166615,419.6533027552973,9.795494944528855
4852,4487.67724706007,401.50308507749696,-8.354722733271501
4853,4550.978623596701,441.32706128957943,31.46925347881097
4854,4500.438502559532,409.3808432567821,-0.47696455398636317
4855,4490.756806132835,403.39710762667755,-6.460700184090911
4856,4498.941937536211,408.45300853277195,-1.404799277996517
4857,4486.169408405623,400.5773576441825,-9.280450166585979
4858,4431.450121509489,367.72013558801564,-42.137672222752826
4859,4527.755797567148,426.50113410846507,16.643326297696603
4860,4493.875258959976,405.31962459561237,-4.538183215156096
4861,4467.02533113178,388.91810233479464,-20.939705475973824
4862,4520.223879394556,421.74600662561943,11.888198814850966
4863,4597.06910980077,471.4762221847186,61.618414373950145
4864,4480.896542438385,397.34860617698405,-12.509201633784414
4865,4477.951178042567,395.5508195174302,-14.306988293338236
4866,4524.428144733659,424.39704261799943,14.539234807230969
4867,4581.514200649784,461.1949639040322,51.33715609326373
4868,4524.802437763414,424.63345391873554,14.775646107967077
4869,4440.032974301404,372.7781501611498,-37.07965764961864
4870,4588.921249607063,466.07737817102,56.21957036025151
4871,4509.099986089073,414.771427348232,4.913619537463546
4872,4416.815676279906,359.17894388982495,-50.67886392094351
4873,4455.88746671802,382.21562064271666,-27.642187168051805
4874,4465.467169256996,387.97685181249653,-21.88095599827193
4875,4507.295391551548,413.6454129201761,3.78760510940765
4876,4531.576786185569,428.9234821357709,19.06567432500242
4877,4536.444261822366,432.0190161129008,22.16120830213231
4878,4435.969551849519,370.379030881787,-39.47877692898146
4879,4439.954299968755,372.7316230490633,-37.12618476170519
4880,4476.359428285161,394.58097111024836,-15.276836700520107
4881,4598.319092714448,472.3070675430622,62.44925973229374
4882,4422.201571440074,362.3101248131052,-47.54768299766329
4883,4441.768046139941,373.8050176246952,-36.05279018607325
4884,4474.342293425199,393.35367390165857,-16.504133909109896
4885,4548.476730574386,439.71792306377756,29.8601152530091
4886,4436.540782412687,370.7158098495206,-39.14199796124785
4887,4485.217544912339,399.99352288023874,-9.86428493052972
4888,4483.616031647213,399.01218998144213,-10.84561782932633
4889,4422.887383111783,362.70985615354675,-47.14795165722171
4890,4483.619720951656,399.01444921547045,-10.843358595298014
4891,4466.244458269583,388.4462489660509,-21.411558844717547
4892,4515.254553879747,418.62315258082936,8.765344770060892
4893,4606.432811715356,477.7168536620279,67.85904585125945
4894,4525.674080870061,425.18425358772447,15.326445776956007
4895,4403.401002615161,351.4422609683488,-58.415546842419644
4896,4496.709113057402,407.07067162850626,-2.787136182262202
4897,4564.5129972264585,450.0812676632977,40.22345985252923
4898,4471.20547635847,391.44898459342494,-18.408823217343524
4899,4554.81560270123,443.8004242524321,33.94261644166363
4900,4509.8278578261525,415.2260296112595,5.368221800491028
4901,4415.846234449588,358.61685814501607,-51.240949665752396
4902,4481.489935658684,397.7113005191695,-12.146507291598937
4903,4496.333945672248,406.83863692209343,-3.019170888675035
4904,4597.253962111525,471.59904739441026,61.7412395836418
4905,4565.806048730256,450.9219702374721,41.06416242670366
4906,4458.131552353879,383.56124924585674,-26.29655856491172
4907,4582.448197791109,461.80926940540576,51.951461594637294
4908,4500.52604654778,409.43515108409747,-0.4226567266709935
4909,4544.447948073762,437.13274446390596,27.2749366531375
4910,4484.338715570052,399.45486625719604,-10.402941553572418
4911,4484.918806336878,399.81037733957464,-10.04743047119382
4912,4454.40870467046,381.33023391185634,-28.527573898912124
4913,4458.494466574121,383.77909283378176,-26.078714976986703
4914,4537.816000855109,432.89336148032453,23.035553669556066
4915,4500.8512338127175,409.6369122590486,-0.2208955517198774
4916,4468.987763661047,390.1052206786849,-19.75258713208359
4917,4574.8080606810245,456.79566899986185,46.93786118909338
4918,4555.607197055111,444.3115286978218,34.45372088705335
4919,4576.035569870239,457.59942276679976,47.7416149560313
4920,4512.90084653535,417.14803783506795,7.29023002429949
4921,4555.433587371046,444.1994106990146,34.34160288824614
4922,4518.926643596355,420.92968110493484,11.07187329416638
4923,4516.05269077035,419.12394739264255,9.266139581874086
4924,4505.860837636769,412.75138169495176,2.893573884183297
4925,4496.8827826777715,407.17810583873325,-2.679701972035218
4926,4568.483556949516,452.6652013323278,42.807393521559334
4927,4584.464992539776,463.13707530742295,53.279267496654484
4928,4479.183853229328,396.30271488119797,-13.555092929570492
4929,4505.755567704168,412.68581421072895,2.8280063999604863
4930,4459.709612478312,384.5089606739298,-25.348847136838685
4931,4503.720002282557,411.41898260391145,1.5611747931429818
4932,4591.627904513258,467.8675721070558,58.00976429628736
4933,4433.309572604787,368.81289019222504,-41.04491761854342
4934,4471.082492597213,391.3744041862278,-18.483403624540642
4935,4443.602072301002,374.89204062360704,-34.96576718716142
4936,4509.205114401221,414.8370713561176,4.979263545349113
4937,4498.754206247794,408.3366940376336,-1.5211137731348572
4938,4522.22481381039,423.0066898080099,13.14888199724146
4939,4576.721477148724,458.0488380445736,48.19103023380512
4940,4546.7436302010865,438.6049226118448,28.74711480107635
4941,4540.638285239345,434.69500281147066,24.837195000702195
4942,4496.682572296427,407.05425443307195,-2.8035533776965167
4943,4488.864121114202,402.23251666553824,-7.6252911452302214
4944,4549.429725788189,440.33052274763213,30.472714936863667
4945,4505.932702508965,412.7961457886154,2.9383379778469134
4946,4388.218543341642,342.7936225475373,-67.06418526323114
4947,4545.220189723052,437.62769961314507,27.769891802376605
4948,4497.5412633616215,407.5855794475401,-2.2722283632283506
4949,4501.990031481593,410.3438669275424,0.4860591167739585
4950,4529.414745222977,427.55200927961005,17.694201468841584
4951,4488.644922800565,402.0977510368084,-7.760056773960059
4952,4510.126207486439,415.41243960856036,5.554631797791899
4953,4517.941429738233,420.3102280387543,10.45242022798584
4954,4489.015397981046,402.32553668902574,-7.532271121742724
4955,4514.590064393447,418.20644206564157,8.348634254873105
4956,4567.05198563154,451.7327538438981,41.87494603312962
4957,4483.218527231555,398.7688065189968,-11.089001291771638
4958,4450.658904105387,379.08983368424515,-30.767974126523313
4959,4541.932168110989,435.52219164854205,25.664383837773585
4960,4514.453528425067,418.12084398524576,8.263036174477293
4961,4529.391941194169,427.5375552397004,17.679747428931933
4962,4389.5296152497895,343.53594528589383,-66.32186252487463
4963,4518.066173924372,420.3886359487169,10.530828137948447
4964,4509.964890192139,415.31164278152437,5.453834970755906
4965,4533.989272417946,430.45636936283427,20.598561552065803
4966,4451.899532305266,379.8303214485263,-30.027486362242144
4967,4538.0064060537325,433.01479397900766,23.1569861682392
4968,4529.79451532326,427.79275699123355,17.934949180465082
4969,4545.290940009124,437.6730594482733,27.815251637504844
4970,4507.151477876442,413.5556806573495,3.697872846581049
4971,4488.875780072153,402.2396853637856,-7.618122446982852
4972,4585.644351949365,463.91437455167306,54.0565667409046
4973,4558.267801434495,446.0314719776193,36.17366416685081
4974,4521.295408369548,422.42088916355897,12.563081352790505
4975,4562.436550892539,448.73280545748185,38.87499764671338
4976,4476.022950052735,394.3761106919119,-15.481697118856573
4977,4479.718219138252,396.62888723155856,-13.228920579209898
4978,4428.551618044007,366.02012609412577,-43.83768171664269
4979,4505.114969802311,412.2869292228406,2.4291214120721634
4980,4453.162827148988,380.5851031039174,-29.272704706851073
4981,4507.571866755174,413.8178264487615,3.9600186379930165
4982,4439.620769574323,372.53441039724066,-37.3233974135278
4983,4505.923893530156,412.7906586110694,2.932850800300912
4984,4474.482674105722,393.43902363476855,-16.418784175999917
4985,4560.858507079009,447.7093137441825,37.851505933414046
4986,4503.509621834321,411.2881634997452,1.4303556889767606
4987,4542.000313802584,435.56577897018406,25.707971159415592
4988,4475.88512995237,394.2922163063686,-15.56559150439989
4989,4500.188917283653,409.22603307249483,-0.6317747382736343
4990,4528.923048900797,427.24040718074,17.382599369971558
4991,4526.367624306049,425.62276180896833,15.764953998199871
4992,4527.2243074488315,426.16472619761544,16.306918386846974
4993,4528.067462715269,426.6984640814653,16.840656270696854
4994,4599.06444483193,472.8028200014537,62.94501219068525
4995,4539.788103323617,434.15189338031905,24.29408556955059
4996,4466.280927238252,388.46827933804934,-21.38952847271912
4997,4520.666794207022,422.02490356596536,12.167095755196897
4998,4494.853708053799,405.92378278610477,-3.934025024663697
4999,4424.781945655444,363.8153181918078,-46.042489618960644
5000,4536.524987791,432.07044681526077,22.212639004492303
5001,4521.146105618714,422.326821620974,12.469013810205524
5002,4450.632591982473,379.074136959764,-30.783670851004445
5003,4479.258852031585,396.348485298201,-13.50932251256745
5004,4529.782382991595,427.78506491005464,17.92725709928618
5005,4564.7349363467,450.22551205063246,40.367704239864
5006,4462.295150523071,386.0643096858157,-23.793498124952748
5007,4482.456694986732,398.3025628385494,-11.555244972219043
5008,4559.6872394556485,446.95037868373765,37.09257087296919
5009,4503.830996929011,411.4880098470385,1.6302020362700205
5010,4577.819669227899,458.7688261478188,48.911018337050336
5011,4375.985295798024,335.90860831144755,-73.94919949932091
5012,4421.949442164744,362.163227115097,-47.69458069567145
5013,4463.319604723154,386.6814670942076,-23.176340716560844
5014,4518.744876270974,420.81536094644207,10.957553135673606
5015,4513.8826299969505,417.76302658461327,7.905218773844808
5016,4411.236411522852,355.9504047261498,-53.907403084618636
5017,4451.449390185671,379.56156121732465,-30.29624659344381
5018,4509.458602407538,414.99537509717084,5.137567286402373
5019,4584.2653869962505,463.00557935241477,53.14777154164631
5020,4564.057361921658,449.7852073447657,39.92739953399723
5021,4526.911933822635,425.96706957632523,16.109261765556766
5022,4490.587487637861,403.29285492461713,-6.564952886151332
5023,4535.990075367593,431.7297087565862,21.871900945817742
5024,4464.524951082628,387.40824451586377,-22.449563294904692
5025,4464.457619793695,387.36762793408207,-22.490179876686398
5026,4473.625951806643,392.9182935932936,-16.93951421747488
5027,4523.0062962460925,423.49956553760603,13.641757726837568
5028,4491.607702355613,403.92122642809727,-5.936581382671193
5029,4545.773183752245,437.9822993463695,28.12449153560101
5030,4471.918979769186,391.8818135876686,-17.97599422309986
5031,4495.064988889592,406.05430067957104,-3.8035071311974207
5032,4475.795416123422,394.2376102286412,-15.620197582127275
5033,4506.636440173757,413.2346267127009,3.376818901932438
5034,4518.358380766937,420.5723308020647,10.714522991296235
5035,4510.321716017066,415.5346166621616,5.676808851393162
5036,4517.115585040977,419.79132642664945,9.933518615880985
5037,4500.132393594308,409.1909772118638,-0.666830598904653
5038,4502.580079451527,410.7104028506742,0.8525950399057365
5039,4547.5423041312615,439.117662155395,29.259854344626547
5040,4455.838840978187,382.18648991973714,-27.671317891031322
5041,4545.1329574742795,437.5717759180602,27.71396810729175
5042,4531.458595430294,428.8484530351834,18.990645224414948
5043,4476.854844316936,394.8826970850032,-14.975110725765262
5044,4505.1833269458775,412.32948440498285,2.4716765942143866
5045,4533.701708105002,430.27351090991897,20.415703099150505
5046,4476.804257655395,394.8518826416248,-15.005925169143666
5047,4487.237722782965,401.23313074244015,-8.62467706832831
5048,4522.225591554207,423.0071801848908,13.149372374122322
5049,4463.337048776276,386.6919802069665,-23.165827603801972
5050,4516.92768482923,419.6733077560243,9.815499945255851
5051,4529.062514714044,427.32877932368,17.470971512911547
5052,4565.26734736032,450.5716313746293,40.71382356386084
5053,4604.135710562943,476.18233702181305,66.32452921104459
5054,4501.016539290027,409.7394944721077,-0.11831333866075511
5055,4554.847766840953,443.82118594881285,33.96337813804439
5056,4480.736150510818,397.2506000480935,-12.607207762674989
5057,4530.1153306361675,427.9961834108526,18.138375600084146
5058,4539.155605783337,433.7480593535224,23.89025154275396
5059,4511.755699794302,416.43128711743975,6.573479306671288
5060,4540.3200633218985,434.49167885795214,24.633871047183675
5061,4515.816766276903,418.97588452375885,9.118076712990387
5062,4491.813638455212,404.048126493607,-5.8096813171614485
5063,4475.047950259161,393.7827998778016,-16.075007932966855
5064,4543.345634785382,436.4267083795585,26.568900568790013
5065,4460.431017223391,384.94260322981427,-24.915204580954196
5066,4423.2726197187085,362.93449596167557,-46.9233118490929
5067,4526.279966593526,425.5673259772948,15.709518166526323
5068,4503.8183356309555,411.4801355308073,1.622327720038811
5069,4532.183166293896,429.30852185973026,19.4507140489618
5070,4497.498781277669,407.5592849939176,-2.298522816850891
5071,4436.241007123182,370.53905224505615,-39.31875556571231
5072,4419.7370839658215,360.87558349288975,-48.98222431787872
5073,4481.6388597199075,397.80235232141104,-12.055455489357428
5074,4534.125137515813,430.5427774884074,20.684969677638946
5075,4391.856516230414,344.8555355676576,-65.00227224311084
5076,4443.201560824913,374.6545189051981,-35.20328890557039
5077,4413.903408203856,357.4917944276699,-52.36601338309856
5078,4461.02265738786,385.2984301992442,-24.55937761152427
5079,4550.6192471025015,441.0957461922835,31.23793838151505
5080,4485.954346154672,400.44540950862074,-9.412398302147722
5081,4517.840026720042,420.24649654853056,10.388688737762095
5082,4504.42771333279,411.85920516098304,2.0013973502145745
5083,4586.25573677972,464.3175732660875,54.45976545531903
5084,4465.862458987956,388.215527133194,-21.64228067757449
5085,4466.295105321534,388.47684428364937,-21.380963527119093
5086,4557.965003257723,445.8355666303437,35.97775881957523
5087,4419.266899573706,360.60223527104745,-49.255572539721015
5088,4473.483058638528,392.83147488243776,-17.026332928330703
5089,4535.921863114871,431.6862671642798,21.828459353511334
5090,4523.78923608171,423.9936446300062,14.135836819237738
5091,4491.719818524663,403.9903111438448,-5.867496666923671
5092,4492.998681207667,404.77875246779104,-5.079055342977426
5093,4465.625108986185,388.07220657543803,-21.785601235330432
5094,4533.181272432019,429.94266945780555,20.084861647037087
5095,4492.807028433929,404.66054590907424,-5.197261901694219
5096,4455.861485263462,382.200055523057,-27.657752287711446
5097,4544.7022356607395,437.29569563569703,27.437887824928566
5098,4524.084627113675,424.18012686934117,14.322319058572702
5099,4456.966136209284,382.8621236717877,-26.995684138980778
5100,4462.482367934618,386.1770565564002,-23.68075125436826
5101,4503.977145044974,411.5789077527252,1.7210999419567088
5102,4552.3793235490375,442.22919278815107,32.371384977382604
5103,4464.291775348294,387.267594069232,-22.590213741536445
5104,4480.177394942738,396.90927283652945,-12.94853497423901
5105,4499.362238229803,408.71347848632786,-1.144329324440605
5106,4525.409792305264,425.0172099104575,15.159402099689032
5107,4538.876572758582,433.5699620721475,23.712154261379055
5108,4540.483152372347,434.59587678261323,24.73806897184477
5109,4396.92876732051,347.7413617002171,-62.11644611055135
5110,4556.714608795691,445.02702285082296,35.169215040054496
5111,4539.360393533529,433.8787911550644,24.020983344295928
5112,4569.619280531678,453.4056062024506,43.547798391682136
5113,4486.760604540142,400.94019002284176,-8.917617787926702
5114,4487.980054790029,401.6891218561482,-8.168685954620287
5115,4450.342007739519,378.9008087017778,-30.956999108990658
5116,4509.849553417848,415.2395836950709,5.381775884302442
5117,4500.122745683711,409.18499375038573,-0.6728140603827342
5118,4499.668282485749,408.90319344647287,-0.954614364295594
5119,4488.926639077446,402.2709575962822,-7.586850214486276
5120,4542.134278538365,435.651471649654,25.79366383888555
5121,4537.434335700306,432.65000153604933,22.792193725280868
5122,4434.887305203224,369.74140983974667,-40.1163979710218
5123,4591.287159521877,467.64202314030445,57.78421532953598
5124,4501.376912867512,409.9631729886423,0.10536517787386401
5125,4441.202705545118,373.47027129449725,-36.38753651627121
5126,4509.034332552736,414.73043472407744,4.872626913308977
5127,4507.949100506992,414.0531320838354,4.195324273066944
5128,4580.544737253055,460.5577433134408,50.69993550267236
5129,4585.55496964869,463.85544225506237,53.99763444429391
5130,4539.389304054475,433.8972485196459,24.039440708877464
5131,4492.385818890074,404.40081558356314,-5.456992227205319
5132,4545.064096527701,437.5276323338121,27.669824523043644
5133,4497.344036586541,407.46351234952544,-2.3942954612430185
5134,4547.033045271803,438.7906901160113,28.932882305242856
5135,4501.683550839942,410.15354670857187,0.29573889780340323
5136,4525.64948706209,425.1687076974945,15.31089988672602
5137,4608.838751486893,479.32655580640267,69.4687479956342
5138,4461.1001626789175,385.34505627225735,-24.51275153851111
5139,4540.344546458917,434.5073204051787,24.649512594410226
5140,4463.270390159797,386.6518074448045,-23.206000365963973
5141,4521.32078005794,422.4368755138298,12.579067703061355
5142,4500.213288832199,409.24114871412576,-0.6166590966427066
5143,4464.703857057254,387.51617742020517,-22.341630390563296
5144,4573.756112953954,456.1074075570009,46.249599746232434
5145,4503.017061602856,410.9819602295779,1.1241524188094445
5146,4511.677749583873,416.38252012325574,6.5247123124872815
5147,4488.216754164529,401.83457373851525,-8.023234072253217
5148,4397.875481011351,348.2814053119632,-61.57640249880524
5149,4501.234299727399,409.8746478318162,0.016840021047755727
5150,4553.9226703802115,443.2242312931635,33.36642348239502
5151,4486.635147614074,400.8631799976615,-8.994627813106945
5152,4451.362767660757,379.5098539310711,-30.347953879697343
5153,4513.219072239316,417.34732499178017,7.489517181011706
5154,4488.388203266519,401.9399458796206,-7.917861931147854
5155,4514.766007867237,418.3167585973688,8.458950786600326
5156,4473.080808343798,392.58712895946564,-17.27067885130282
5157,4436.441313509657,370.6571547776889,-39.20065303307956
5158,4503.379054865951,411.2069845942092,1.3491767834407256
5159,4526.656918389988,425.80574024594625,15.94793243517779
5160,4501.210833808431,409.8600825998983,0.0022747891298422473
5161,4526.232031358755,425.53701264134634,15.679204830577874
5162,4544.469979388378,437.14686127885943,27.28905346809097
5163,4415.805082088971,358.59300810421473,-51.26479970655373
5164,4522.114167973124,422.93692913164523,13.079121320876766
5165,4447.012495606065,376.9177336106686,-32.94007420009984
5166,4532.380588494775,429.43391777320903,19.57610996244057
5167,4509.054576335496,414.7430742816582,4.885266470889746
5168,4460.734811803629,385.1252917270722,-24.732516083696282
5169,4542.847682469015,436.1079503724477,26.25014256167924
5170,4533.847338114892,430.36611039991294,20.508302589144478
5171,4580.312290041588,460.4050199635635,50.547212152795055
5172,4520.4840239217665,421.90980475706556,12.051996946297095
5173,4479.965288860301,396.7797424443261,-13.078065366442388
5174,4452.913535270165,380.4360974039623,-29.42171040680614
5175,4518.169085296995,420.4533263049884,10.59551849421996
5176,4543.707958342904,436.65871669536546,26.800908884596993
5177,4543.476612202154,436.51057081536464,26.65276300459618
5178,4509.11088792669,414.77823441120245,4.920426600433984
5179,4501.94667384962,410.3169397589195,0.4591319481510254
5180,4547.352853926918,438.9960109253284,29.13820311455993
5181,4482.197811756414,398.14418832894717,-11.713619481821297
5182,4526.71273121383,425.84104630223237,15.983238491463908
5183,4483.431072213385,398.89893392888916,-10.958873881879299
5184,4564.859584064272,450.30653380936883,40.448725998600366
5185,4526.315901827956,425.5900514378027,15.732243627034222
5186,4518.313444612332,420.5440792531017,10.686271442333236
5187,4581.141078063245,460.9496637388156,51.09185592804715
5188,4520.464820003359,421.897712072559,12.039904261790525
5189,4453.63239567989,380.86585321732036,-28.9919545934481
5190,4533.403774500474,430.0840989555354,20.226291144766947
5191,4518.122565876569,420.4240834658781,10.56627565510962
5192,4482.297982844675,398.2054652538636,-11.652342556904841
5193,4458.388187753691,383.7152911313815,-26.142516679386972
5194,4496.804387565154,407.12960787553357,-2.7281999352348976
5195,4489.197275601162,402.4373874437392,-7.420420367029237
5196,4482.269168642991,398.1878384647216,-11.669969346046855
5197,4440.3208644835695,372.9484308433707,-36.90937696739775
5198,4486.27973806085,400.64505722488,-9.212750585888443
5199,4508.119195593756,414.159253441519,4.30144563075055
5200,4460.821599193983,385.177489947866,-24.680317862902484
5201,4484.516772482657,399.56397218985876,-10.293835620909704
5202,4586.252140234063,464.3152009145292,54.45739310376075
5203,4472.410646445718,392.18021261987406,-17.677595190894408
5204,4556.399518782075,444.8233878162455,34.96558000547702
5205,4576.683620260268,458.0240282316108,48.166220420842365
5206,4465.843120377982,388.20384876567687,-21.653959045091597
5207,4530.142657043268,428.0135130641497,18.155705253381257
5208,4485.385690605401,400.09662540534873,-9.761182405419731
5209,4471.897423497264,391.86873344620744,-17.98907436456102
5210,4531.611692292027,428.9456422405733,19.087834429804843
5211,4532.462849228792,429.4861723192198,19.62836450845134
5212,4493.787111984535,405.26521911498503,-4.592588695783434
5213,4518.229889523675,420.4915503166271,10.633742505858663
5214,4462.572178748875,386.2311487918887,-23.626659018879764
5215,4497.729851904182,407.7023173406983,-2.1554904700701627
5216,4504.177404528422,411.7034769112811,1.8456691005126231
5217,4394.034426000182,346.09307589371247,-63.764731917056
5218,4474.193358108091,393.26313334739507,-16.594674463373394
5219,4495.533440796838,406.3437601292235,-3.51404768154498
5220,4518.960329092436,420.9508688410783,11.093061030309855
5221,4549.494439927508,440.37213699519043,30.514329184421968
5222,4526.716204577863,425.8432435292848,15.985435718516328
5223,4496.112575213038,406.7017541674418,-3.156053643326686
5224,4557.690084002576,445.65773449354447,35.799926682776004
5225,4527.1090516807535,426.09179203754275,16.233984226774282
5226,4429.840663772591,366.7756605238924,-43.08214728687608
5227,4432.569668848056,368.37786422979707,-41.479943580971394
5228,4470.783662444928,391.19321632695346,-18.664591483815002
5229,4455.168344732316,381.7849251969692,-28.072882613799266
5230,4497.229263667416,407.39248582436494,-2.4653219864035236
5231,4511.264256975209,416.12387951210394,6.266071701335477
5232,4615.979143938427,484.1187481933807,74.26094038261226
5233,4523.852068658577,424.0333078474455,14.175500036677022
5234,4509.258524789162,414.8704237440884,5.012615933319921
5235,4449.201678715881,378.2210180010593,-31.63678980970917
5236,4532.35933306199,429.42041617661107,19.562608365842607
5237,4531.7681709610015,429.0449894684871,19.18718165771861
5238,4478.193861214619,395.69879180868384,-14.159016002084627
5239,4470.039179792395,390.7420046402276,-19.115803170540858
5240,4485.500507540017,400.16703584770903,-9.690771963059433
5241,4443.349924180593,374.74249610850393,-35.115311702264535
5242,4460.856188501413,385.1982946752855,-24.65951313548294
5243,4551.212373130198,441.47754733708325,31.61973952631479
5244,4558.273225129342,446.03498139634075,36.17717358557229
5245,4484.819083473413,399.74925038494985,-10.108557425818617
5246,4460.54702557247,385.01236022787043,-24.845447582898032
5247,4478.973971105529,396.1746418485259,-13.683165962242583
5248,4462.035715349676,385.90809939230394,-23.949708418464525
5249,4481.29441585378,397.5917762167046,-12.266031594063861
5250,4509.874380076989,415.2550941492382,5.397286338469712
5251,4592.838964980019,468.6696241831137,58.81181637234522
5252,4445.215514975159,375.8496753886634,-34.008132422105064
5253,4496.468094489921,406.92159808069346,-2.9362097300750065
5254,4506.931470473104,413.41852161278666,3.560713802018199
5255,4466.681462721325,388.7102789784358,-21.147528832332682
5256,4502.215584441458,410.4839603880032,0.626152577234734
5257,4440.898025740492,373.2899304444718,-36.56787736629667
5258,4515.321671605801,418.6652544819094,8.807446671140951
5259,4605.4791351477015,477.0794947814461,67.22168697067764
5260,4587.248511579096,464.9726467236469,55.11483891287844
5261,4446.843494383121,376.81721886043306,-33.040588950335405
5262,4577.346000683687,458.4582170929375,48.60040928216904
5263,4455.553733176596,382.01571041436046,-27.842097396408008
5264,4410.076319585603,355.28102562423237,-54.57678218653609
5265,4537.556847642644,432.72811114015894,22.87030332939048
5266,4494.3191480553005,405.59365460089475,-4.264153209873712
5267,4485.220726243669,399.99547346451754,-9.862334346250918
5268,4484.9857911719355,399.85143957184437,-10.006368238924097
5269,4510.601933380992,415.7097610752962,5.851953264527765
5270,4506.04996092285,412.86919038142423,3.011382570655769
5271,4516.072184771577,419.13618271193445,9.27837490116599
5272,4497.360096997117,407.4734517325287,-2.3843560782397617
5273,4505.070552438789,412.2592787306703,2.40147091990184
5274,4537.371700238556,432.6100698818127,22.752262071044242
5275,4519.810831750762,421.48599877715014,11.62819096638168
5276,4519.084916966443,421.0292375699473,11.171429759178864
5277,4508.984228632511,414.6991522956864,4.841344484917954
5278,4579.064809187639,459.58580764865656,49.72799983788809
5279,4498.510104877796,408.18547860989975,-1.6723292008687167
5280,4485.86558831758,400.3909599019221,-9.466847908846376
5281,4544.386064736236,437.09309320112743,27.235285390358968
5282,4523.9281718542325,424.0813506273166,14.22354281654816
5283,4473.979866155047,393.13336609619864,-16.72444171456982
5284,4494.8252173917,405.9061844057578,-3.9516234050106505
5285,4455.527366442299,381.99991872888404,-27.857889081884423
5286,4438.555277808415,371.9047603364079,-37.953047474360574
5287,4553.232616624625,442.7792005450128,32.921392734244364
5288,4497.017820363828,407.26165167755426,-2.5961561332142082
5289,4489.015756550101,402.3257571857289,-7.532050625039574
5290,4456.772845776262,382.74623332484634,-27.11157448592212
5291,4505.67288970277,412.6343217779322,2.776513967163737
5292,4528.977284462768,427.2747723323978,17.416964521629325
5293,4484.077250190604,399.2946783516936,-10.563129459074844
5294,4518.539907483461,420.6864669762904,10.828659165521913
5295,4501.9673353491025,410.32977143067137,0.47196361990290825
5296,4473.305180332403,392.723413616382,-17.13439419438646
5297,4532.8013718751845,429.7012451559244,19.843437345155962
5298,4479.095125853432,396.2485696238273,-13.609238186941184
5299,4518.097913383406,420.40858692940765,10.550779118639184
5300,4521.216757162928,422.37133402542486,12.513526214656395
5301,4507.334911778252,413.67005605300847,3.8122482422400026
5302,4454.566783367691,381.4248307696421,-28.432977041126378
5303,4517.528317539291,420.0506182472727,10.19281043650426
5304,4495.069610583565,406.05715594811227,-3.8006518626561956
5305,4478.4519461238715,395.85618587483077,-14.001621935937692
5306,4489.43997222033,402.5866649563404,-7.271142854428035
5307,4550.25365345623,440.86048978371355,31.002681972945084
5308,4509.421362855929,414.9721170421044,5.1143092313359375
5309,4523.339963836074,423.71009378888357,13.852285978115106
5310,4494.236220216502,405.5424529511538,-4.315354859614672
5311,4522.386445058243,423.10860629930085,13.250798488532382
5312,4472.115589431854,392.00112472710316,-17.856683083665303
5313,4509.006209382175,414.71287585214804,4.855068041379582
5314,4487.125856405675,401.1644374140751,-8.693370396693354
5315,4496.109448990727,406.69982125698334,-3.157986553785122
5316,4512.612794506481,416.9676875586829,7.10987974791442
5317,4454.343117745394,381.29098917429565,-28.566818636472817
5318,4490.60831077671,403.30567540589027,-6.5521324048781935
5319,4503.639777381628,411.3690945767821,1.5112867660136544
5320,4519.86791708588,421.5219284919199,11.664120681151417
5321,4475.0430034797155,393.7797908008829,-16.07801700988557
5322,4552.788435420579,442.4928529824774,32.63504517170895
5323,4512.418153253814,416.845844001969,6.9880361912005355
5324,4465.589925148694,388.0509635971889,-21.806844213579552
5325,4522.753711330136,423.34023092279585,13.48242311202739
5326,4514.66907223796,418.2559781860532,8.398170375284735
5327,4454.897010691641,381.62248309868437,-28.235324712084093
5328,4438.260202843841,371.73048417728796,-38.1273236334805
5329,4510.531210316922,415.66555353506874,5.8077457243002755
5330,4508.263499436174,414.2492944129863,4.39148660221781
5331,4502.427649955938,410.61569845644954,0.7578906456810728
5332,4579.263161932126,459.71601807942125,49.85821026865278
5333,4527.498738694242,426.33841177356317,16.480603962794703
5334,4469.851490041772,390.6282926254453,-19.22951518532318
5335,4505.819206562561,412.7254511168867,2.867643306118225
5336,4502.3783291287455,410.58505778135986,0.7272499705914015
5337,4607.71171041965,478.57218969044743,68.71438187967897
5338,4557.530488737998,445.5545156663161,35.69670785554763
5339,4475.2121198456,393.8826692397347,-15.975138571033767
5340,4587.540742981632,465.16555640898014,55.307748598211674
5341,4495.541675826779,406.3488495336087,-3.5089582771597634
5342,4549.80624635989,440.57267002858816,30.7148622178197
5343,4503.147216431539,411.06286074613126,1.2050529353628008
5344,4537.332570865427,432.58512485519714,22.727317044428673
5345,4525.700404564051,425.2008932595122,15.34308544874375
5346,4511.674847402374,416.3807045233543,6.522896712585862
5347,4443.585818856931,374.88240006694923,-34.97540774381923
5348,4527.681104891288,426.4538493113637,16.59604150059522
5349,4517.314493887298,419.9162774533211,10.058469642552609
5350,4434.892427953073,369.74442663486207,-40.1133811759064
5351,4542.579406222006,435.936263741055,26.07845593028651
5352,4462.711014619513,386.3147760050142,-23.543031805754254
5353,4542.0745901418495,435.6132899989434,25.755482188174938
5354,4452.489287502072,380.18258686906574,-29.67522094170272
5355,4502.995997996831,410.96886844310984,1.1110606323413776
5356,4451.704351670192,379.7137755663216,-30.144032244446862
5357,4463.036663510145,386.5109656342561,-23.346842176512382
5358,4429.982697391124,366.85895887994593,-42.99884893082253
5359,4439.693730222708,372.57754655509643,-37.28026125567203
5360,4467.757617692184,389.36086252753694,-20.496945283231526
5361,4494.487617012272,405.69768140279393,-4.160126407974531
5362,4556.451967681353,444.85728114116546,34.999473330396995
5363,4516.822093111091,419.6069936318099,9.749185821041465
5364,4579.54638509827,459.90197293102983,50.04416512026137
5365,4524.009659369313,424.1327954232338,14.274987612465338
5366,4491.341723455242,403.7573570224249,-6.100450788343551
5367,4534.961500451821,431.07487883103613,21.217071020267667
5368,4491.314684188811,403.74070002426333,-6.11710778650513
5369,4449.234695530743,378.2406916468317,-31.61711616393677
5370,4516.862199948533,419.63218107314697,9.774373262378504
5371,4453.341811006493,380.69210311252255,-29.165704698245918
5372,4534.309962310542,430.66033688744983,20.802529076681367
5373,4547.717769652573,439.230348054391,29.372540243622552
5374,4534.318837915922,430.6659826885593,20.80817487779086
5375,4472.56167859326,392.2718992489322,-17.585908561836277
5376,4456.0312483710395,382.30176407490353,-27.556043735864932
5377,4542.089487919671,435.6228197007672,25.765011889998732
5378,4502.342625482053,410.5628775237333,0.7050697129648142
5379,4471.104170297326,391.3875495564148,-18.470258254353666
5380,4537.680270490909,432.80680848533666,22.949000674568197
5381,4437.4796446903265,371.2696781191621,-38.588129691606355
5382,4528.545885154549,427.001463415153,17.14365560438455
5383,4511.340662315405,416.17166521519675,6.3138574044282905
5384,4524.942673454011,424.72204643533405,14.864238624565587
5385,4554.133982146239,443.36055418331307,33.50274637254461
5386,4473.274970155408,392.705062403229,-17.15274540753944
5387,4529.589681005398,427.6628980649425,17.805090254174047
5388,4543.644252965961,436.61791958170943,26.760111770940966
5389,4433.8836680888435,369.1506134835172,-40.70719432725127
5390,4561.235615772735,447.9537974218633,38.095989611094865
5391,4489.8834353747225,402.8595017373227,-6.998306073445747
5392,4491.340832022854,403.7568078678546,-6.100999942913859
5393,4568.720781733298,452.8198057686841,42.96199795791563
5394,4451.162442473135,379.3902884104223,-30.46751940034619
5395,4390.074490447465,343.8447031732612,-66.01310463750724
5396,4432.940102703084,368.5956271637792,-41.262180646989236
5397,4483.285936878112,398.810074717569,-11.04773309319944
5398,4457.5584646974585,383.21737584055836,-26.640431970210102
5399,4483.921421380648,399.1992245982233,-10.658583212545182
5400,4493.325426351127,404.98032059311845,-4.877487217650014
5401,4489.510928396634,402.63031385712793,-7.227493953640533
5402,4509.217434642689,414.84476467499417,4.986956864225704
5403,4535.461558590719,431.3931740350672,21.53536622429874
5404,4568.840286569743,452.8976992081148,43.03989139734631
5405,4488.806958477612,402.19737022887557,-7.660437581892893
5406,4460.123489784167,384.7577152137428,-25.10009259702565
5407,4469.074930389876,390.1579925587471,-19.69981525202138
5408,4527.031943689438,426.04300132575736,16.185193514988896
5409,4508.757761042493,414.55777170929105,4.699963898522583
5410,4403.596556967587,351.5544045446886,-58.30340326607984
5411,4565.26000053207,450.56685434593965,40.70904653517118
5412,4533.734737924111,430.294512210407,20.43670439963853
5413,4540.307106112133,434.483400993759,24.625593182990542
5414,4531.613997769171,428.94710589009765,19.089298079329183
5415,4515.601094195603,418.8405544818738,8.98274667110536
5416,4532.372890906234,429.42902818813536,19.5712203773669
5417,4436.6362051004235,370.77208347250144,-39.08572433826703
5418,4539.066346540021,433.6910843269916,23.833276516223123
5419,4485.798932583741,400.3500715655423,-9.50773624522617
5420,4459.877355177007,384.6097698813269,-25.24803792944158
5421,4473.009662291333,392.5439195206809,-17.31388829008756
5422,4519.836178564615,421.50195196571667,11.644144154948208
5423,4441.002425805145,373.3517200566889,-36.506087754079545
5424,4494.192897459145,405.5157057264364,-4.342102084332055
5425,4435.059576717289,369.84286781949913,-40.01493999126933
5426,4447.962514456292,377.4830221970101,-32.37478561375838
5427,4508.880488274672,414.6343856439689,4.776577833200463
5428,4461.444764947465,385.55239906258294,-24.305408748185528
5429,4554.8510310226,443.8232929783844,33.96548516761595
5430,4472.943650735875,392.50383060250215,-17.353977208266315
5431,4555.829252685174,444.45495328471725,34.597145473948785
5432,4422.795334960176,362.65619166561464,-47.20161614515382
5433,4509.7709758171395,415.1904942433748,5.3326864326063514
5434,4457.83618808839,383.3840001862104,-26.47380762455805
5435,4540.8883161765525,434.85478957649957,24.996981765731107
5436,4450.7955022186015,379.1713278550419,-30.686479955726554
5437,4572.12232972734,455.03945096438474,45.18164315361628
5438,4529.496570344216,427.6038750569628,17.746067246194343
5439,4497.970630466803,407.85138565720536,-2.0064221535631077
5440,4561.815798199807,448.33006167259236,38.4722538618239
5441,4419.300323273683,360.6216630138283,-49.23614479694015
5442,4487.489885402961,401.38799697565537,-8.469810835113094
5443,4534.669787806904,430.889252128547,21.03144431777855
5444,4522.459154190011,423.1544569558869,13.296649145118408
5445,4550.636767285575,441.107021811149,31.24921400038056
5446,4451.753076852202,379.7428685266459,-30.114939284122556
5447,4512.324071016574,416.78695576837754,6.929147957609075
5448,4472.424062854539,392.1883568370977,-17.66945097367079
5449,4440.879839319712,373.27916727799357,-36.5786405327749
5450,4506.089893768587,412.8940674963874,3.0362596856189157
5451,4504.720445630208,412.04136426406967,2.1835564533012075
5452,4574.169680203874,456.37793441945405,46.52012660868559
5453,4492.0958273273645,404.22204692068726,-5.635760890081201
5454,4569.788870029592,453.5162153863075,43.65840757553906
5455,4510.103216226118,415.3980731012434,5.540265290474963
5456,4489.443587725791,402.588888987515,-7.268918823253443
5457,4489.229780450333,402.4573788648827,-7.400428945885778
5458,4518.787946988998,420.84244831596607,10.984640505197603
5459,4416.548208784429,359.02381907702693,-50.833988733741535
5460,4499.646940424586,408.88996220315266,-0.9678456076158
5461,4618.558406299123,485.85524964888236,75.9974418381139
5462,4448.426668380702,377.75936623673397,-32.098441574034496
5463,4571.27566066827,454.48647953461114,44.62867172384267
5464,4520.574997622611,421.9670931172077,12.109285306439233
5465,4514.221638120295,417.9754856294894,8.11767781872095
5466,4496.761877965585,407.10331115976714,-2.7544966510013182
5467,4497.368945053888,407.47892762363153,-2.3788801871369287
5468,4575.542147169765,457.2762561716313,47.41844836086284
5469,4474.115610533527,393.21587335846834,-16.64193445230012
5470,4546.949174469646,438.7368518367439,28.879044025975418
5471,4470.820149848024,391.21533721999776,-18.6424705907707
5472,4467.097469434227,388.9617076762229,-20.896100134545577
5473,4489.5374856764965,402.64665125928286,-7.211156551485601
5474,4478.030645279852,395.599270338138,-14.25853747263045
5475,4539.423891710645,433.9193308459653,24.061523035196842
5476,4462.794534488887,386.36508831831543,-23.492719492453034
5477,4486.401597408622,400.7198382740162,-9.13796953675228
5478,4520.924100287648,422.1869672857365,12.329159474968037
5479,4463.8128043862525,386.97876310131005,-22.879044709458412
5480,4487.33043791006,401.2900684385936,-8.567739372174856
5481,4484.015686319562,399.25696570148784,-10.60084210928062
5482,4474.316320256951,393.33788356581636,-16.519924244952108
5483,4520.274870539859,421.77811035501963,11.920302544251172
5484,4513.744988277892,417.67678075043796,7.818972939669493
5485,4531.681712164889,428.9900959781644,19.132288167395927
5486,4505.933082519112,412.79638250054313,2.9385746897746685
5487,4470.464290737543,390.99962088947586,-18.8581869212926
5488,4556.843868192669,445.11057310036995,35.252765289601484
5489,4543.463571399554,436.5022206766621,26.644412865893628
5490,4537.862224879585,432.92283970467906,23.0650318939106
5491,4493.50203549694,405.08929126411977,-4.768516546648698
5492,4487.783573239182,401.5684040188444,-8.289403791924087
5493,4480.659176339694,397.20356998137277,-12.654237829395697
5494,4409.4740273781445,354.93376199482327,-54.92404581594519
5495,4514.252083036017,417.9945683208384,8.136760510069962
5496,4532.029123828028,429.21069177688605,19.352883966117588
5497,4502.2568055135525,410.5095658404384,0.6517580296699634
5498,4585.733869173864,463.9733993694049,54.115591558636424
5499,4396.963746142201,347.76130710603366,-62.09650070473481
5500,4510.781898187542,415.8222639421333,5.964456131364841
5501,4466.123793254534,388.3733615404303,-21.48444627033814
5502,4541.377567816028,435.1675375867312,25.30972977596275
5503,4520.623950238351,421.9979213660413,12.14011355527282
5504,4535.047902028553,431.12986662292496,21.2720588121565
5505,4419.6040235054525,360.7982159194421,-49.05959189132636
5506,4514.508431156765,418.15526294281517,8.297455132046707
5507,4499.741177817349,408.9483873183517,-0.909420492416757
5508,4475.73322832122,394.19976066044956,-15.658047150318907
5509,4502.601497836826,410.72371096117786,0.8659031504093946
5510,4498.032632792845,407.88977631516536,-1.9680314956030998
5511,4472.827008350936,392.4329985978193,-17.424809212949185
5512,4442.863614430516,374.4541617841728,-35.40364602659565
5513,4466.0601540165935,388.33492321932545,-21.522884591443017
5514,4501.8388672400415,410.2499905153013,0.39218270453284276
5515,4511.091603197208,416.01590781504274,6.158100004274274
5516,4543.492314771685,436.52062540980296,26.662817599034497
5517,4588.664075434952,465.90745103373047,56.049643222962004
5518,4487.396471425359,401.3306230578023,-8.52718475296615
5519,4492.922403998875,404.7317045446757,-5.126103266092741
5520,4468.430784001587,389.76810386105444,-20.08970394971402
5521,4464.074003247114,387.13625860791126,-22.721549202857204
5522,4512.044485234361,416.61198100751244,6.754173196743977
5523,4542.607253844921,435.9540836305341,26.09627581976565
5524,4481.207099006375,397.53840394366307,-12.319403867105393
5525,4438.463273760319,371.85041667229734,-38.00739113847112
5526,4470.731481717277,391.1615822891822,-18.696225521586257
5527,4499.042011717814,408.51501924654985,-1.3427885642186084
5528,4500.6625772391135,409.5198549619031,-0.33795284886537047
5529,4507.123021119568,413.5379386062082,3.680130795439709
5530,4512.938172503826,417.1714105766082,7.3136027658397325
5531,4460.221216119749,384.81646415130854,-25.041343659459926
5532,4512.259628848773,416.7466223212573,6.888814510488828
5533,4543.706990422961,436.65809682264035,26.800289011871882
5534,4455.755174885896,382.1363698828418,-27.721437927926672
5535,4422.321243532935,362.3798601081862,-47.47794770258224
5536,4550.242402357397,440.8532507634877,30.99544295271926
5537,4540.847904993566,434.82896214051925,24.97115432975079
5538,4511.221526299943,416.09715592909834,6.239348118329872
5539,4486.3701482852275,400.7005383131618,-9.157269497606649
5540,4439.931866232996,372.71835654298275,-37.13945126778572
5541,4459.800692067895,384.56369557005246,-25.294112240716004
5542,4505.444490336327,412.4920897318543,2.634281921085858
5543,4451.5326761883525,379.6112802678199,-30.24652754294857
5544,4457.124565820159,382.95712609869406,-26.9006817120744
5545,4514.726553342625,418.2920193603636,8.434211549595148
5546,4498.822841595046,408.37921718041025,-1.4785906303582124
5547,4540.983016936913,434.9153172878864,25.057509477117947
5548,4459.7361933084585,384.5249341909439,-25.332873619824568
5549,4446.447551021625,376.5817828055069,-33.276025005261545
5550,4476.267247661043,394.5248427562483,-15.332965054520173
5551,4561.745716792803,448.2846038675766,38.42679605680814
5552,4565.32843708997,450.61135386595106,40.753546055182596
5553,4531.282870569117,428.73691242005,18.879104609281512
5554,4500.801254638366,409.6058996389979,-0.2519081717705376
5555,4476.415822783426,394.615311457615,-15.242496353153456
5556,4456.415178292364,382.53183564083474,-27.32597216993372
5557,4556.226778007724,444.71176877137214,34.85396096060367
5558,4425.794359089936,364.4067750964505,-45.45103271431799
5559,4481.257959972026,397.56949218040063,-12.288315630367833
5560,4571.545504762074,454.6626835295492,44.80487571878075
5561,4536.090895867965,431.7939211286862,21.936113317917716
5562,4557.123009921781,445.2910296521645,35.43322184139606
5563,4521.391481612155,422.48142516385906,12.623617353090594
5564,4497.264223405513,407.41411978862425,-2.443688022144215
5565,4483.3382068127,398.84207586828734,-11.015731942481125
5566,4547.505214240171,439.0938444172307,29.23603660646222
5567,4534.688367549355,430.90107388357137,21.043266072802908
5568,4512.732681763709,417.0427446376557,7.184936826887224
5569,4481.628799265002,397.79620105185177,-12.061606758916696
5570,4530.305062310595,428.11651311976493,18.25870530899647
5571,4502.203870322068,410.47668402898626,0.6188762182177925
5572,4482.055880785733,398.05737410914753,-11.800433701620932
5573,4559.913705363488,447.09707118155484,37.239263370786375
5574,4559.40315931931,446.76639962183754,36.90859181106907
5575,4532.576303704469,429.5582472093938,19.70043939862535
5576,4487.110774202854,401.15517640154894,-8.70263140921952
5577,4566.006520164283,451.0523781854513,41.194570374682826
5578,4549.606919706671,440.44447135013115,30.58666353936269
5579,4499.682271280326,408.91186606840074,-0.9459417423677223
5580,4497.876150408117,407.79288889004874,-2.0649189207197196
5581,4492.992008498175,404.7746366185056,-5.083171192262853
5582,4420.24737561754,361.17237161771345,-48.68543619305501
5583,4501.091206529186,409.78583429941955,-0.07197351134891505
5584,4468.177495298125,389.61484783941114,-20.242959971357323
5585,4482.401778843375,398.2689646530089,-11.588843157759584
5586,4576.786568169076,458.0914974624129,48.233689651644454
5587,4499.636220621678,408.88331642545745,-0.974491385311012
5588,4506.245351667842,412.99092080988385,3.133112999115383
5589,4497.722105148968,407.6975217039503,-2.1602861068181483
5590,4487.263911640283,401.24921328415894,-8.608594526609522
5591,4531.658327428946,428.9752493854403,19.11744157467183
5592,4418.077950127952,359.9115080914398,-49.946299719328636
5593,4537.318197986546,432.57596230287163,22.718154492103167
5594,4439.696626742678,372.57925910353333,-37.27854870723513
5595,4542.8137495376095,436.08623276062735,26.22842494985889
5596,4503.921369483347,411.54421654468297,1.6864087339145044
5597,4495.6759234722795,406.43182163304664,-3.425986177721825
5598,4507.011310310981,413.46829347846733,3.6104856676988675
5599,4461.131963489683,385.36418802100707,-24.493619789761397
5600,4545.241312814443,437.6412419326748,27.78343412190634
5601,4524.089632421336,424.18328710058313,14.325479289814666
5602,4527.705229772062,426.4691214782879,16.611313667519426
5603,4450.742243260433,379.13955258929946,-30.718255221469008
5604,4474.638481529357,393.5337636614245,-16.32404414934399
5605,4486.579383607477,400.8289524188058,-9.02885539196268
5606,4553.390386573221,442.88093073247774,33.02312292170927
5607,4479.623325714729,396.5709551701143,-13.28685264065416
5608,4516.532507770634,419.425153768791,9.567345958022543
5609,4483.547203320529,398.9700424914204,-10.887765319348091
5610,4549.871710332473,440.61477770701777,30.756969896249302
5611,4451.415319458313,379.5412230619636,-30.31658474880487
5612,4454.97944263982,381.67182964778203,-28.18597816298643
5613,4475.393889508198,393.9932602776962,-15.864547533072255
5614,4529.721859274884,427.746692977134,17.888885166365526
5615,4461.284145193433,385.4557490944976,-24.402058716270858
5616,4520.225896105744,421.7472763123342,11.889468501565716
5617,4480.350459225061,397.01497678607984,-12.842831024688621
5618,4447.646645733297,377.2950226536027,-32.56278515716576
5619,4536.445692058437,432.0199272935397,22.16211948277123
5620,4456.768385932775,382.74355956761747,-27.114248243150996
5621,4552.9454397779955,442.59405775641517,32.736249945646705
5622,4427.639481956115,365.4859970258558,-44.37181078491267
5623,4461.125134503199,385.36007957988704,-24.49772823088142
5624,4455.167530229723,381.78443751785744,-28.073370292911022
5625,4485.038494817735,399.8837488201466,-9.97405899062187
5626,4504.929466657023,412.1714568012794,2.3136489905109556
5627,4569.334827158032,453.22010987987005,43.36230206910159
5628,4532.844281407946,429.72851054757484,19.87070273680638
5629,4496.134454691077,406.7152821482341,-3.1425256625343536
5630,4514.507827803482,418.1548846882188,8.297076877450309
5631,4509.650570234271,415.11527937852725,5.257471567758785
5632,4518.140945523955,420.43563708084184,10.57782927007338
5633,4573.229377792405,455.7629652347423,45.90515742397383
5634,4521.248182731703,422.3911337380514,12.533325927282931
5635,4555.019639706554,443.93213648532173,34.07432867455327
5636,4553.300094261157,442.8227087923942,32.96490098162576
5637,4513.770752345262,417.69292375499344,7.835115944224981
5638,4438.603948757199,371.9335102789655,-37.92429753180295
5639,4523.73374363098,423.95861640782414,14.100808597055675
5640,4475.8420868927615,394.26601682630553,-15.591790984462932
5641,4529.967592227108,427.90249776272367,18.044689951955206
5642,4483.312779298337,398.8265082536609,-11.031299557107559
5643,4563.920287749465,449.6961583534576,39.83835054268911
5644,4493.05001304452,404.81041558744846,-5.047392223320003
5645,4541.062633710302,434.96620729658434,25.10839948581588
5646,4459.984142945987,384.6739537450658,-25.18385406570269
5647,4469.128447496156,390.1903943201214,-19.66741349064705
5648,4537.895463549826,432.9440374486635,23.08622963789503
5649,4528.634840090947,427.0578129244841,17.200005113715633
5650,4460.372302686551,384.90730005224077,-24.950507758527692
5651,4462.738642998269,386.3314189505936,-23.526388860174848
5652,4482.9464801892345,398.60228121664704,-11.25552659412142
5653,4444.226105017675,375.2622759997894,-34.59553181097908
5654,4445.069694049558,375.76307360625106,-34.09473420451741
5655,4448.026706134966,377.52123387475604,-32.33657393601243
5656,4536.750948109167,432.2144225989746,22.356614788206116
5657,4529.31178075753,427.48674848680776,17.628940676039292
5658,4414.364092420269,357.75840201003393,-52.09940580073453
5659,4513.893650677979,417.7699324882765,7.912124677508018
5660,4454.273021370735,381.2490484495552,-28.608759361213288
5661,4522.101145034023,422.9287187218006,13.070910911032115
5662,4513.392514719193,417.4559623314108,7.598154520642311
5663,4508.183122726797,414.1991407198925,4.3413329091240485
5664,4478.079265595158,395.62891541241606,-14.2288923983524
5665,4562.2411904151395,448.6060369656361,38.74822915486766
5666,4475.420895941423,394.0096926906649,-15.848115120103557
5667,4479.3686675957015,396.41550859188465,-13.442299218883818
5668,4593.061564982731,468.8171166813627,58.959308870594214
5669,4501.47169513907,410.0220130786747,0.16420526790625445
5670,4497.73524754929,407.7056575370375,-2.1521502737309675
5671,4499.571364890366,408.8431100514945,-1.0146977592739859
5672,4436.843903538307,370.89458482172085,-38.96322298904761
5673,4563.963036098835,449.72392851985205,39.86612070908359
5674,4495.081517200895,406.06451186669346,-3.7932959440749983
5675,4500.008009783956,409.1138399571846,-0.7439678535838539
5676,4511.522363406601,416.2853163268169,6.4275085160484196
5677,4458.32856546813,383.67950083972937,-26.178306971039092
5678,4491.178364208287,403.65672810030946,-6.201079710458998
5679,4446.606764544523,376.67644529605013,-33.18136251471833
5680,4482.960830493088,398.6110644386181,-11.246743372150377
5681,4486.459852038697,400.75558970190104,-9.102218108867419
5682,4443.433053542579,374.7917952249745,-35.06601258579394
5683,4600.688408221519,473.8838062774171,64.02599846664862
5684,4482.573085457155,398.37377630561286,-11.484031505155599
5685,4439.347092069661,372.3726285107382,-37.48517930003027
5686,4464.595697895849,387.4509238072974,-22.406884003471077
5687,4405.934286014237,352.8964767951243,-56.96133101564419
5688,4487.805049619081,401.5815981690462,-8.27620964172229
5689,4461.542216441453,385.61104474861486,-24.246763062153605
5690,4484.096575909847,399.3065172263382,-10.551290584430262
5691,4495.857723501361,406.5441971608748,-3.3136106498936897
5692,4423.969682885569,363.34115371655844,-46.516654094210026
5693,4418.592710269737,360.21047566952984,-49.64733214123862
5694,4530.9805879707765,428.5450731644496,18.68726535368114
5695,4544.641283983351,437.25663422104526,27.398826410276797
5696,4480.396891331421,397.043338946482,-12.814468864286482
5697,4534.170684246713,430.5717464166605,20.713938605892054
5698,4569.34891256995,453.2292943320167,43.371486521248244
5699,4512.930591717952,417.16666359424335,7.308855783474883
5700,4425.7577804158545,364.3853969051843,-45.472410905584184
5701,4480.360951950687,397.02138597623434,-12.836421834534121
5702,4491.082801627498,403.5978676227737,-6.259940187994744
5703,4476.0120147422695,394.3694537762108,-15.488354034557688
5704,4544.611243733108,437.23738328977424,27.37957547900578
5705,4550.625568997327,441.09981481380464,31.24200700303618
5706,4511.6255552572875,416.3498680408502,6.492060230081734
5707,4447.770339398723,377.36863720036536,-32.48917061040311
5708,4451.024197740091,379.30778737641185,-30.55002043435661
5709,4519.581275347443,421.34153045155426,11.4837226407858
5710,4536.643623461799,432.1460353172379,22.28822750646941
5711,4482.428445104118,398.285279129675,-11.572528681093445
5712,4494.003470304555,405.398764887354,-4.459042923414472
5713,4511.15912525758,416.05813211534405,6.200324304575588
5714,4469.594357223154,390.47253585310773,-19.385271957660734
5715,4465.600294766063,388.05722440893487,-21.800583401833592
5716,4527.004556194339,426.02567232668025,16.167864515911788
5717,4456.8221699368105,382.7758046954468,-27.08200311532164
5718,4550.891423387789,441.2709288808064,31.41312107003796
5719,4485.321634496389,400.0573462980301,-9.800461512738366
5720,4535.623562435884,431.4963168284262,21.638509017657725
5721,4562.803257023117,448.9708059293098,39.11299811854133
5722,4590.637845799372,467.21236602121326,57.35455821044479
5723,4487.84984700935,401.60912043361714,-8.248687377151327
5724,4508.542003213913,414.42309941401345,4.565291603244987
5725,4482.594747161879,398.3870307227976,-11.470777087970873
5726,4484.688301887991,399.66909257630414,-10.188715234464325
5727,4564.769677625037,450.2480933834636,40.39028557269512
5728,4462.984475030807,386.4795208605733,-23.37828695019516
5729,4476.94103265572,394.935200805382,-14.922607005386453
5730,4495.3527521597125,406.23209918639486,-3.625708624373601
5731,4523.0824260315785,423.54759523345547,13.689787422687004
5732,4454.3412222530515,381.2898550141981,-28.567952796570353
5733,4590.046632652453,466.82131715099786,56.96350934022939
5734,4472.006336083844,391.9348228471017,-17.92298496366675
5735,4499.955276110658,409.08113909859367,-0.7766687121747964
5736,4481.765651801921,397.8798810025655,-11.977926808202938
5737,4511.148498346836,416.05148653298465,6.193678722216191
5738,4468.939594636476,390.076060081793,-19.78174772897546
5739,4558.065962290259,445.90088081252134,36.04307300175287
5740,4551.30277545264,441.5357542922143,31.677946481445815
5741,4593.567798898727,469.1526237480002,59.29481593723176
5742,4523.2441125968835,423.64961096435036,13.791803153581895
5743,4460.35483638863,384.89679844492093,-24.96100936584753
5744,4493.813880884914,405.2817408467322,-4.576066964036272
5745,4488.079014935253,401.74992968373954,-8.107878127028926
5746,4490.204294865012,403.0569657611277,-6.800842049640778
5747,4505.184233783875,412.3300489643166,2.4722411535481115
5748,4503.187577352017,411.0879495557633,1.230141744994853
5749,4503.304774489455,411.1608049734755,1.3029971627070154
5750,4564.883429323976,450.3220341693491,40.46422635858062
5751,4525.068943486612,424.8018240833658,14.94401627259731
5752,4511.284370151032,416.1364585023548,6.278650691586336
5753,4588.182693256946,465.58945797438355,55.731650163615086
5754,4565.693479951807,450.8487514760491,40.99094366528061
5755,4499.621730200101,408.8743331260853,-0.9834746846831877
5756,4538.335830369578,433.2249264257848,23.367118615016352
5757,4470.32205093344,390.9134142639946,-18.94439354677388
5758,4459.191484093509,384.19766393252803,-25.660143878240433
5759,4466.471674489014,388.58351736930763,-21.274290441460835
5760,4503.2900616591905,411.1516584113401,1.293850600571659
5761,4546.061268969755,438.1670853866153,28.309277575846863
5762,4618.7840956212995,486.00733363642576,76.14952582565729
5763,4542.626266782819,435.96625034714725,26.10844253637879
5764,4556.780325156672,445.0694994211285,35.21169161036005
5765,4423.878311022911,363.287834959845,-46.56997285092348
5766,4491.6608722158735,403.953988353594,-5.90381945717445
5767,4484.584363659317,399.60539321864417,-10.252414592124296
5768,4519.247971069235,421.1318133782843,11.274005567515815
5769,4547.1103069421915,438.8402887104785,28.982480899710026
5770,4568.329955467414,452.56510949458743,42.70730168381897
5771,4543.421615158501,436.4753562609653,26.617548450196864
5772,4466.137957698406,388.3819171782711,-21.47589063249734
5773,4453.202354665865,380.6087320851925,-29.24907572557595
5774,4552.886447957844,442.5560304017472,32.69822259097873
5775,4531.098692817636,428.6200216672287,18.76221385646022
5776,4562.01043909932,448.45632575745776,38.5985179466893
5777,4466.268785894296,388.46094485839603,-21.39686295237243
5778,4435.067641494442,369.8476178626306,-40.01018994813785
5779,4488.8365127218185,402.2155414572326,-7.642266353535888
5780,4550.36579609879,440.9326461443702,31.074838333601747
5781,4472.534430123495,392.2553567962527,-17.602451014515736
5782,4528.061981273165,426.69499313255756,16.837185321789093
5783,4439.455178666185,372.43651853053825,-37.42128928023021
5784,4444.9606200807275,375.69830227034663,-34.15950554042183
5785,4549.7710486184,440.5500309763547,30.692223165586256
5786,4487.32803780579,401.2885944485638,-8.569213362204664
5787,4431.842154814925,367.95038356832265,-41.90742424244581
5788,4510.325974334131,415.53727796561816,5.679470154849696
5789,4500.994054408682,409.7255404653756,-0.13226734539284735
5790,4451.922434710628,379.84399809629167,-30.013809714476793
5791,4532.172314604246,429.30162975432404,19.443821943555577
5792,4541.488195902541,435.2382704293623,25.38046261859381
5793,4415.344808466957,358.32631124470345,-51.531496566065016
5794,4578.06465093128,458.9295127483647,49.07170493759622
5795,4456.725595500838,382.7179064136226,-27.139901397145877
5796,4426.0377872846475,364.549061980792,-45.30874582997649
5797,4405.995472709267,352.9316399380109,-56.92616787275756
5798,4467.457180236152,389.17917883054133,-20.67862898022713
5799,4516.499330145636,419.4043229754184,9.546515164649918
5800,4459.994523726924,384.6801933164179,-25.177614494350564
5801,4427.620964068886,365.47515753237076,-44.382650278397705
5802,4430.175195744439,366.97186900372253,-42.88593880704593
5803,4514.353421155105,418.0580895642088,8.200281753440322
5804,4480.1760069736865,396.90842515246595,-12.949382658302511
5805,4527.173629119636,426.13265605725246,16.274848246483998
5806,4447.015176215268,376.91932803476766,-32.938479776000804
5807,4484.925763589646,399.81464209124124,-10.043165719527224
5808,4466.625123492381,388.67623471218167,-21.181573098586796
5809,4506.181093433155,412.95088529816394,3.093077487395476
5810,4535.54519488308,431.4464211442014,21.58861333343293
5811,4463.601585747029,386.85142822689386,-23.006379583874605
5812,4516.607690714316,419.47235977987793,9.61455196910947
5813,4543.70466264815,436.6566060770215,26.798798266253016
5814,4433.279672263114,368.79530512021984,-41.06250269054863
5815,4552.454121636821,442.27739219614523,32.419584385376766
5816,4476.0591436242175,394.3981440860771,-15.459663724691382
5817,4523.846240458918,424.02962870514693,14.17182089437847
5818,4486.328434629854,400.6749398525658,-9.182867958202678
5819,4448.936372024272,378.0629495438793,-31.79485826688915
5820,4398.312958674285,348.53111059100183,-61.32669721976663
5821,4513.661475355956,417.62445614700937,7.766648336240905
5822,4523.889802647429,424.0571283999702,14.199320589201761
5823,4525.511314154963,425.08137300221824,15.22356519144978
5824,4498.444033052606,408.14455339497727,-1.713254415791198
5825,4446.633215176586,376.69217305762277,-33.165634753145696
5826,4508.078311394777,414.13374478504693,4.275936974278466
5827,4483.350372190533,398.8495240472489,-11.008283763519557
5828,4487.783394283809,401.56829407739406,-8.289513733374406
5829,4569.584838990516,453.383144418367,43.52533660759855
5830,4523.551364750292,423.843504360299,13.98569654953053
5831,4481.071232479306,397.45536297759645,-12.402444833172012
5832,4525.854825084763,425.2985116619893,15.44070385122086
5833,4446.009107329316,376.32116390686406,-33.536643903904405
5834,4569.679916688966,453.44515265981136,43.58734484904289
5835,4500.770796220807,409.5870004366611,-0.2708073741073349
5836,4440.534329831948,373.07471691990577,-36.783090890862695
5837,4534.4813010997,430.76933245374994,20.911524642981476
5838,4468.294579672296,389.68568762411815,-20.172120186650318
5839,4451.733683880203,379.73128918214434,-30.126518628624126
5840,4515.869288236565,419.00884431642635,9.151036505657885
5841,4446.362164023635,376.5310199100513,-33.326787900717136
5842,4540.882505544049,434.8510758618431,24.993268051074665
5843,4454.168609878731,381.1865803805954,-28.671227430173076
5844,4507.42685810402,413.7273927039241,3.869584893155661
5845,4566.40759591306,451.31333492792237,41.455527117153906
5846,4529.50723997463,427.61063835075765,17.75283053998919
5847,4525.56419133186,425.11479393740865,15.256986126640186
5848,4480.669066612586,397.2096126321944,-12.648195178574042
5849,4467.7167963462825,389.3361740729938,-20.521633737774664
5850,4530.991420186387,428.55194694383863,18.694139133070166
5851,4495.760296829264,406.4839731535476,-3.3738346572208684
5852,4532.464580436814,429.4872720692879,19.62946425851942
5853,4501.025187496149,409.7448615695994,-0.1129462411690838
5854,4505.92035166966,412.78845237043106,2.9306445596625963
5855,4592.831445368441,468.66464214781627,58.8068343370478
5856,4495.862587893697,406.5472041879075,-3.310603622860981
5857,4441.083366257484,373.39962864850804,-36.45817916226042
5858,4590.059731684905,466.82997962637273,56.97217181560427
5859,4520.768621656272,422.0890357025246,12.231227891756134
5860,4480.267638226021,396.9643897178985,-12.893418092869979
5861,4506.031901658463,412.85794017919125,3.0001323684227827
5862,4486.9948869655755,401.0840210879228,-8.77378672284567
5863,4535.745025518527,431.57365650764723,21.715848696878766
5864,4474.954300275037,393.7258355040394,-16.13197230672904
5865,4527.013999397632,426.031647323171,16.173839512402537
5866,4484.321401183921,399.44425751887866,-10.413550291889806
5867,4625.834298064315,490.7693282823111,80.91152047154264
5868,4520.566950067301,421.962025220103,12.104217409334524
5869,4457.887499635735,383.4147893946383,-26.443018416130144
5870,4533.1666236369565,429.9333590115334,20.07555120076495
5871,4484.725215073064,399.6917163456187,-10.166091465149748
5872,4509.719819394645,415.1585370608109,5.300729250042423
5873,4536.70060422544,432.1823428087919,22.32453499802341
5874,4478.831912769609,396.0879677593475,-13.769840051420942
5875,4532.4648474826245,429.48744171028875,19.629633899520286
5876,4462.28571329515,386.0586268043271,-23.79918100644136
5877,4540.202960255257,434.4168689999269,24.559061189158456
5878,4478.0293263091835,395.5984661430234,-14.259341667745048
5879,4430.639147504423,367.2440749061584,-42.61373290461006
5880,4474.925393432251,393.7082532162581,-16.14955459451039
5881,4447.447710941079,377.1766449640468,-32.68116284672169
5882,4546.919129295292,438.71756604396114,28.85975823319268
5883,4485.159780707288,399.9581064838512,-9.899701326917238
5884,4480.379801235554,397.0328996702751,-12.824908140493335
5885,4535.451852848757,431.38699507559295,21.529187264824486
5886,4450.940387104101,379.2577757665481,-30.60003204422037
5887,4550.386419689995,440.9459166830302,31.088108872261728
5888,4505.745082003764,412.6792834662506,2.821475655482118
5889,4493.5785723320805,405.13652029434843,-4.721287516420034
5890,4522.797302875099,423.367727054288,13.509919243519562
5891,4496.208444920624,406.76103164053666,-3.0967761702318057
5892,4495.2555313740095,406.17202561062413,-3.685782200144331
5893,4576.4494414029505,457.87057151536965,48.012763704601184
5894,4551.948193263815,441.9514248501391,32.093617039370656
5895,4540.535776943179,434.6295013319527,24.77169352118426
5896,4525.535341723068,425.09655942768086,15.238751616912396
5897,4561.996071097154,448.4470046093238,38.58919679855535
5898,4503.252526550397,411.1283243266098,1.2705165158413365
5899,4535.453255896147,431.3878882939557,21.53008048318725
5900,4468.734226716871,389.9517467867495,-19.90606102401898
5901,4500.206549776616,409.2369690112896,-0.6208387994788609
5902,4457.4781212745265,383.1691795255333,-26.688628285235154
5903,4484.663111636273,399.65365406213414,-10.204153748634326
5904,4460.981063220989,385.27340893631845,-24.584398874450017
5905,4514.51021711617,418.1563825985354,8.298574787766938
5906,4459.084291254156,384.1332775426872,-25.724530268081253
5907,4516.544575013997,419.4327303953005,9.574922584532032
5908,4559.224646021126,446.6508076086757,36.792999797907214
5909,4524.146917059065,424.2194560746261,14.36164826385766
5910,4484.380538682204,399.4804923822221,-10.377315428546353
5911,4491.673122719316,403.9615369940666,-5.896270816701872
5912,4508.104938874794,414.15035823529934,4.292550424530873
5913,4554.75818113183,443.76336025506635,33.90555244429788
5914,4447.336062761638,377.11021625520334,-32.74759155556512
5915,4511.801797885995,416.46012821370095,6.602320402932492
5916,4557.459415137299,445.5085522710292,35.65074446026074
5917,4493.86742925703,405.31479185072385,-4.543015960044613
5918,4522.967657957776,423.4751899677017,13.617382156933218
5919,4467.448516243857,389.1739400921888,-20.683867718579677
5920,4447.918706056034,377.4569453143422,-32.40086249642627
5921,4464.694592554696,387.5105878237655,-22.347219987002973
5922,4510.785094400732,415.8242621538193,5.9664543430508274
5923,4506.038201146412,412.8618644918424,3.004056681073962
5924,4435.860515645011,370.31476476625903,-39.54304304450943
5925,4500.482765147885,409.40830105937994,-0.449506751388526
5926,4512.845528103318,417.11339978543265,7.255591974664185
5927,4485.445329380672,400.13319756152396,-9.724610249244506
5928,4511.759443725019,416.4336294564446,6.575821645676115
5929,4490.832156057432,403.4435064084223,-6.414301402346155
5930,4475.77878747938,394.227489301074,-15.630318509694462
5931,4485.977881809984,400.45984837826563,-9.39795943250283
5932,4503.372766816684,411.20307525499175,1.345267444223282
5933,4472.510538568852,392.2408526074073,-17.616955203361158
5934,4539.301621469899,433.84127044757815,23.98346263680969
5935,4529.4144494306765,427.55182179393296,17.694013983164496
5936,4449.472744162659,378.3825527078461,-31.475255102922347
5937,4553.136602258999,442.7172959493387,32.859488138570214
5938,4477.3616235907375,395.19146482863744,-14.666342982131027
5939,4534.102190088367,430.5281826783339,20.670374867565442
5940,4567.492563645459,452.0196239872762,42.16181617650773
5941,4460.818267231546,385.17548587425017,-24.682321936518292
5942,4523.277902913932,423.67093241209477,13.813124601326308
5943,4518.56381783741,420.7015019190908,10.843694108322325
5944,4516.007572024376,419.09562950073223,9.237821689963766
5945,4492.977424956545,404.76564129649387,-5.092166514274595
5946,4491.205279221469,403.6733068180597,-6.184500992708763
5947,4407.8035342407575,353.97154378279856,-55.8862640279699
5948,4478.120070649064,395.65379618780935,-14.204011622959115
5949,4476.320411893353,394.5572137155,-15.30059409526848
5950,4511.387166850229,416.2007515847836,6.342943774015112
5951,4559.890052607243,447.08174910520984,37.223941294441374
5952,4555.13609167868,444.00731833537566,34.149510524607194
5953,4485.116601954584,399.9316337565119,-9.926174054256535
5954,4517.032087170365,419.73888002928925,9.881072218520785
5955,4503.356519444109,411.192974197038,1.3351663862695204
5956,4524.761146290791,424.60737017461815,14.74956236384969
5957,4499.997445631281,409.10728887948244,-0.7505189312860239
5958,4504.332910045685,411.8002203555252,1.9424125447567349
5959,4470.316039330976,390.90977105304046,-18.948036757728005
5960,4382.300470324552,339.45351570870525,-70.40429210206321
5961,4453.9005086826955,381.0262029652231,-28.83160484554537
5962,4530.00682616682,427.9273762748194,18.069568464050917
5963,4532.5350729820475,429.5320536398094,19.674245829040956
5964,4489.690680437873,402.7408995259134,-7.1169082848550715
5965,4479.684082482418,396.60804644363725,-13.249761367131214
5966,4462.116724294156,385.95687276785657,-23.900935042911897
5967,4505.000149658586,412.2154538133741,2.357646002605634
5968,4491.916393507556,404.11145277627475,-5.7463550344937175
5969,4493.254947012322,404.9368378269837,-4.920969983784744
5970,4522.537690552007,423.20398504309924,13.346177232330774
5971,4503.841813040664,411.49473666430913,1.6369288535406668
5972,4549.759036485217,440.54230494770036,30.684497136931896
5973,4521.529673469742,422.5685077320468,12.71069992127832
5974,4484.627663083072,399.631928986164,-10.225878824604479
5975,4395.064670956902,346.6793080930679,-63.17849971770056
5976,4601.084281664263,474.147494196337,64.28968638556853
5977,4491.668984218388,403.95898688230864,-5.898820928459827
5978,4519.636465752319,421.376261574856,11.518453764087553
5979,4478.556908240554,395.9202065037066,-13.937601307061868
5980,4543.329798135547,436.4165689957608,26.558761184992363
5981,4376.764953460017,336.345173783875,-73.51263402689347
5982,4537.670138846267,432.80034804377783,22.942540233009368
5983,4554.140084194104,443.3644910797525,33.506683268984034
5984,4469.413137544789,390.3627820687343,-19.49502574203416
5985,4574.243444760266,456.42619411116766,46.5683863003992
5986,4459.233563157615,384.222940632294,-25.63486717847445
5987,4541.789991363575,435.4312594648454,25.573451654076962
5988,4566.9321138611385,451.654717806784,41.79690999601553
5989,4432.008026329728,368.0478254082627,-41.80998240250574
5990,4601.2787935412,474.2770821548406,64.41927434407216
5991,4506.78739306476,413.32871183892894,3.4709040281604757
5992,4494.8405250032865,405.9156397077354,-3.9421681030330546
5993,4549.815722991642,440.57876545829095,30.720957647522482
5994,4560.555308801223,447.51279367561983,37.65498586485137
5995,4509.47837768337,415.0077260589519,5.14991824818344
5996,4427.859471277721,365.6147811954784,-44.24302661529009
5997,4448.478282733513,377.7901024039429,-32.06770540682555
5998,4584.680753628071,463.27923414747465,53.42142633670619
5999,4530.2427982755335,428.0770228184224,18.21921500765393
6000,4539.02186377969,433.66269192285745,23.804884112088985
6001,4487.756530786246,401.55179062738443,-8.306017183384029
6002,4476.128781338302,394.44053887598693,-15.417268934781532
6003,4592.877160406855,468.694930526131,58.83712271536251
6004,4511.12414324817,416.0362561709708,6.17844836020231
6005,4483.383051775823,398.86953227386766,-10.988275536900801
6006,4507.017873308505,413.47238496023283,3.614577149464367
6007,4520.384139223998,421.84690935489334,11.989101544124878
6008,4623.900702336399,489.4611580290375,79.60335021826904
6009,4584.593662162294,463.221849565115,53.364041754346545
6010,4424.9192738066795,363.89551650972044,-45.962291301048026
6011,4486.77139900092,400.94681640440194,-8.91099140636652
6012,4483.689641047069,399.0572676851966,-10.800540125571843
6013,4523.419279082946,423.7601455056606,13.90233769489214
6014,4500.6210941353775,409.4941178448107,-0.3636899659577466
6015,4530.216018580488,428.06003863266824,18.202230821899775
6016,4526.335479827595,425.6024328263611,15.744625015592646
6017,4468.167796860214,389.6089802695492,-20.24882754121927
6018,4466.56492549686,388.63986038109397,-21.217947429674496
6019,4440.970075126731,373.33257260628216,-36.52523520448631
6020,4466.200592752917,388.4197512928963,-21.438056517872155
6021,4465.138487064358,387.7784511427353,-22.079356668033142
6022,4486.477241086473,400.7662618401423,-9.091545970626157
6023,4523.961653781659,424.1024881052581,14.244680294489626
6024,4496.895681859951,407.1860860024003,-2.6717218083681473
6025,4551.303820212305,441.5364269988959,31.678619188127414
6026,4475.5593065832245,394.0939158983897,-15.763891912378767
6027,4613.589171911523,482.512270518645,72.65446270787652
6028,4501.324322884586,409.93052736251775,0.07271955174928735
6029,4549.4964939662095,440.3734578703502,30.51565005958173
6030,4502.1157791159285,410.4219672367617,0.564159425993239
6031,4484.803866582593,399.7399233284709,-10.11788448229754
6032,4446.44673738452,376.5812990784598,-33.276508732308685
6033,4508.900652287425,414.64697394323684,4.789166132468381
6034,4463.923024997765,387.04521900644795,-22.812588804320512
6035,4493.1095112120665,404.8471175194786,-5.010690291289848
6036,4497.450267094256,407.5292579889783,-2.3285498217901477
6037,4493.827750561149,405.2903013266464,-4.567506484122077
6038,4569.250147820322,453.1648962429326,43.307088432164164
6039,4493.624052732649,405.16458646075307,-4.693221350015392
6040,4440.792346722766,373.22738927852834,-36.63041853224013
6041,4496.753610625805,407.09819702839786,-2.7596107823706006
6042,4477.543267683369,395.30216578384716,-14.555642026921305
6043,4572.470255906824,455.2667797738345,45.40897196306605
6044,4459.5052542213,384.38616473534194,-25.471643075426528
6045,4536.748263559666,432.2127119390143,22.354904128245835
6046,4473.653018831909,392.9347400152201,-16.923067795548377
6047,4447.0307698327415,376.9286031744123,-32.92920463635619
6048,4459.906392990251,384.6272222638704,-25.230585546898055
6049,4481.841209626845,397.9260854622289,-11.931722348539552
6050,4490.72417979353,403.37701789742596,-6.480789913342505
6051,4517.395036117002,419.96687790158694,10.109070090818477
6052,4457.7830108234775,383.3520928037956,-26.505715006972878
6053,4497.068058817183,407.2927356673672,-2.5650721434012667
6054,4519.552674899085,421.3235328494875,11.465725038719029
6055,4480.382476796718,397.03453399493355,-12.82327381583491
6056,4476.470593871335,394.6486647131328,-15.20914309763566
6057,4555.530191173139,444.26179622595464,34.40398841518618
6058,4429.860675223497,366.7873960281254,-43.07041178264308
6059,4424.860920869503,363.8614378262987,-45.996369984469766
6060,4536.2275435190795,431.88095920640353,22.023151395635068
6061,4538.9196889536515,433.59747933582366,23.7396715250552
6062,4480.329955930904,397.00245306933994,-12.855354741428528
6063,4477.810290109237,395.4649281727825,-14.39287963798597
6064,4515.6684366686995,418.8828082474279,9.025000436659411
6065,4509.019295620987,414.72104627858016,4.863238467811698
6066,4500.965022050667,409.70752347860935,-0.15028433215911718
6067,4500.470945294169,409.4009686548493,-0.45683915591916957
6068,4425.780749448019,364.39882094453515,-45.45898686623332
6069,4532.0627059713715,429.2320183643242,19.374210553555713
6070,4493.037339165457,404.802597817481,-5.055209993287463
6071,4430.283305422056,367.0352888036723,-42.82251900709616
6072,4535.618556376838,431.4931294459375,21.63532163516902
6073,4551.127365542764,441.4228172635344,31.565009452765935
6074,4463.71986018718,386.9227282934894,-22.935079517279064
6075,4468.869118789013,390.03339736871976,-19.824410442048702
6076,4528.790166976664,427.1562152669894,17.298407456220957
6077,4533.348620973888,430.049039466056,20.191231655287538
6078,4522.627220671231,423.2604497138436,13.402641903075164
6079,4473.494674877717,392.8385322865738,-17.019275524194654
6080,4468.991567720063,390.10752362989206,-19.750284180876406
6081,4487.5786622234455,401.4425266332669,-8.415281177501583
6082,4476.4588682423155,394.6415241849536,-15.216283625814867
6083,4533.521313574982,430.1588197980177,20.30101198724924
6084,4480.329640369767,397.002260321472,-12.855547489296441
6085,4487.304727516699,401.2742789069107,-8.583528903857768
6086,4479.789299812707,396.6722845130271,-13.185523297741383
6087,4496.724616009026,407.08026137109164,-2.7775464396768257
6088,4444.317033183196,375.31623899575516,-34.54156881501331
6089,4520.020242938221,421.61781034566684,11.760002534898376
6090,4560.641814199183,447.5688585070402,37.71105069627174
6091,4518.184193820314,420.46282397699633,10.60501616622787
6092,4441.192892138203,373.4644620070517,-36.393345803716784
6093,4471.230099962017,391.463917827929,-18.393889982839482
6094,4531.524097761618,428.89003401048876,19.0322261997203
6095,4489.407277824758,402.566553705135,-7.29125410563347
6096,4624.180898310332,489.6506239395153,79.79281612874684
6097,4489.370624725499,402.5440079448085,-7.313799865959936
6098,4520.336747507616,421.81706935831926,11.959261547550796
6099,4501.018660806978,409.74081108736664,-0.11699672340182588
6100,4578.04147394823,458.91430952210294,49.05650171133448
6101,4443.405012100919,374.7751651263043,-35.08264268446419
6102,4470.72611988542,391.1583318067619,-18.699476004006556
6103,4536.291827997476,431.9219083442754,22.064100533506917
6104,4459.7520073228325,384.53443764579424,-25.32337016497422
6105,4499.895383220078,409.0440003007752,-0.8138075099932394
6106,4500.543277285751,409.44584058024157,-0.41196723052689777
6107,4524.691721062768,424.56351617260225,14.705708361833786
6108,4442.225851253348,374.07620452418996,-35.7816032865785
6109,4491.952660136544,404.13380450746445,-5.724003303304016
6110,4477.9163584632515,395.52959112360986,-14.328216687158601
6111,4470.631656627824,391.10106797159324,-18.756739839175225
6112,4517.313356731841,419.915563059963,10.057755249194543
6113,4521.37700762342,422.4723047915554,12.614496980786953
6114,4506.768413229866,413.3168815999011,3.459073789132617
6115,4475.012619394931,393.76130871951636,-16.0964990912521
6116,4546.407450491321,438.3891862354917,28.531378424723243
6117,4530.567049979529,428.28269562742344,18.424887816654973
6118,4497.009084465421,407.2562466450131,-2.6015611657553563
6119,4531.460030800085,428.84936418879533,18.99155637802687
6120,4456.910745251969,382.82891130190046,-27.028896508868
6121,4510.360949381766,415.5591365027449,5.701328691976414
6122,4541.275886605106,435.10253010333054,25.244722292562074
6123,4557.731899585242,445.68478078640055,35.82697297563209
6124,4455.873737920908,382.2073958751607,-27.650411935607735
6125,4450.481053980568,378.98374217635,-30.874065634418457
6126,4531.419347829237,428.82353954962764,18.965731738859176
6127,4461.971164577601,385.8692373135591,-23.988570497209366
6128,4468.014927478592,389.51650001556436,-20.341307795204102
6129,4542.295761416849,435.7547776817337,25.896969870965222
6130,4546.025991420521,438.144455325908,28.28664751513952
6131,4482.6077008364555,398.39495695567894,-11.462850855089528
6132,4545.528722727212,437.82552486577606,27.967717055007597
6133,4486.288422569489,400.650386387264,-9.207421423504456
6134,4527.083244359481,426.0754619376703,16.217654126901834
6135,4508.073315750096,414.13062793323616,4.272820122467692
6136,4508.010796427597,414.0916222517467,4.233814440978222
6137,4474.509188622388,393.4551451929128,-16.40266261785564
6138,4469.020850783141,390.1252516273439,-19.73255618342455
6139,4486.127903618934,400.5518913116107,-9.305916499157775
6140,4460.316924437618,384.87400439914427,-24.983803411624194
6141,4523.641998041949,423.90070743126216,14.0428996204937
6142,4534.620403650795,430.8578311852316,21.000023374463126
6143,4505.690492414904,412.64528460050997,2.787476789741504
6144,4523.916186598217,424.0737843408665,14.215976530098033
6145,4443.598075687452,374.88967006309076,-34.9681377476777
6146,4453.734700591788,380.9270343905341,-28.930773420234345
6147,4508.766035705785,414.56293704459995,4.705129233831485
6148,4584.544087374255,463.1891862364955,53.33137842572705
6149,4499.023793728106,408.50373016410504,-1.354077646663427
6150,4485.867738020214,400.39227861974314,-9.465529191025325
6151,4494.5503110324735,405.73639734796825,-4.121410462800213
6152,4479.091872795717,396.2465845395086,-13.61122327125986
6153,4504.367751949362,411.8218978361865,1.9640900254180451
6154,4486.949794380973,401.0563357484407,-8.801472062327775
6155,4510.337523856031,415.5444960670188,5.686688256250363
6156,4485.263874544108,400.0219296545438,-9.83587815622468
6157,4488.91157632165,402.2616956672564,-7.596112143512073
6158,4506.392134485408,413.08237977867884,3.2245719679103786
6159,4484.002598568498,399.24894867006105,-10.608859140707409
6160,4479.67907194736,396.6049875059248,-13.25282030484368
6161,4541.583463208574,435.29918646883107,25.441378658062604
6162,4478.176369378214,395.68812549444556,-14.169682316322906
6163,4511.865414243056,416.49993117704344,6.642123366274973
6164,4488.043877886829,401.72833856566785,-8.129469245100609
6165,4512.404491338706,416.8372924388359,6.979484628067439
6166,4527.926219189703,426.60903054527853,16.751222734510065
6167,4508.479530997719,414.3841094091931,4.526301598424652
6168,4531.190885080933,428.678530702492,18.820722891723562
6169,4464.26774416829,387.2531000653462,-22.604707745422274
6170,4502.329684476867,410.55483830158755,0.6970304908190883
6171,4564.00725315507,449.75265365544874,39.894845844680276
6172,4485.05854192489,399.89603877091577,-9.961769039852697
6173,4559.62130083428,446.90767153977004,37.04986372900157
6174,4552.02064590991,441.99809861011954,32.14029079935108
6175,4513.402707786313,417.46234729245543,7.60453948168697
6176,4543.681759393453,436.6419385849258,26.784130774157347
6177,4533.0763957857225,429.87601439015725,20.01820657938879
6178,4507.081542250359,413.51207828491397,3.6542704741455054
6179,4447.625607178898,377.2825025916136,-32.57530521915487
6180,4451.099022820284,379.35243998366786,-30.5053678271006
6181,4490.92431984613,403.50026244100036,-6.357545369768104
6182,4507.566843080178,413.8146933003013,3.9568854895328514
6183,4481.836897458373,397.9234484496369,-11.934359361131555
6184,4511.728833460879,416.4144787558448,6.556670945076348
6185,4470.090908909794,390.7733477411284,-19.084460069640045
6186,4577.231694679806,458.3832757479663,48.525467937197845
6187,4508.6406673871625,414.4846811754983,4.626873364729818
6188,4520.162764075924,421.70753036786664,11.849722557098175
6189,4514.827475827919,418.3553024030475,8.497494592279054
6190,4560.766827796279,447.6498867915748,37.79207898080631
6191,4469.9094779568395,390.6634228581361,-19.19438495263239
6192,4469.169779511308,390.21541959613114,-19.64238821463732
6193,4485.951717818587,400.44379706921563,-9.41401074155283
6194,4595.598084478555,470.4993361701795,60.64152835941104
6195,4483.906320505809,399.18997509147584,-10.667832719292619
6196,4510.9344924203115,415.917668283475,6.059860472706532
6197,4522.206826797945,422.99534885751564,13.137541046747174
6198,4530.6292564036185,428.3221587045632,18.464350893794744
6199,4522.6083219877455,423.2485304213692,13.390722610600733
6200,4518.878149088283,420.8991796211262,11.04137181035776
6201,4518.683952129596,420.77704695214834,10.919239141379876
6202,4521.885339766171,422.7926741333172,12.934866322548714
6203,4470.707184377554,391.14685271778353,-18.710955092984932
6204,4500.378168998749,409.34341749055784,-0.514390320210623
6205,4471.6543504182455,391.72125439336287,-18.136553417405594
6206,4521.331977628952,422.4439310437074,12.586123232938917
6207,4383.193285630044,339.9562917277699,-69.90151608299857
6208,4546.862277089119,438.68107412865993,28.823266317891466
6209,4503.879086716012,411.51791853993245,1.6601107291639892
6210,4531.474319330235,428.85843440913595,19.00062659836749
6211,4478.3574178387435,395.7985337548025,-14.059274055965943
6212,4447.354612119559,377.1212523792483,-32.73655543152017
6213,4445.338277041894,375.9225907167265,-33.935217094041946
6214,4452.116385322326,379.9598299092845,-29.897977901483955
6215,4434.836771290648,369.71165102860004,-40.14615678216842
6216,4477.36363632047,395.1926913779862,-14.66511643278227
6217,4476.461018683788,394.64283372922637,-15.214974081542096
6218,4481.247300348731,397.5629764944656,-12.294831316302862
6219,4537.489617153117,432.6852463264245,22.827438515656013
6220,4576.503474047271,457.90597676918105,48.04816895841259
6221,4546.267393698303,438.29932292726426,28.441515116495793
6222,4533.967870681123,430.4427589607817,20.58495115001324
6223,4583.851037788751,462.73267140655935,52.874863595790885
6224,4473.887809001019,393.07741752799166,-16.780390282776807
6225,4543.7537128650265,436.68801917457085,26.83021136380239
6226,4523.395653217435,423.74523614859845,13.887428337829988
6227,4463.600216215783,386.85060266380606,-23.007205146962406
6228,4532.497464725826,429.5081620796759,19.65035426890745
6229,4539.664027646126,434.07265964910357,24.214851838335107
6230,4498.891090805156,408.42150329138576,-1.436304519382702
6231,4547.968290548293,439.39125971177964,29.533451901011176
6232,4575.894002516774,457.50669224488274,47.64888443411428
6233,4486.830291840515,400.98296984844137,-8.874837962327092
6234,4480.400353514024,397.0454537953533,-12.812354015415167
6235,4463.732695010071,386.93046598856245,-22.927341822206017
6236,4499.385794063675,408.7280790370305,-1.129728773737952
6237,4499.695577832351,408.9201158064425,-0.9376920043259815
6238,4539.532183969318,433.98847308115046,24.130665270381996
6239,4502.6552462117625,410.7571079532968,0.8993001425283182
6240,4526.861326083479,425.9350514228013,16.077243612032817
6241,4489.942055380187,402.895574145472,-6.9622336652964805
6242,4467.632637372693,389.28527785679535,-20.572529953973117
6243,4504.6520607801,411.9988066882729,2.140998877504444
6244,4502.583369304894,410.71244695583937,0.8546391450709052
6245,4546.358643676487,438.35786976519876,28.500061954430294
6246,4525.071650556183,424.80353449600443,14.945726685235968
6247,4499.571737238428,408.8433408776459,-1.0144669331225487
6248,4518.26368456063,420.51279599632653,10.654988185558068
6249,4534.138794936434,430.551463869635,20.69365605886651
6250,4483.414699837589,398.8889094292699,-10.968898381498548
6251,4457.138444743543,382.9654491815345,-26.892358629233968
6252,4566.111007159419,451.1203548290405,41.262547018272016
6253,4474.674815411428,393.5558584542814,-16.301949356487057
6254,4444.968694097356,375.7030966613461,-34.15471114942238
6255,4404.759582849676,352.2217505140402,-57.63605729672827
6256,4622.383617991904,488.4359094033207,78.57810159255223
6257,4517.096758034674,419.7795005881885,9.921692777420049
6258,4499.874593497967,409.0311092608663,-0.8266985499021757
6259,4490.974650082176,403.53125835543915,-6.326549455329314
6260,4518.155840563723,420.4450003548377,10.58719254406924
6261,4509.853456746516,415.24202228037257,5.384214469604103
6262,4535.443360733945,431.38158878226386,21.5237809714954
6263,4455.240806447778,381.8283125469143,-28.029495263854187
6264,4528.743467434148,427.12662910414565,17.268821293377187
6265,4610.425073586466,480.389275162644,70.53146735187556
6266,4528.744150720199,427.1270619878933,17.26925417712482
6267,4424.778442386705,363.8132724375787,-46.044535373189774
6268,4501.494679771465,410.0362823944629,0.17847458369442393
6269,4428.363495889191,365.90993209350836,-43.947875717260104
6270,4469.266871333562,390.27420895637897,-19.583598854389493
6271,4491.7646143326965,404.0179154766238,-5.839892334144679
6272,4476.455189614905,394.6392840335634,-15.218523777205064
6273,4526.918709465782,425.9713564332428,16.113548622474354
6274,4570.257839760477,453.8221528536833,43.96434504291483
6275,4510.26737787417,415.50065791403904,5.642850103270575
6276,4534.35447247701,430.68865031275664,20.830842501988172
6277,4463.721235938759,386.9235576853466,-22.93425012542184
6278,4513.582667709014,417.57508259552515,7.7172747847566825
6279,4514.034708320423,417.8583286275184,8.00052081674994
6280,4510.967396558409,415.9382419008721,6.0804340901036085
6281,4529.513544372563,427.6146346240662,17.75682681329772
6282,4478.352861466839,395.7957549640041,-14.062052846764345
6283,4533.873130360484,430.3825115328623,20.524703722093818
6284,4444.196607891066,375.24477124877103,-34.61303656199743
6285,4475.975538696963,394.3472492447263,-15.510558566042164
6286,4483.224635116322,398.77254567823684,-11.085262132531625
6287,4560.646630538634,447.57198011422406,37.7141723034556
6288,4503.2183053694225,411.1070509557926,1.2492431450241384
6289,4513.542765799176,417.55008487064333,7.692277059874868
6290,4420.063643800118,361.065497545324,-48.792310265444485
6291,4457.429680944356,383.1401227031879,-26.717685107580564
6292,4429.934162599418,366.83049360495124,-43.02731420581722
6293,4516.449994023802,419.37334791032845,9.515540099559985
6294,4516.61389463726,419.4762552285579,9.618447417789412
6295,4510.572850517547,415.69158168927606,5.8337738785076
6296,4499.41946052418,408.74894688444147,-1.1088609263269973
6297,4453.344749268334,380.69385979140225,-29.163948019366217
6298,4571.474343535278,454.6162131791234,44.75840536835494
6299,4483.6619648599835,399.04031874661587,-10.817489064152596
6300,4477.8112265915415,395.46549906143446,-14.392308749334006
6301,4551.033817636077,441.3625925177894,31.504784707020917
6302,4509.27313022755,414.8795444167299,5.0217366059614506
6303,4562.320737033824,448.657652308264,38.79984449749554
6304,4468.705615398429,389.9344293895515,-19.923378421216967
6305,4532.441461849054,429.472586098143,19.61477828737452
6306,4464.287952950625,387.26528863551766,-22.5925191752508
6307,4558.222057958803,446.00187404918415,36.14406623841569
6308,4498.926083492323,408.4431850473279,-1.4146227634405477
6309,4531.722330064468,429.0158842291403,19.15807641837182
6310,4533.412102165909,430.0893927316001,20.231584920831665
6311,4495.066104508551,406.05498990466185,-3.802817906106611
6312,4511.232037564849,416.10372955041385,6.245921739645382
6313,4481.586691692033,397.7704557175639,-12.087352093204572
6314,4476.941817444217,394.93567889464066,-14.922128916127804
6315,4542.425653452157,435.8378826610392,25.98007485027074
6316,4581.43934238148,461.14574521587747,51.287937405109005
6317,4488.015360231609,401.71081538225826,-8.146992428510202
6318,4444.262515422047,375.28388394346575,-34.57392386730271
6319,4436.156027380587,370.4889532989623,-39.36885451180615
6320,4478.443988706879,395.8513325393633,-14.00647527140518
6321,4483.819768261946,399.1369626662363,-10.720845144532177
6322,4484.840636842645,399.76246151711257,-10.095346293655894
6323,4547.640955720356,439.1810155669764,29.32320775620792
6324,4543.026909510832,436.2226672598058,26.36485944903734
6325,4674.209967901351,524.0168782088263,114.15907039805779
6326,4507.589716019024,413.8289587123022,3.971150901533747
6327,4494.931747365341,405.97198880508904,-3.885819005679423
6328,4394.364004071976,346.2805556776407,-63.577252133127786
6329,4558.103850178689,445.9253931004555,36.06758528968703
6330,4493.539207113084,405.11222862391105,-4.745579186857412
6331,4531.088172168502,428.61334507622496,18.755537265456496
6332,4459.889667010042,384.61716952186634,-25.24063828890212
6333,4493.735448230519,405.2333332679359,-4.624474542832559
6334,4481.946047627255,397.99019957691553,-11.867608233852934
6335,4365.173191161015,329.885892530463,-79.97191528030544
6336,4456.187257911083,382.39524484669937,-27.462562964069093
6337,4539.942643688101,434.2505914988328,24.392783688064355
6338,4501.879330359584,410.275117974591,0.41731016382254893
6339,4481.711023157543,397.8464766638681,-12.011331146900375
6340,4461.247566190433,385.4337400911545,-24.42406771961396
6341,4463.195784663521,386.60684791572976,-23.250959895038704
6342,4437.177510480874,371.0913915123915,-38.76641629837695
6343,4435.579783162613,370.1493272705825,-39.708480540185974
6344,4483.018617861888,398.64643466576945,-11.211373144999015
6345,4434.9285375835925,369.76569201401253,-40.092115796755934
6346,4473.963017289582,393.1231257430136,-16.734682067754875
6347,4540.142647863129,434.3783416231986,24.52053381243013
6348,4547.410043942594,439.0327324929931,29.174924682224628
6349,4508.485338056317,414.3877336191804,4.529925808411917
6350,4535.625261296802,431.4973985041738,21.639590693405353
6351,4503.02408012107,410.98632253662527,1.1285147258568031
6352,4551.963801829061,441.961479635313,32.10367182454456
6353,4597.225410452355,471.5800752459595,61.72226743519104
6354,4481.298329035401,397.5941682271946,-12.263639583573877
6355,4495.765375872832,406.487112638551,-3.370695172217438
6356,4474.239403211715,393.29112389205966,-16.566683918708804
6357,4426.598287739895,364.8767920660298,-44.98101574473867
6358,4474.012004088169,393.15289916945676,-16.704908641311704
6359,4510.252035126537,415.49106967843727,5.633261867668807
6360,4452.263380490755,380.0476309589785,-29.810176851789947
6361,4445.276800001398,375.88607511431474,-33.97173269645373
6362,4462.733405075941,386.32826367188363,-23.52954413888483
6363,4468.397068520576,389.7477020435135,-20.110105767254936
6364,4449.398132746694,378.3380863419179,-31.51972146885055
6365,4525.199639653812,424.8844059538246,15.026598143056162
6366,4513.712923041664,417.6566900521043,7.798882241335832
6367,4525.206396266999,424.8886754124578,15.030867601689351
6368,4508.441604737066,414.3604398568327,4.502632046064264
6369,4488.283084597716,401.87533858592724,-7.982469224841225
6370,4588.110594088252,465.54183932171463,55.68403151094617
6371,4501.359237893435,409.9522009708785,0.0943931601100303
6372,4432.921631033973,368.5847668360698,-41.27304097469869
6373,4433.4179111346975,368.87661020626183,-40.98119760450663
6374,4516.848907209648,419.62383303495926,9.766025224190798
6375,4577.559885298318,458.5984599088115,48.74065209804303
6376,4481.174234419696,397.51831646129267,-12.339491349475793
6377,4490.792985330036,403.4193856238503,-6.43842218691816
6378,4524.939188540419,424.7198447650485,14.862036954280029
6379,4505.627026909143,412.6057594945096,2.747951683741121
6380,4465.538845639112,388.0201243319457,-21.837683478822782
6381,4521.138315664214,422.32191387860667,12.464106067838202
6382,4496.5271947971905,406.95814995925684,-2.89965785151162
6383,4515.893139539189,419.02381246103823,9.16600465026977
6384,4555.188696899289,444.0412824927266,34.18347468195816
6385,4471.090343590581,391.3791650072776,-18.478642803490857
6386,4434.299020003542,369.39505297841424,-40.46275483235422
6387,4599.404649138879,473.0291798066255,63.171371995857044
6388,4511.553964028929,416.3050835833187,6.447275772550256
6389,4481.714990561438,397.84890260529573,-12.008905205472729
6390,4620.182078925378,486.94987726764384,77.09206945687538
6391,4406.505212315041,353.22465220545246,-56.633155605316006
6392,4526.373278134686,425.6263374829273,15.76852967215882
6393,4526.957351051267,425.9958048430226,16.137997032254134
6394,4553.9041613653635,443.21229159824225,33.35448378747378
6395,4497.553859998943,407.5933763494718,-2.264431461296681
6396,4485.891932445136,400.40712064670697,-9.450687164061492
6397,4437.956992661939,371.5514474077295,-38.30636040303898
6398,4393.563346180301,345.82519697884254,-64.03261083192592
6399,4551.689764614588,441.7849654211709,31.927157610402446
6400,4571.071350944373,454.35309023022637,44.49528241945791
6401,4448.835595085346,378.0029160616068,-31.854891749161652
6402,4506.8082984160155,413.3417424586746,3.4839346479061533
6403,4518.2796696002715,420.5228453799323,10.665037569163815
6404,4467.676764763152,389.31196403729155,-20.545843773476918
6405,4461.973202989093,385.87046448601495,-23.98734332475351
6406,4527.546224441037,426.3684687005375,16.510660889769042
6407,4461.600232042129,385.6459603361054,-24.211847474663045
6408,4476.027185264053,394.3786889097405,-15.47911890102796
6409,4574.930178000782,456.87559925947335,47.017791448704884
6410,4552.6702231833315,442.4166609544154,32.55885314364696
6411,4496.627297142568,407.0200642038776,-2.8377436068908537
6412,4496.12402031557,406.7088305936077,-3.148977217160791
6413,4597.728519075431,471.91443601939045,62.05662820862199
6414,4515.993363676017,419.08671210728016,9.2289042965117
6415,4574.181649013038,456.3857647221762,46.52795691140773
6416,4479.425214466906,396.450022858236,-13.407784952532438
6417,4510.652874220075,415.7416046006242,5.883796789855751
6418,4486.664417004805,400.88114594669423,-8.97666186407423
6419,4531.289068938673,428.74084656649393,18.883038755725465
6420,4490.858924761131,403.4599906183962,-6.397817192372258
6421,4545.120079536664,437.5635202999283,27.70571248915985
6422,4535.306803470631,431.29465756206537,21.436849751296904
6423,4453.485434328177,380.77797510604796,-29.079832704720502
6424,4533.4373252278465,430.10542686108147,20.247619050313006
6425,4461.015618672913,385.2941959523487,-24.56361185841979
6426,4384.153437599128,340.4974321405234,-69.36037567024505
6427,4444.282843776506,375.29594819110935,-34.56185961965912
6428,4542.231356970126,435.71357455684483,25.85576674607637
6429,4497.677458224296,407.66988353076977,-2.187924279998697
6430,4457.888373763159,383.41531392093066,-26.442493889837806
6431,4483.912008144432,399.1934588406166,-10.664348970151877
6432,4510.162996797738,415.4354285934651,5.577620782696613
6433,4490.030042703023,402.94972108069214,-6.90808673007632
6434,4493.697821005876,405.2101112827895,-4.647696527978951
6435,4475.5811523748525,394.10720995075735,-15.750597860011112
6436,4546.658308257219,438.55016412815803,28.692356317389567
6437,4560.499419098392,447.47657291940504,37.61876510863658
6438,4468.247948695335,389.65747360673004,-20.200334204038427
6439,4502.880991829493,410.89739166222034,1.03958385145188
6440,4490.779400650205,403.41102053811164,-6.44678727265682
6441,4490.042458527975,402.9573620091073,-6.900445801661135
6442,4460.458627608526,384.95920504718333,-24.89860276358513
6443,4483.4942315377375,398.9376063961299,-10.92020141463854
6444,4527.786754877956,426.5207326387658,16.662924827997358
6445,4495.829804204985,406.5269384731009,-3.3308693376675365
6446,4499.072894822957,408.53415683695766,-1.3236509738107998
6447,4432.279602922394,368.2073931171285,-41.65041469363996
6448,4436.953546214013,370.95926098052723,-38.89854683024123
6449,4507.857330479751,413.9958829136649,4.138075102896437
6450,4516.528566246817,419.42267902990034,9.564871219131874
6451,4527.1128429324135,426.0941910539991,16.236383243230648
6452,4474.050620626941,393.1763705189546,-16.681437291813836
6453,4557.060639477124,445.2507060080725,35.39289819730402
6454,4442.559485202919,374.27390117912955,-35.58390663163891
6455,4500.1746478943105,409.2171830885436,-0.6406247222248567
6456,4573.498807884664,455.939135236677,46.08132742590851
6457,4481.26047206272,397.5710277016351,-12.28678010913336
6458,4466.8171004950655,388.79224744885505,-21.065560361913413
6459,4525.009364249615,424.76418088677156,14.906373076003092
6460,4512.9642794969295,417.187758616853,7.3299508060845255
6461,4579.507433694687,459.8763966174529,50.01858880668442
6462,4479.342779592255,396.3997079528199,-13.458099857948582
6463,4488.48785351821,402.00119704860526,-7.8566107621632
6464,4535.625100739639,431.49729627633087,21.63948846556241
6465,4479.983441409177,396.79082712864556,-13.066980682122903
6466,4506.994836743471,413.4580236715419,3.60021586077346
6467,4548.8111723208085,439.9328600608005,30.07505225003206
6468,4459.5698962635,384.425005034037,-25.432802776731478
6469,4559.782242228634,447.0119135682821,37.15410575751366
6470,4511.678981067945,416.38329053882444,6.525482728055977
6471,4528.355151502853,426.8806533630245,17.022845552256058
6472,4401.6409385870065,350.43377874507087,-59.424029065697596
6473,4492.153047817613,404.2573180066561,-5.600489804112385
6474,4495.79258126597,406.5039291858211,-3.353878624947356
6475,4550.380703515183,440.94223851085235,31.084430700083885
6476,4523.691708942005,423.932084012034,14.074276201265548
6477,4483.930005918197,399.2044828013595,-10.653325009408945
6478,4571.607048329202,454.7028751032899,44.845067292521435
6479,4463.842523028692,386.9966809471389,-22.86112686362958
6480,4482.488525727979,398.3220378260494,-11.535769984719082
6481,4502.81608554617,410.85705489766633,0.9992470868978671
6482,4585.201928842382,463.62270714151146,53.76489933074299
6483,4474.315790398127,393.3375614425554,-16.520246368213066
6484,4480.752003622646,397.26028641245375,-12.597521398314711
6485,4506.119675997496,412.9126215302649,3.054813719496451
6486,4585.285560206387,463.6778344385275,53.820026627759034
6487,4548.852804762653,439.9596197190608,30.101811908292348
6488,4537.92685628017,432.9640584228637,23.10625061209521
6489,4406.369061552667,353.14637643959713,-56.71143137117133
6490,4455.069356752988,381.7256590149823,-28.13214879578618
6491,4484.757292314928,399.711376733012,-10.14643107775646
6492,4436.687768281743,370.8024936756592,-39.055314135109256
6493,4517.963493844543,420.32409589693043,10.466288086161967
6494,4489.78738091993,402.8003971828889,-7.0574106278795625
6495,4498.326513385607,408.07176621494045,-1.78604159582801
6496,4493.9259439208445,405.3509096867515,-4.5068981240169705
6497,4435.146948957624,369.89433056113694,-39.963477249631524
6498,4452.828502460052,380.3852788191234,-29.47252899164505
6499,4516.499117985622,419.40418977098807,9.546381960219605
6500,4477.76077495542,395.43474385267746,-14.423063958091006
6501,4532.094102105842,429.25195718133955,19.394149370571085
6502,4477.996986839006,395.5787485690839,-14.279059241684536
6503,4483.952520465558,399.21827358401424,-10.639534226754222
6504,4447.845436199255,377.41333362403384,-32.444474186734624
6505,4500.257788375686,409.26874879567276,-0.5890590150956996
6506,4494.119438238505,405.47035444606263,-4.387453364705834
6507,4482.09481243095,398.0811862837363,-11.776621527032148
6508,4458.653093495895,383.8743304719487,-25.98347733881974
6509,4525.530581713772,425.09355088197526,15.235743071206798
6510,4539.881865409988,434.2117737838216,24.353965973053164
6511,4485.983900663735,400.46354092207,-9.39426688869844
6512,4503.552234935404,411.31465956710053,1.456851756332071
6513,4549.7575685053025,440.54136076896884,30.68355295820038
6514,4454.327708760418,381.28176932138877,-28.576038489379698
6515,4437.695176442533,371.39688860193473,-38.46091920883373
6516,4501.55272681446,410.07232025628946,0.21451244552099524
6517,4576.987762462423,458.22336837019157,48.3655605594231
6518,4561.66556259392,448.23261514155774,38.37480733078928
6519,4467.709575909111,389.3318072880211,-20.52600052274738
6520,4487.181208450488,401.19842647587484,-8.659381334893624
6521,4544.974288644277,437.47006389160106,27.612256080832594
6522,4499.93455052085,409.06828724048046,-0.7895205702880048
6523,4504.3207422911655,411.79265011516554,1.9348423043970797
6524,4552.4258972374055,442.25920427500023,32.401396464231766
6525,4522.225543110374,423.00714964045983,13.149341829691366
6526,4496.012822944791,406.6400806600859,-3.217727150682549
6527,4467.250180327237,389.0540248571606,-20.80378295360788
6528,4472.736093082797,392.37779409840005,-17.480013712368418
6529,4486.196390839326,400.5939138509011,-9.263893959867346
6530,4518.227162450084,420.4898359303161,10.632028119547613
6531,4512.155849341992,416.6816722644721,6.8238644537036635
6532,4558.9786221256045,446.4915243886521,36.63371657788366
6533,4575.265840876458,457.0953373451348,47.23752953436633
6534,4520.531926659422,421.9399698008433,12.082161990074837
6535,4549.369448823137,440.2917635309518,30.43395572018335
6536,4509.486080035393,415.01253673444216,5.1547289236737015
6537,4518.063300961831,420.38683006773135,10.52902225696289
6538,4409.279144405375,354.8214366906086,-55.036371120159856
6539,4515.613482429765,418.8483272711901,8.990519460421638
6540,4513.02048281555,417.22295387313716,7.365146062368694
6541,4526.840351983668,425.9217820222493,16.063974211480854
6542,4566.129023508516,451.13207631594014,41.274268505171676
6543,4502.065401649389,410.39067751939774,0.5328697086292777
6544,4502.459385412189,410.6354147846746,0.7776069739061313
6545,4493.401627957747,405.0273363969436,-4.830471413824853
6546,4518.322866735634,420.55000290369117,10.692195092922702
6547,4584.359933861297,463.0678626372228,53.210054826454325
6548,4383.09407027686,339.9004003525856,-69.95740745818284
6549,4491.042833149884,403.57325086179117,-6.284556948977297
6550,4526.668064516716,425.8127909435884,15.954983132819962
6551,4454.639143488664,381.46813626710446,-28.389671543664008
6552,4496.359681746168,406.8545521293495,-3.0032556814189775
6553,4526.461455497757,425.6821057686834,15.82429795791495
6554,4516.089491226082,419.14704517610653,9.289237365338067
6555,4531.482212099879,428.8634447031486,19.005636892380153
6556,4520.705794382338,422.0494657701006,12.191657959332133
6557,4490.75496685869,403.39597507679446,-6.461832733974006
6558,4425.660397981545,364.3284855107622,-45.52932230000624
6559,4560.14011763257,447.24375215568216,37.385944344913696
6560,4490.5623925753325,403.27740455937374,-6.580403251394728
6561,4438.273701159801,371.7384555804806,-38.11935223028786
6562,4484.53260809952,399.5736763320019,-10.28413147876654
6563,4545.568664635853,437.85113800953604,27.99333019876758
6564,4542.591751841748,435.9441637459863,26.086355935217853
6565,4527.300783449133,426.2131238093457,16.355315998577225
6566,4509.156065114704,414.8064434561761,4.9486356454076486
6567,4519.231502519646,421.12145260658053,11.26364479581207
6568,4388.231753302983,342.8010976899195,-67.05671012084895
6569,4479.212151895343,396.31998473210797,-13.537823078660495
6570,4478.466420946203,395.86501434070806,-13.992793470060406
6571,4469.088686459283,390.1663209960734,-19.691486814695054
6572,4523.384261852134,423.73804759728137,13.880239786512902
6573,4586.695415226716,464.6076370587198,54.74982924795131
6574,4541.231338705207,435.0740509481943,25.216243137425863
6575,4558.195859466949,445.9849229642846,36.127115153516115
6576,4543.275379575487,436.38172849559714,26.52392068482868
6577,4573.484080031552,455.9295044168721,46.071696606103615
6578,4493.042144478132,404.8055619230786,-5.052245887689878
6579,4519.329635984588,421.18319265937,11.325384848601516
6580,4475.251921382314,393.9068836657075,-15.95092414506098
6581,4551.130899542469,441.4250924779458,31.56728466717732
6582,4499.116892288906,408.56142188805734,-1.2963859227111243
6583,4478.355602024761,395.7974263446313,-14.060381466137187
6584,4534.846594814359,431.00175577774917,21.143947966980704
6585,4543.470423378768,436.50660804850986,26.648800237741398
6586,4518.6785423077945,420.7736449051026,10.915837094334165
6587,4505.900925943707,412.77635210406015,2.9185442932916885
6588,4442.429856853002,374.197082751225,-35.66072505954344
6589,4474.282761520607,393.31748207621285,-16.54032573455561
6590,4530.2146002593845,428.0591391160133,18.20133130524482
6591,4460.955705291013,385.258155104189,-24.59965270657949
6592,4537.037015340807,432.3967305633864,22.538922752617964
6593,4521.739736055201,422.70089713254265,12.843089321774187
6594,4537.045913553803,432.40240191465045,22.54459410388199
6595,4523.043510049383,423.5230431037362,13.665235292967736
6596,4536.454360697711,432.0254499658031,22.167642155034628
6597,4419.083414394934,360.4955931047698,-49.36221470599867
6598,4494.0263407935145,405.41288284084203,-4.444924969926433
6599,4527.622876786426,426.4169893333419,16.559181522573454
6600,4467.461232858984,389.1816292872127,-20.67617852355579
6601,4525.151344551874,424.85388921831736,14.9960814075489
6602,4511.427977431763,416.22627749082494,6.368469680056478
6603,4535.2299452794805,431.2457340514761,21.387926240707657
6604,4495.680485894852,406.43464159937366,-3.4231662113948005
6605,4547.822819607352,439.2978190260942,29.44001121532574
6606,4534.609313980128,430.85077547518904,20.992967664420576
6607,4441.123564355419,373.4234230562429,-36.43438475452558
6608,4534.432600266692,430.7383504991799,20.880542688411424
6609,4571.519993710792,454.6460238095842,44.78821599881576
6610,4526.939366756658,425.98442615032263,16.12661833955417
6611,4489.979427986372,402.918572602739,-6.939235208029459
6612,4563.809119600699,449.62394520742555,39.766137396657086
6613,4480.165818160107,396.90220249504773,-12.955605315720732
6614,4480.60705809216,397.17172811342834,-12.68607969734012
6615,4451.316911621598,379.48248271265857,-30.375325098109897
6616,4493.035593095272,404.80152077551384,-5.056287035254627
6617,4520.682320878845,422.0346821368803,12.176874326111829
6618,4512.961660831149,417.1861188099115,7.328310999143014
6619,4492.8566467777155,404.69114757658645,-5.166660234182018
6620,4515.706291638511,418.9065611251485,9.048753314380065
6621,4528.882610193563,427.21478498267516,17.356977171906692
6622,4501.133437940783,409.81204503165327,-0.04576277911519355
6623,4476.017573209242,394.37283750895267,-15.484970301815792
6624,4455.570503843603,382.0257549537987,-27.832052856969767
6625,4486.643550465058,400.8683377399793,-8.989470070789139
6626,4476.278827997165,394.53189374642625,-15.325914064342214
6627,4452.975462206701,380.47310930935964,-29.38469850140882
6628,4593.47270473925,469.0895913448626,59.23178353409412
6629,4509.173015814537,414.817027872989,4.959220062220538
6630,4573.5607206616605,455.97962222906335,46.12181441829489
6631,4476.569452446616,394.708868990861,-15.148938819907471
6632,4456.555738438312,382.6160846658672,-27.241723144901243
6633,4513.398993386222,417.4600205779484,7.602212767179935
6634,4525.640276538243,425.1628857434821,15.30507793271363
6635,4482.601190377728,398.39097325661896,-11.4668345541495
6636,4542.070528308021,435.6106917723646,25.752883961596126
6637,4488.426639950875,401.9635708705546,-7.8942369402138866
6638,4562.015476785857,448.4595939460023,38.60178613523385
6639,4457.828255214966,383.37924022295283,-26.478567587815633
6640,4525.890946301258,425.3213476269884,15.463539816219964
6641,4483.717097077593,399.0740821592344,-10.783725651534041
6642,4500.093728560478,409.1669981139039,-0.6908096968645623
6643,4452.461209675906,380.1658119494291,-29.691995861339365
6644,4493.902278664174,405.3363022498738,-4.521505560894639
6645,4531.407102193804,428.81576644396273,18.957958633194266
6646,4493.4742116756515,405.072122542796,-4.78568526797244
6647,4437.893834521626,371.51416000427207,-38.34364780649639
6648,4570.2582707466045,453.8224340576312,43.964626246862736
6649,4592.21974316671,468.2594494605114,58.40164164974294
6650,4497.475862690777,407.5450997973235,-2.3127080134449898
6651,4496.6179247203245,407.0142670718078,-2.8435407389606553
6652,4516.211282398287,419.2234918315339,9.365684020765457
6653,4421.314090925374,361.79319185336135,-48.06461595740711
6654,4492.703366641861,404.596617186,-5.26119062476846
6655,4504.708587352334,412.03398440850833,2.176176597739868
6656,4491.400655288278,403.7936619954953,-6.06414581527315
6657,4453.289630867253,380.6609072180281,-29.19690059274035
6658,4495.275531195666,406.1843833112807,-3.673424499487737
6659,4528.9713834897375,427.2710332467991,17.413225436030643
6660,4484.450050287448,399.52308581608895,-10.334721994679512
6661,4494.212257815399,405.52765859104557,-4.330149219722898
6662,4473.42392310542,392.79554830296365,-17.06225950780481
6663,4469.151161340454,390.2041467595618,-19.653661051206655
6664,4521.436754561073,422.5099532531126,12.652145442344136
6665,4556.832720203861,445.10336700245216,35.2455591916837
6666,4531.668476386139,428.98169276412864,19.123884953360175
6667,4560.31105336118,447.35450808483665,37.49670027406819
6668,4500.066312878561,409.1499960121696,-0.7078117985988683
6669,4552.621131230108,442.38502129837343,32.52721348760497
6670,4475.3218886016775,393.9494520983985,-15.90835571236994
6671,4476.752149425629,394.8201426241467,-15.03766518662178
6672,4512.590595962211,416.9537905889515,7.095982778183043
6673,4475.095465206309,393.8117033445351,-16.046104466233373
6674,4516.962167543185,419.69496485003947,9.837157039271005
6675,4492.215973470671,404.2961075799558,-5.561700230812676
6676,4531.474102568442,428.85829681014775,19.000488999379286
6677,4433.827750401605,369.1177116981644,-40.74009611260408
6678,4507.636194491842,413.8579471968724,4.0001393861039105
6679,4464.586770938106,387.44553832643896,-22.4122694843295
6680,4540.21361675616,434.42367651455606,24.5658687037876
6681,4415.683712219846,358.52267249376973,-51.33513531699873
6682,4413.593122513212,357.3122845843832,-52.545523226385285
6683,4547.852213666643,439.31669900116003,29.45889119039157
6684,4525.14376855238,424.8491021896757,14.991294378907241
6685,4471.132509253361,391.4047346553425,-18.453073155425955
6686,4505.654655898024,412.62296606938025,2.765158258611791
6687,4555.458599148407,444.21556258521923,34.35775477445077
6688,4473.856469651608,393.05837167885693,-16.799436131911534
6689,4534.438956635334,430.74239416112823,20.88458635035977
6690,4466.416734637904,388.55032422110435,-21.307483589664116
6691,4461.760942242124,385.7426891742093,-24.115118636559146
6692,4499.4713002509125,408.78108030809517,-1.0767275026732932
6693,4509.076954270926,414.75704655777554,4.899238747007075
6694,4515.104304122582,418.5289108699799,8.671103059211418
6695,4496.887682522469,407.18113715055415,-2.676670660214313
6696,4559.834278569006,447.0456201089164,37.187812298147946
6697,4532.543417569874,429.5373548307607,19.679547019992242
6698,4508.298500908356,414.2711356791219,4.413327868353463
6699,4487.91004070568,401.6461032563225,-8.211704554445987
6700,4457.346043126291,383.0899554110156,-26.767852399752883
6701,4461.7288400410835,385.7233663918337,-24.134441418934784
6702,4551.857793785249,441.89319315073317,32.035385339964705
6703,4476.805821120166,394.85283499488014,-15.004972815888323
6704,4450.023427293188,378.71082818467085,-31.146979626097618
6705,4451.068242330944,379.3340710939733,-30.523736716795156
6706,4464.071038426486,387.13447072119834,-22.723337089570123
6707,4539.441689474995,433.93069395891325,24.07288614814479
6708,4496.807907611115,407.1317854371455,-2.726022373622982
6709,4410.811822020972,355.7053372685191,-54.152470542249375
6710,4453.857719039809,381.0006095292965,-28.857198281471938
6711,4460.86789107326,385.2053336519284,-24.65247415884005
6712,4491.180689475365,403.658160370926,-6.199647439842465
6713,4587.173814595724,464.92334335631995,55.065535545551484
6714,4542.429218957467,435.84016398188214,25.98235617111368
6715,4491.460292199482,403.83040300476705,-6.027404806001414
6716,4541.440826119892,435.207982683331,25.350174872562548
6717,4469.914018161663,390.6661734725353,-19.191634338233143
6718,4511.410051081883,416.2150649518667,6.357257141098216
6719,4436.230504943716,370.53286060086975,-39.32494720989871
6720,4543.293481209339,436.39331758917433,26.535509778405867
6721,4491.658430645714,403.9524838904126,-5.9053239203558405
6722,4489.876798156826,402.8554175612803,-7.002390249488144
6723,4468.367143831116,389.72959455558566,-20.1282132551828
6724,4528.145677074692,426.74799235138653,16.890184540618066
6725,4537.088353109908,432.4294516254249,22.571643814656454
6726,4472.070993776188,391.9740605573247,-17.883747253443744
6727,4528.369770942971,426.889912671792,17.032104861023527
6728,4467.891984718238,389.44213237605845,-20.41567543471001
6729,4528.710274302107,427.1056004445968,17.24779263382834
6730,4556.6496580216935,444.9850430531301,35.12723524236162
6731,4478.606936208606,395.9507224272297,-13.907085383538742
6732,4458.227097462565,383.61859517989706,-26.239212630871407
6733,4463.414511294831,386.7386667773758,-23.11914103339268
6734,4526.8750559634045,425.9437378308471,16.08593002007865
6735,4528.007324810333,426.6603844256879,16.802576614919417
6736,4443.201495226394,374.654480008644,-35.20332780212448
6737,4451.644688346259,379.67815319539113,-30.17965461537733
6738,4526.43624547676,425.66616117687,15.808353366101528
6739,4564.233105746805,449.89939013945286,40.0415823286844
6740,4447.104571749408,376.972502418957,-32.88530539181147
6741,4472.507445847313,392.2389750845273,-17.61883272624118
6742,4457.414915075481,383.13126565521725,-26.726542155551215
6743,4453.445915789486,380.7543460851066,-29.103461725661873
6744,4509.167808734773,414.81377643524684,4.955968624478373
6745,4527.204085770109,426.15192942021713,16.294121609448666
6746,4491.85725274439,404.07500466714146,-5.782803143627007
6747,4476.928789822392,394.92774257009887,-14.930065240669592
6748,4559.146154142974,446.59998664223076,36.7421788314623
6749,4421.786921304978,362.06855438029424,-47.78925343047422
6750,4497.064335552792,407.29043193475036,-2.5673758760181045
6751,4492.70610983052,404.598308858137,-5.259498952631475
6752,4492.857255328868,404.6915229022634,-5.166284908505077
6753,4448.88887150185,378.0346525587288,-31.82315525203967
6754,4516.101211776579,419.1544017049587,9.29659389419021
6755,4490.03063572253,402.95008603421,-6.907721776558446
6756,4505.698148802748,412.6500529804771,2.7922451697086217
6757,4574.79879311603,456.7896033119582,46.931795501189754
6758,4513.648206722183,417.6161430505954,7.75833523982692
6759,4508.743034321196,414.54857885216916,4.690771041400694
6760,4607.166716384234,478.2076064457624,68.34979863499393
6761,4510.376152551167,415.56863828487076,5.710830474102295
6762,4512.4551665075915,416.86901258110856,7.0112047703401
6763,4594.288628590875,469.630549995431,59.77274218466255
6764,4440.859454273488,373.2671031027121,-36.590704708056364
6765,4518.232633199793,420.4932751436786,10.635467332910139
6766,4559.452406710337,446.79829113214237,36.940483321373904
6767,4495.829139993374,406.5265278862589,-3.331279924509545
6768,4512.465039855792,416.87519294699723,7.017385136228768
6769,4532.093418712051,429.251523171994,19.39371536122553
6770,4509.932382627631,415.2913323639614,5.43352455319291
6771,4526.1551338790505,425.4883863521236,15.630578541355135
6772,4451.819425487298,379.7824859913999,-30.075321819368583
6773,4480.7192271805725,397.2402599046686,-12.617547906099844
6774,4570.69648551676,454.10839766796335,44.25058985719488
6775,4512.7821713207,417.07373021815965,7.21592240739119
6776,4440.628785165233,373.1306037604418,-36.72720405032669
6777,4527.3732255388395,426.2589710688403,16.401163258071847
6778,4479.893680422088,396.736016951304,-13.121790859464454
6779,4398.555629837861,348.6696644090489,-61.18814340171957
6780,4503.14780204486,411.0632247645958,1.2054169538273527
6781,4471.994847893358,391.9278514142502,-17.929956396518264
6782,4516.954838219723,419.6903615741535,9.832553763385022
6783,4557.273126440575,445.38808999052435,35.530282179755886
6784,4549.261008018852,440.2220382371479,30.364230426379436
6785,4506.838339070367,413.3604676088753,3.5026597981068335
6786,4539.100026824302,433.7125823439046,23.85477453313615
6787,4508.825644460296,414.6001478689409,4.742340058172431
6788,4493.982651583509,405.38591370507265,-4.47189410569581
6789,4475.980690791422,394.3503855068352,-15.507422303933254
6790,4513.428164161627,417.4782934372183,7.620485626449863
6791,4468.749014853021,389.9606976649925,-19.89711014577597
6792,4485.185484457969,399.973865774944,-9.883942035824475
6793,4544.554070971313,437.2007459572819,27.34293814651346
6794,4485.460113959492,400.1422641377485,-9.715543673019965
6795,4519.369284005632,421.2081382330857,11.350330422317256
6796,4492.787014300672,404.6482027016682,-5.209605109100266
6797,4531.6700649668455,428.9827013279182,19.124893517149758
6798,4509.447179869137,414.98824105324957,5.130433242481104
6799,4481.77105562079,397.88318540840055,-11.974622402367913
6800,4559.928148900249,447.1064277198784,37.24861990910995
6801,4490.508389398047,403.24415724453183,-6.613650566236629
6802,4476.039604764964,394.386249426871,-15.471558383897445
6803,4471.143111566673,391.4111641301215,-18.446643680646957
6804,4489.163001627188,402.4163085018263,-7.441499308942184
6805,4447.653080640565,377.29885211535475,-32.558955695413715
6806,4484.498615185302,399.55284545733275,-10.304962353435712
6807,4464.682884303156,387.5035238875903,-22.354283923178173
6808,4498.417654090701,408.1282147101115,-1.7295931006569845
6809,4444.228163072858,375.2634973461654,-34.59431046460304
6810,4503.5846054491085,411.3347875460295,1.4769797352610112
6811,4488.634493566969,402.09133959215114,-7.7664682186173195
6812,4480.564383574108,397.14565689558276,-12.712150915185703
6813,4505.695394775789,412.6483377759332,2.790529965164751
6814,4544.83613196738,437.3815102217468,27.52370241097833
6815,4498.2615619404805,408.03154056974654,-1.8262672410219238
6816,4441.633173915726,373.7251437161349,-36.13266409463358
6817,4527.512116334714,426.3468792775425,16.48907146677402
6818,4480.384149161703,397.03555553463866,-12.822252276129802
6819,4451.27765326505,379.45905042315326,-30.398757387615206
6820,4564.833399632413,450.28951319081807,40.43170538004961
6821,4511.055425738473,415.9932854504277,6.135477639659257
6822,4507.981880777006,414.0735824537928,4.215774643024361
6823,4526.764838598946,425.8740096750962,16.01620186432774
6824,4412.37958140853,356.61066961176766,-53.2471381990008
6825,4454.071150925438,381.1282766792774,-28.729531131491058
6826,4459.3761475046285,384.3085967343627,-25.549211076405754
6827,4494.304204412113,405.5844277949177,-4.273380015850762
6828,4541.502781050616,435.2475962284261,25.389788417657655
6829,4501.299111667636,409.9148777718383,0.05706996106982842
6830,4476.237206237056,394.50655154879723,-15.35125626197123
6831,4445.763292198319,376.1750877276031,-33.68272008316535
6832,4424.952333441918,363.9148243995746,-45.942983411193836
6833,4471.953595605395,391.9028186140554,-17.954989196713086
6834,4533.523401123511,430.1601469324228,20.302339121654313
6835,4525.7069414182615,425.2050253702387,15.34721755947021
6836,4494.620054249624,405.7794686214843,-4.078339189284179
6837,4463.695943035949,386.90830963622784,-22.949498174540622
6838,4482.542741733438,398.35520988847657,-11.502597922291898
6839,4523.69263552011,423.93266886150786,14.0748610507394
6840,4454.009940523998,381.0916606044675,-28.766147206300957
6841,4505.273736566096,412.38577154400355,2.527963733235083
6842,4515.721011967512,418.9157978780827,9.057990067314222
6843,4529.537895194345,427.63007045593486,17.772262645166393
6844,4465.902552263352,388.2397395799685,-21.618068230799963
6845,4503.548276861049,411.3121984710274,1.4543906602589232
6846,4549.419446909159,440.32391311882293,30.466105308054466
6847,4532.793888499043,429.696490188036,19.83868237726756
6848,4457.190722267628,382.9968004417865,-26.861007368981973
6849,4514.04279857836,417.8633988049987,8.00559099423026
6850,4537.640163837562,432.78123476067276,22.923426949904297
6851,4438.998008048779,372.16632369085164,-37.69148411991682
6852,4457.923545218782,383.43641910519955,-26.421388705568916
6853,4400.448119279201,349.75118983423454,-60.106617976533926
6854,4417.836400721049,359.77126353717085,-50.08654427359761
6855,4439.052591785479,372.1985781658823,-37.65922964488618
6856,4491.692426527665,403.9734319561321,-5.884375854636346
6857,4504.408095234775,411.84699880663857,1.9891909958701035
6858,4515.52980292475,418.79582536277667,8.938017552008205
6859,4475.153789063403,393.847183373417,-16.010624437351453
6860,4473.004308929092,392.5406683380088,-17.317139472759663
6861,4503.113632942479,411.0419854486563,1.1841776378878421
6862,4515.4999719307125,418.77710969201235,8.919301881243882
6863,4499.00724393432,408.49347494269296,-1.3643328680755076
6864,4435.0444017849895,369.833930078541,-40.02387773222745
6865,4587.497502687612,465.13700995452155,55.27920214375308
6866,4487.097114692467,401.14678906621293,-8.711018744555531
6867,4476.452979682121,394.6379382673226,-15.219869543445839
6868,4512.955304721329,417.1821386310753,7.324330820306841
6869,4568.782661393484,452.8601382254333,43.00233041466481
6870,4457.911438346479,383.42915411903914,-26.428653691729323
6871,4506.318882116083,413.03673566569705,3.178927854928588
6872,4553.87439024383,443.19308733144953,33.33527952068107
6873,4502.03765489349,410.37344436849935,0.5156365577308861
6874,4527.357337367675,426.248915531095,16.391107720326545
6875,4497.77719017924,407.73162276283756,-2.1261850479309032
6876,4512.63312343347,416.98041429253726,7.122606481768798
6877,4520.239981348814,421.7561441920766,11.898336381308127
6878,4538.653042501381,433.42731611784757,23.569508307079104
6879,4536.552159416839,432.08775859563866,22.229950784870198
6880,4491.009974347718,403.55301354731773,-6.304794263450731
6881,4513.353615006168,417.4315959061096,7.573788095341115
6882,4509.91931174191,415.2831659380613,5.425358127292839
6883,4492.004132798895,404.16552903973707,-5.692278771031397
6884,4474.068751118482,393.1873905795137,-16.67041723125476
6885,4469.31196240149,390.30151325548195,-19.556294555286513
6886,4547.110899932583,438.84066939477634,28.98286158400788
6887,4529.235469066676,427.4383838796625,17.58057606889406
6888,4542.560842634738,435.9243849685781,26.06657715780966
6889,4533.515083903628,430.154859369723,20.297051558954536
6890,4515.472661685381,418.7599758778538,8.902168067085313
6891,4551.392909350192,441.5937921243535,31.73598431358505
6892,4526.891766115308,425.9543098689969,16.096502058228452
6893,4511.597366224425,416.3322338831199,6.474426072351434
6894,4497.461981461692,407.53650829012577,-2.3212995206426967
6895,4495.592696466407,406.3803819680352,-3.4774258427332825
6896,4479.099163628501,396.25103356621275,-13.606774244555709
6897,4517.831410927405,420.2410817695604,10.38327395879196
6898,4456.505908480606,382.5862164651112,-27.27159134565727
6899,4544.737605449228,437.3183634529328,27.46055564216431
6900,4515.741472330085,418.928636571005,9.070828760236509
6901,4364.386919421151,329.45020567820166,-80.40760213256681
6902,4485.488852914715,400.15988846920754,-9.697919341560919
6903,4443.834488112286,375.0299096155968,-34.827898195171656
6904,4485.050597394954,399.891168325586,-9.96663948518244
6905,4484.918664316477,399.81029028221155,-10.04751752855691
6906,4527.102931288527,426.08791920878684,16.23011139801838
6907,4550.229141009557,440.8447184118513,30.986910601082855
6908,4477.162828511243,395.07032943208014,-14.78747837868832
6909,4507.348232435164,413.67836241313034,3.820554602361881
6910,4541.1323086036045,435.01074497004265,25.152937159274188
6911,4482.609397794381,398.39599531434624,-11.461812496422226
6912,4566.264065353054,451.2199395768225,41.36213176605406
6913,4504.671590676059,412.01096039943104,2.1531525886625786
6914,4488.185248652979,401.8152120540276,-8.042595756740866
6915,4479.67750585278,396.60403140574317,-13.253776405025292
6916,4463.1896843727445,386.60317181429355,-23.254635996474917
6917,4548.991594800612,440.0488340834413,30.191026272672843
6918,4491.392377208796,403.7885621830101,-6.0692456277583915
6919,4563.00715165469,449.1031643966098,39.245356585841364
6920,4478.520320343966,395.89788947353463,-13.95991833723383
6921,4586.457551607197,464.4507034726894,54.59289566192092
6922,4499.5308740599385,408.81800935003685,-1.0397984607316175
6923,4497.70939638837,407.6896543939515,-2.168153416816949
6924,4500.776655830688,409.5906362434084,-0.26717156736003744
6925,4478.573846159965,395.9305381160352,-13.92726969473324
6926,4423.110685358594,362.84005965499045,-47.01774815577801
6927,4508.888399855288,414.63932478421793,4.78151697344947
6928,4513.853002377486,417.74446127198553,7.886653461217065
6929,4414.535147713209,357.8574219164793,-52.00038589428914
6930,4493.781470167152,405.2617370355629,-4.59607077520559
6931,4532.493863579672,429.505874398154,19.64806658738553
6932,4491.078460863318,403.5951940904529,-6.262613720315585
6933,4458.325117541934,383.67743115792564,-26.180376652842824
6934,4499.157534144173,408.586608290791,-1.271199519977472
6935,4497.542374239069,407.58626704093695,-2.2715407698315175
6936,4608.565873223206,479.14385830953506,69.2860504987666
6937,4455.864760846751,382.2020178604389,-27.655789950329563
6938,4474.362485777449,393.3659500246217,-16.49185778614674
6939,4536.637709938905,432.1422673735574,22.284459562788925
6940,4545.5285765547615,437.8254311325868,27.967623321818337
6941,4535.925277040324,431.6884413027892,21.830633492020752
6942,4459.611481499776,384.4499926692679,-25.407815141500578
6943,4518.334436066983,420.5572765517609,10.699468740992415
6944,4540.705415540714,434.7379008208827,24.88009301011425
6945,4510.037027522813,415.3567152663609,5.498907455592416
6946,4529.087163257524,427.34439874291,17.486590932141553
6947,4445.634442017564,376.0985299381273,-33.75927787264118
6948,4480.810450266079,397.29599876187194,-12.56180904889652
6949,4465.704309996637,388.1200280177068,-21.73777979306169
6950,4472.963915659221,392.51613729969677,-17.341670511071698
6951,4507.491293248309,413.7675760652751,3.9097682545066164
6952,4516.658817776686,419.50446304239904,9.646655231630575
6953,4503.401410530974,411.22088347125964,1.3630756604911767
6954,4561.907306325662,448.3894211102797,38.531613299511264
6955,4512.597742706237,416.9582646448416,7.100456834073157
6956,4513.5918966698755,417.58086445529625,7.723056644527787
6957,4472.51833693781,392.2455868451225,-17.612220965645975
6958,4451.206767199019,379.4167422672281,-30.44106554354039
6959,4513.681864090535,417.6372303062949,7.779422495526433
6960,4583.6347798665065,462.5902651452366,52.73245733446811
6961,4465.142496416602,387.7808709740025,-22.07693683676598
6962,4502.632500770102,410.74297472150556,0.8851669107370981
6963,4495.064174469397,406.0537975342845,-3.8040102764839503
6964,4518.156375744253,420.4453367802944,10.58752896952592
6965,4505.210713272692,412.34653415448884,2.488726343720373
6966,4521.304736081076,422.42676639094316,12.568958580174694
6967,4458.510575853292,383.788764092139,-26.069043718629473
6968,4537.276988261199,432.54969208246666,22.6918842716982
6969,4511.71870612825,416.4081428887853,6.550335078016815
6970,4427.883622165533,365.6289208346511,-44.22888697611734
6971,4483.353930618141,398.85170268631555,-11.006105124452915
6972,4446.288019921342,376.48694382774147,-33.37086398302699
6973,4521.348063033159,422.45406647318987,12.596258662421405
6974,4534.771532016026,430.9539909871728,21.096183176404338
6975,4617.515453425794,485.1527281861263,75.29492037535783
6976,4580.254485951306,460.3670450463778,50.50923723560936
6977,4435.263146926648,369.96277758975566,-39.8950302210128
6978,4499.409961736306,408.74305909367195,-1.1147487170965178
6979,4502.825174787417,410.86270339314797,1.004895582379504
6980,4490.398481776481,403.17649635426324,-6.681311456505227
6981,4460.285356732024,384.85502527280096,-25.002782537967505
6982,4454.209973261705,381.21132693715253,-28.64648087361593
6983,4535.094751681878,431.15968417108843,21.301876360319966
6984,4486.214694250988,400.6051448753856,-9.252662935382887
6985,4552.614275764736,442.38060305328327,32.5227952425148
6986,4511.7046333224325,416.39933873233167,6.541530921563208
6987,4552.752693838731,442.4698155798842,32.612007769115735
6988,4527.16437058739,426.12679722319854,16.268989412430074
6989,4500.748172185652,409.5729626878838,-0.28484512288468977
6990,4524.005901609169,424.1304230018559,14.272615191087425
6991,4517.986549935779,420.33858748527655,10.480779674508085
6992,4519.136214802448,421.06150722457414,11.20369941380568
6993,4487.699777482904,401.5169256555628,-8.34088215520569
6994,4492.672887918723,404.57782177795434,-5.279986032814122
6995,4557.767782288842,445.70799032908326,35.850182518314796
6996,4451.639082835267,379.6748064775238,-30.183001333244647
6997,4472.939951145276,392.5015838971517,-17.35622391361676
6998,4515.01903118099,418.47542949037734,8.617621679608874
6999,4494.091235052372,405.4529434137871,-4.404864396981338
7000,4452.122556625336,379.96351585351476,-29.8942919572537
7001,4453.2617966924145,380.6442670957267,-29.213540715041745
7002,4522.23899009416,423.01562817043805,13.157820359669586
7003,4457.3846098343265,383.11308791614147,-26.744719894626996
7004,4459.422679980523,384.33655276752506,-25.5212550432434
7005,4518.525561284628,420.67744614682124,10.819638336052776
7006,4491.151457515132,403.6401548500012,-6.217652960767282
7007,4476.35718831964,394.57960715757326,-15.2782006531952
7008,4482.373841068425,398.25187262390864,-11.605935186859824
7009,4431.85146179452,367.95585063214185,-41.90195717862662
7010,4558.161480558887,445.96267941598217,36.1048716052137
7011,4544.818307659754,437.37008609068835,27.512278279919883
7012,4517.601104277757,420.0963534440634,10.238545633294962
7013,4566.377553546902,451.29378558827375,41.435977777505286
7014,4495.7183703372275,406.45805779573675,-3.3997500150317137
7015,4569.833490278093,453.54531962881583,43.68751181804737
7016,4571.380407619743,454.5548737788695,44.697065968101015
7017,4541.854191168587,435.47231867757455,25.614510866806086
7018,4535.065680023508,431.14118134157025,21.283373530801782
7019,4450.530342442375,379.0131422934901,-30.844665517278372
7020,4490.086597335448,402.98452643889186,-6.873281371876601
7021,4458.195943166068,383.5998959659637,-26.257911844804767
7022,4531.268909816443,428.7280515022917,18.87024369152323
7023,4513.2821087103375,417.38680685769987,7.528999046931403
7024,4576.054825734952,457.6120365829256,47.75422877215715
7025,4505.619418277948,412.60102111101196,2.7432133002434966
7026,4494.642559985255,405.79336796424286,-4.064439846525602
7027,4490.461242920142,403.21513241812636,-6.642675392642104
7028,4520.794775075266,422.1055082140474,12.247700403278941
7029,4511.686123277565,416.3877587141137,6.529950903345252
7030,4486.069458171827,400.5160319858669,-9.34177582490156
7031,4554.664406732249,443.70283475712677,33.8450269463583
7032,4578.240736544466,459.0450261118526,49.18721830108416
7033,4515.458955513727,418.7513770748783,8.893569264109829
7034,4534.430328446709,430.7369052646686,20.879097453900158
7035,4439.669430454465,372.56317963732,-37.29462817344847
7036,4478.64308675949,395.9727741840711,-13.88503362669735
7037,4522.310222723477,423.06054283838057,13.202735027612107
7038,4476.503614480371,394.6687735467408,-15.189034264027669
7039,4478.634604426671,395.9675999237088,-13.89020788705966
7040,4510.767751027309,415.8134194640361,5.955611653267624
7041,4494.087823192151,405.4508371521142,-4.406970658654245
7042,4545.9717305832555,438.1096488586327,28.251841047864218
7043,4586.412380884963,464.42090434886677,54.56309653809831
7044,4478.785739481737,396.05979811011275,-13.798009700655712
7045,4569.965557562769,453.6314677922551,43.77365998148662
7046,4449.480600037947,378.3872347518127,-31.47057305895578
7047,4525.38906095578,425.00410802278475,15.146300212016286
7048,4436.212253408255,370.5221003896186,-39.33570742114989
7049,4526.996617994792,426.0206496228989,16.16284181213041
7050,4475.791844621542,394.2354364436442,-15.622371367124288
7051,4413.925802089769,357.5047518180445,-52.35305599272397
7052,4564.492428240393,450.06790043500587,40.210092624237404
7053,4514.116906027378,417.90984348210804,8.052035671339581
7054,4480.169800130467,396.9046344148437,-12.95317339592475
7055,4514.036849332221,417.8596704000365,8.001862589268057
7056,4478.7008574236925,396.00801545562535,-13.849792355143109
7057,4425.906071675203,364.47206892107897,-45.38573888968949
7058,4512.87877112044,417.13421497769195,7.276407166923491
7059,4517.4193473987625,419.98215199525293,10.124344184484471
7060,4496.766734601658,407.10631546342483,-2.7514923473436284
7061,4464.827103506209,387.59054020920394,-22.267267601564527
7062,4496.531496395619,406.9608104412705,-2.896997369497967
7063,4468.833638694133,390.011920314098,-19.845887496670457
7064,4439.17953127458,372.2735945176164,-37.58421329315206
7065,4500.60944765315,409.48689223217843,-0.3709155785900293
7066,4520.035721990191,421.62755427390584,11.76974646313738
7067,4507.918863021752,414.03426850734513,4.176460696576669
7068,4473.8534760034645,393.056552374936,-16.801255435832445
7069,4503.30511807775,411.1610185740901,1.3032107633216583
7070,4456.9389788337985,382.8458399481133,-27.011967862655183
7071,4521.275782765769,422.4085235469224,12.550715736153961
7072,4511.412810558831,416.21679093443663,6.3589831236681675
7073,4523.754990133647,423.9720275627187,14.114219751950259
7074,4498.612637088588,408.2489916396826,-1.6088161710858913
7075,4527.749462238074,426.4971233774386,16.63931556667012
7076,4432.7794212307645,368.50116085701484,-41.356646953753625
7077,4555.349693201256,444.14523633329827,34.28742852252981
7078,4470.582929650567,391.07153124062916,-18.786276570139307
7079,4425.268500529284,364.09950321523183,-45.75830459553663
7080,4438.475708317133,371.8577611014193,-38.000046709349135
7081,4504.007136593103,411.59756245898234,1.739754648213875
7082,4586.91016144355,464.7493402430878,54.89153243231931
7083,4551.8718439333725,441.90224344543594,32.04443563466748
7084,4552.023267502445,441.9997874763503,32.14197966558186
7085,4493.214864223086,404.91210949126753,-4.945698319500934
7086,4500.452478805038,409.3895131650829,-0.46829464568554613
7087,4487.331912584798,401.2909740905443,-8.566833720224167
7088,4452.3115271445895,380.07639150072464,-29.781416310043824
7089,4465.8934276958435,388.2342291590289,-21.623578651739535
7090,4552.201626328424,442.11469605195043,32.25688824118197
7091,4486.357773198222,400.6929439950136,-9.16486381575487
7092,4475.800058465651,394.2404357868313,-15.61737202393715
7093,4458.986984934916,384.0748343780874,-25.782973432681047
7094,4524.072106938532,424.1722219818357,14.314414171067256
7095,4523.5996206927875,423.87396055432646,14.016152743557996
7096,4527.004371073562,426.02555519565294,16.16774738488448
7097,4554.21709561661,443.41417847671346,33.556370665944996
7098,4487.806811870047,401.5826808288102,-8.275126981958238
7099,4555.948810182895,444.5321841313621,34.67437632059364
7100,4492.896415197984,404.7156752324354,-5.142132578333076
7101,4536.365983570936,431.96914771994716,22.111339909178696
7102,4504.599820781338,411.96629792972044,2.108490118951977
7103,4493.752115486476,405.24361983084646,-4.614187979922008
7104,4457.200080220041,383.0024126217427,-26.855395189025785
7105,4434.706546959632,369.6349692352492,-40.22283857551929
7106,4502.992135847593,410.96646800147846,1.1086601907099976
7107,4434.712849480889,369.6386802454149,-40.219127565353574
7108,4481.808056314463,397.9058115044659,-11.95199630630259
7109,4499.714604363309,408.931911936857,-0.925895873911486
7110,4481.092244980092,397.46820514245746,-12.389602668311
7111,4537.766006768927,432.8614800982218,23.003672287453355
7112,4488.13821016581,401.78630546856675,-8.071502342201711
7113,4477.315623504786,395.1634330892116,-14.69437472155687
7114,4596.033744186843,470.78855173402826,60.9307439232598
7115,4486.149064229482,400.5648748479498,-9.292932962818668
7116,4489.358724485822,402.53668810169484,-7.321119709073628
7117,4408.862965197723,354.581625018669,-55.27618279209946
7118,4532.848998610553,429.7315079840664,19.873700173297948
7119,4488.822295652548,402.2068001361172,-7.651007674651282
7120,4489.947639552244,402.8990105066191,-6.958797304149357
7121,4470.570634578255,391.064078541689,-18.79372926907945
7122,4458.688809540777,383.8957756152745,-25.962032195493975
7123,4533.523886758498,430.1604556694374,20.302647858668934
7124,4489.284221513809,402.4908628125181,-7.3669449982503465
7125,4574.532732552912,456.6154811810725,46.75767337030402
7126,4560.56310014967,447.51784317124384,37.660035360475376
7127,4494.784810446509,405.8812261206872,-3.976581690081275
7128,4469.237460887298,390.25640037498306,-19.601407435785404
7129,4493.726615151178,405.2278817923129,-4.629926018455535
7130,4480.496034239726,397.1039019236514,-12.753905887117071
7131,4442.841015691846,374.44076572709446,-35.417042083674005
7132,4505.522867266654,412.5408949516068,2.6830871408383246
7133,4532.129227248163,429.2742647271439,19.41645691637541
7134,4474.105021019834,393.20943659272325,-16.648371218045213
7135,4411.269328788412,355.9694078548341,-53.88839995593435
7136,4451.59817203626,379.65038152820125,-30.207426282567212
7137,4490.620672382095,403.31328635028103,-6.544521460487431
7138,4488.681211360439,402.12006008570916,-7.737747725059307
7139,4495.695500063017,406.44392170536685,-3.413886105401616
7140,4570.0209421965865,453.667597806319,43.809789995550545
7141,4545.780277299124,437.98684889312517,28.129041082356707
7142,4418.452477061771,360.1290166956842,-49.72879111508428
7143,4508.915944128303,414.6565206951973,4.798712884428824
7144,4506.734074811006,413.2954786972482,3.4376708864797365
7145,4476.878056073625,394.8968367417983,-14.960971068970139
7146,4395.920130201488,347.1664845012665,-62.69132330950197
7147,4519.878236471982,421.52842371227143,11.67061590150297
7148,4561.67656874773,448.2397536586318,38.381945847863335
7149,4456.845784702582,382.7899628985283,-27.06784491224016
7150,4516.531353750536,419.42442920095755,9.566621390189084
7151,4497.625441899138,407.6376845985824,-2.220123212186081
7152,4456.822093703496,382.77575899029534,-27.08204882047312
7153,4460.520830070074,384.9966080400027,-24.86119977076578
7154,4545.628178529631,437.8893032356523,28.031495424883815
7155,4516.013768192528,419.0995183473847,9.24171053661621
7156,4508.906085607604,414.65036597227754,4.792558161509078
7157,4560.13082376181,447.23773067338834,37.37992286261988
7158,4485.253390504104,400.01550133037927,-9.842306480389198
7159,4448.615862328599,377.872036879357,-31.98577093141148
7160,4419.797866963351,360.91092846621586,-48.9468793445526
7161,4519.438598942347,421.2517512673794,11.393943456610941
7162,4491.036588840079,403.56940503221676,-6.288402778551699
7163,4448.199256052468,377.62395836187534,-32.233849448893125
7164,4484.616954611752,399.62536628695307,-10.232441523815396
7165,4453.416810491511,380.7369438570431,-29.120863953725348
7166,4493.52310837785,405.1022945532495,-4.755513257518942
7167,4540.145560071544,434.3802018949141,24.522394084145617
7168,4546.870297776683,438.686222304676,28.82841449390753
7169,4506.461169480829,413.12539831636786,3.267590505599401
7170,4556.775544367652,445.0664092338038,35.20860142303536
7171,4475.1401318278295,393.8388751504717,-16.01893266029674
7172,4481.949400311774,397.9922500113357,-11.865557799432736
7173,4414.450264186173,357.80828302626287,-52.04952478450559
7174,4556.27332978523,444.7418475677614,34.884039756992934
7175,4477.340313751028,395.1784788171276,-14.679328993640866
7176,4561.015474450374,447.81106958307373,37.95326177230527
7177,4464.132521832034,387.17154815030426,-22.686259660464202
7178,4516.743542486846,419.5576653303524,9.69985751958393
7179,4558.292280099084,446.04731107988437,36.1895032691159
7180,4468.724318129171,389.94574943224825,-19.912058378520214
7181,4443.205059121591,374.6565932185681,-35.20121459220036
7182,4542.4631016284675,435.86184345603124,26.004035645262775
7183,4469.012237475297,390.1200370789825,-19.737770731785986
7184,4433.409971906689,368.8719405028264,-40.985867307942044
7185,4534.1976013753765,430.58886687337963,20.731059062611166
7186,4519.35761394648,421.2007956388361,11.342987828067635
7187,4518.281350775884,420.52390229874527,10.666094487976807
7188,4499.819206953137,408.9967668337772,-0.8610409769912621
7189,4509.32377070119,414.91116869688494,5.053360886116479
7190,4469.946444569621,390.6858188082383,-19.171989002530154
7191,4499.590342795276,408.8548749246138,-1.0029328861546674
7192,4610.301990218629,480.3067789871093,70.44897117634082
7193,4503.95466483,411.56492536343376,1.707117552665295
7194,4553.156875040441,442.73036633511265,32.872558524344186
7195,4501.480649285391,410.0275719608153,0.16976415004683076
7196,4432.979072070136,368.61853955963306,-41.2392682511354
7197,4476.184052372365,394.47418901278616,-15.383618797982308
7198,4417.5933058334085,359.6301506586374,-50.22765715213109
7199,4524.5563290956325,424.47799922794957,14.620191417181104
7200,4501.525894801655,410.0556617022776,0.19785389150911215
7201,4643.2137499347655,502.599534435416,92.74172662464753
7202,4497.441430208702,407.52378867273865,-2.3340191380298165
7203,4485.831595867098,400.3701077976466,-9.487700013121867
7204,4495.073261736361,406.05941162638237,-3.7983961843860925
7205,4498.375813014657,408.10229972445813,-1.7555080863103285
7206,4537.051400831161,432.405899295406,22.548091484637553
7207,4532.2825025006505,429.3716146155416,19.51380680477314
7208,4409.996072007719,355.2347469297911,-54.62306088097739
7209,4476.110069274425,394.42914691886654,-15.428660891901927
7210,4520.6969465180855,422.04389334731513,12.18608553654667
7211,4494.448850708106,405.67374266222714,-4.184065148541322
7212,4493.862815347886,405.3119440109267,-4.545863799841754
7213,4360.723012664955,327.4240805861068,-82.43372722466165
7214,4510.416823882718,415.59405786682646,5.736250056057997
7215,4541.609291203552,435.3157021817069,25.457894370938448
7216,4532.039050573321,429.2169957754177,19.35918796464921
7217,4522.081518274545,422.91634503252453,13.058537221756069
7218,4453.69769941641,380.90490607819584,-28.952901732572627
7219,4507.564053502747,413.8129535112844,3.9551457005159136
7220,4544.571224891535,437.2117383403479,27.35393052957943
7221,4401.67787025016,350.4549240914421,-59.40288371932638
7222,4510.844243246617,415.86124174924544,6.003433938476974
7223,4423.431833349097,363.02735815033793,-46.83044966043053
7224,4476.850419844617,394.8800019058358,-14.977805904932666
7225,4460.24070933305,384.82818319639364,-25.029624614374825
7226,4515.38067659086,418.70226912230555,8.844461311537088
7227,4566.55976005152,451.4123582935199,41.55455048275144
7228,4549.26668271071,440.22568681883695,30.367879008068485
7229,4458.484037117323,383.7728315420327,-26.084976268735772
7230,4520.91555347395,422.1815835982652,12.323775787496743
7231,4538.556109712647,433.3654655414216,23.507657730653136
7232,4491.2426559672895,403.69633016995704,-6.161477640811427
7233,4508.144560530024,414.17507964211745,4.3172718313489895
7234,4556.718952776985,445.02983057553456,35.1720227647661
7235,4507.978341106393,414.07137416300884,4.2135663522403775
7236,4522.232969076413,423.011831815817,13.15402400504854
7237,4520.890833548948,422.16601256532067,12.308204754552207
7238,4538.502775028235,433.33143575064696,23.473627939878497
7239,4521.708442296673,422.68117332110614,12.82336551033768
7240,4497.147179498694,407.3416923432155,-2.516115467552936
7241,4384.971125740864,340.9586433677664,-68.89916444300206
7242,4512.437208336883,416.8577715197325,6.99996370896406
7243,4507.129597402597,413.5420387146951,3.6842309039266183
7244,4532.91137897186,429.77114709630996,19.913339285541497
7245,4494.46409494709,405.6831561105273,-4.1746517002411565
7246,4448.280354857525,377.6722440599988,-32.18556375076969
7247,4509.808718323779,415.2140725991526,5.356264788384124
7248,4491.828109090168,404.05704421060227,-5.800763600166192
7249,4454.522474693014,381.3983145222692,-28.45949328849929
7250,4459.415350865375,384.3321494727834,-25.525658337985078
7251,4533.607338477573,430.2135107813692,20.35570297060076
7252,4483.506210112708,398.94494109391917,-10.912866716849294
7253,4501.3597474344115,409.9525172743856,0.09470946361716415
7254,4496.5117388139815,406.9485907090748,-2.9092171016936845
7255,4423.513181542629,363.0748097147116,-46.78299809605687
7256,4468.496464215861,389.8078496531816,-20.049958157586843
7257,4364.721879716424,329.6357749264589,-80.22203288430956
7258,4541.196569299073,435.05182374687774,25.19401593610928
7259,4464.341650401841,387.2976762582193,-22.560131552549137
7260,4554.839953972754,443.81614276129494,33.95833495052648
7261,4574.291424504623,456.45758566829863,46.59977785753017
7262,4561.769604380621,448.30009813153856,38.4422903207701
7263,4464.530705586187,387.4117159341258,-22.44609187664264
7264,4495.161208058337,406.113746670836,-3.7440611399324553
7265,4526.204632200006,425.51968640944233,15.661878598673866
7266,4492.415894354544,404.41935822828873,-5.438449582479734
7267,4526.67302594917,425.8159294119687,15.958121601200219
7268,4508.986941742254,414.70084619814133,4.8430383873728715
7269,4539.826865258087,434.17664788916954,24.31884007840108
7270,4495.822577002158,406.52247094060067,-3.3353368701677937
7271,4543.410815924943,436.4684416847567,26.610633873988263
7272,4457.124669972943,382.9571885579662,-26.900619252802244
7273,4478.501232179804,395.8862467744784,-13.97156103629004
7274,4521.127632225468,422.3151832606245,12.457375449856045
7275,4437.467100308016,371.26227490981637,-38.595532900952094
7276,4544.568853863142,437.2102189564639,27.35241114569544
7277,4515.378074410595,418.7006367045419,8.842828893773458
7278,4471.640277622086,391.71271691061474,-18.14509090015372
7279,4458.758878408743,383.937849162598,-25.91995864817045
7280,4469.497595281388,390.41393104749113,-19.44387676327733
7281,4478.2245373654505,395.71749811357586,-14.140309697192606
7282,4467.302565841195,389.085695659242,-20.77211215152647
7283,4494.709469605533,405.8346921648522,-4.023115645916278
7284,4523.919844729918,424.0760937106147,14.21828589984625
7285,4463.643144297955,386.8764804430057,-22.981327367762788
7286,4476.923416199942,394.924469025239,-14.933338785529486
7287,4479.080647307261,396.2397345487916,-13.61807326197686
7288,4501.936949766901,410.3109007585722,0.4530929478037251
7289,4488.046067932422,401.7296842942992,-8.128123516469259
7290,4547.818337999645,439.2949404980877,29.437132687319263
7291,4552.79697825218,442.4983593903544,32.64055157958592
7292,4553.309025269598,442.82846748548855,32.97065967472008
7293,4449.475920881919,378.38444600559205,-31.47336180517641
7294,4503.964527935066,411.57106005200467,1.713252241236205
7295,4521.7883899322205,422.73156357231665,12.873755761548182
7296,4464.374533351725,387.31751029639054,-22.540297514377926
7297,4527.987211342997,426.6476488396602,16.789841028891715
7298,4483.768050447725,399.10528769644816,-10.752520114320305
7299,4479.986298443287,396.7925717641151,-13.065236046653354
7300,4473.879833060447,393.07257026858406,-16.785237542184404
7301,4489.324838734292,402.5158453271629,-7.341962483605585
7302,4581.771559862374,461.3641945158274,51.50638670505896
7303,4519.155417911544,421.07358753632934,11.215779725560878
7304,4522.796119869,423.36698084080217,13.509173030033708
7305,4450.358166285952,378.9104459099867,-30.947361900781743
7306,4486.80850815037,400.96959697120474,-8.888210839563726
7307,4485.697209225857,400.2876759141204,-9.570131896648036
7308,4410.413085753208,355.4752730024061,-54.38253480836238
7309,4471.539303799929,391.6514623352209,-18.20634547554755
7310,4516.881650527743,419.64439647519976,9.786588664431292
7311,4544.337111243138,437.06172787629566,27.2039200655272
7312,4428.26753900167,365.8537312803196,-44.004076530448856
7313,4493.206168176379,404.9067447262637,-4.951063084504767
7314,4533.051685840452,429.8603105541283,20.002502743359855
7315,4491.51653187327,403.8650525910916,-5.992755219676837
7316,4529.472245243882,427.5884559941569,17.73064818338844
7317,4482.557287508496,398.3641099586184,-11.493697852150035
7318,4501.386201419532,409.968939062087,0.1111312513185112
7319,4521.518811373425,422.5616625846674,12.703854773898911
7320,4482.177353595719,398.131674195266,-11.726133615502476
7321,4539.61901435235,434.04391626830284,24.186108457534374
7322,4485.343813586466,400.0709462614068,-9.786861549361674
7323,4415.518633260731,358.42701847470425,-51.43078933606421
7324,4503.637894277354,411.36792360064646,1.5101157898780002
7325,4509.632922927138,415.10425604255533,5.2464482317868715
7326,4488.868560495609,402.23524628317045,-7.622561527598009
7327,4481.100561007794,397.47328768924035,-12.384520121528112
7328,4495.365404992145,406.23991781055474,-3.6178900002137198
7329,4471.666011240977,391.72832868634987,-18.129479124418594
7330,4476.392177006561,394.6009126308504,-15.256895179918047
7331,4523.835327772257,424.02273994317557,14.164932132407102
7332,4443.157781552912,374.62856050928895,-35.22924730147952
7333,4486.721598728305,400.91624603672835,-8.94156177404011
7334,4488.079153286566,401.75001469942254,-8.107793111345927
7335,4521.957079817822,422.83789697735165,12.980089166583184
7336,4466.002925268763,388.3003585165384,-21.557449294230082
7337,4442.257480123073,374.09494406547356,-35.76286374529491
7338,4490.02873476816,402.94891615762435,-6.90889165314411
7339,4504.8099298860725,412.09705583456025,2.239248023791788
7340,4504.283192629749,411.76928880967125,1.911480998902789
7341,4519.3554687497835,421.19944592601087,11.341638115242404
7342,4493.787229167326,405.26529143931884,-4.592516371449619
7343,4513.27185032358,417.3803815580118,7.522573747243314
7344,4580.146151539486,460.29587779855547,50.438069987787
7345,4529.490484980728,427.6000176740786,17.74220986331011
7346,4467.721470088342,389.33900067785726,-20.518807132911206
7347,4425.371280305994,364.1595492664137,-45.69825854435476
7348,4558.582597592791,446.23518389481524,36.37737608404677
7349,4482.527583871484,398.3459354100178,-11.51187240075069
7350,4580.100674092442,460.26600422948695,50.40819641871849
7351,4507.590866376922,413.8296761748702,3.971868364101738
7352,4567.357358844115,451.9315798313978,42.07377202062935
7353,4562.181884898213,448.5675573102867,38.70974949951824
7354,4520.771733977505,422.09099595527823,12.233188144509768
7355,4543.2365494290625,436.35686902488806,26.499061214119592
7356,4553.543586044796,442.97972470922787,33.1219168984594
7357,4498.883746012963,408.416952471136,-1.440855339632435
7358,4427.930142447073,365.65615790520724,-44.201649905561226
7359,4491.613077981049,403.92453869200654,-5.9332691187619275
7360,4522.032913791771,422.88570310934074,13.027895298572275
7361,4477.7510120767565,395.4287925630183,-14.429015247750158
7362,4494.3822285143415,405.632604174064,-4.225203636704464
7363,4419.766429352115,360.89264744421826,-48.96516036655021
7364,4460.720268763968,385.1165451797888,-24.74126263097969
7365,4516.59728825391,419.46582810607197,9.608020295303504
7366,4489.278353161513,402.48725341799764,-7.370554392770828
7367,4501.784620339008,410.216304582445,0.3584967716765277
7368,4495.516969394608,406.3335805868833,-3.524227223885191
7369,4523.016459218314,423.5059771230285,13.648169312260052
7370,4511.3213396722895,416.15958012034343,6.301772309574972
7371,4505.226902359882,412.3566130677905,2.4988052570220134
7372,4492.136718852236,404.24725256728834,-5.610555243480121
7373,4556.410190289886,444.8302838155637,34.972476004795226
7374,4508.895925621838,414.6440230908411,4.786215280072611
7375,4443.000936297433,374.53556863525,-35.32223917551846
7376,4494.459931613915,405.68058520569593,-4.177222605072529
7377,4449.785106146261,378.5687411861577,-31.28906662461077
7378,4488.304446242396,401.8884673051116,-7.969340505656874
7379,4521.014462612238,422.24388911401456,12.386081303246101
7380,4477.2552360459495,395.12663543981216,-14.731172370956301
7381,4610.726485155086,480.59132310547966,70.7335152947112
7382,4521.211947397443,422.36830366810955,12.510495857341084
7383,4515.825027016561,418.9810684086028,9.12326059783436
7384,4441.419819564883,373.59880925681546,-36.258998553953006
7385,4515.195895822044,418.5863590176841,8.728551206915654
7386,4572.018539886193,454.9716470462122,45.11383923544372
7387,4574.261054793479,456.4377156525493,46.57990784178082
7388,4476.553096234487,394.69890783410756,-15.158899976660905
7389,4459.892616252403,384.618942082192,-25.238865728576457
7390,4498.9459207645805,408.4554766400365,-1.4023311707319408
7391,4441.870980850462,373.8659834786413,-35.99182433212718
7392,4577.471117646875,458.5402530253464,48.68244521457791
7393,4511.8138299764,416.46765620885844,6.60984839808998
7394,4527.64190442574,426.4290341752808,16.571226364512313
7395,4508.614884101695,414.4685879626545,4.610780151886047
7396,4519.226231484977,421.11813649500345,11.260328684234992
7397,4485.647198828237,400.2570020530834,-9.600805757685066
7398,4543.614386315499,436.59879352938424,26.740985718615775
7399,4509.95876539878,415.3078160310056,5.450008220237123
7400,4509.32458864848,414.9116795035811,5.053871692812663
7401,4472.775953530269,392.40199720376313,-17.455810607005333
7402,4470.307501589049,390.90459695572963,-18.953210855038833
7403,4520.999024213115,422.23416375347097,12.376355942702503
7404,4476.966497425693,394.9507139668235,-14.90709384394495
7405,4475.707938486496,394.18436895255627,-15.673438858212194
7406,4528.944696803823,427.2541237275909,17.39631591682246
7407,4524.837072938104,424.65533350166515,14.797525690896691
7408,4406.408895259295,353.16927667618165,-56.68853113458681
7409,4440.057003619061,372.792361428862,-37.06544638190644
7410,4525.421662135627,425.0247115467009,15.166903735932465
7411,4472.248446456742,392.08175851271244,-17.776049298056023
7412,4487.368690685995,401.3135612076321,-8.544246603136344
7413,4498.372823737101,408.1004482958738,-1.757359514894688
7414,4494.2882772086905,405.57459381542185,-4.283213995346614
7415,4490.8665671338795,403.46469686581895,-6.3931109449495125
7416,4490.582497390107,403.2897825375212,-6.568025273247258
7417,4465.829183633796,388.1954326350278,-21.662375175740635
7418,4485.396488400956,400.1032467888008,-9.754561021967675
7419,4585.227313754924,463.6394397886261,53.781631977857614
7420,4457.436415416803,383.1441622935122,-26.713645517256282
7421,4453.498774509337,380.7859516700546,-29.071856140713862
7422,4454.868293853344,381.6052929997468,-28.252514811021683
7423,4481.399897045035,397.65625625245275,-12.201551558315714
7424,4445.873497939966,376.240574104957,-33.617233705811486
7425,4494.545878322562,405.73365991980245,-4.1241478909660145
7426,4534.335889905874,430.67682961601713,20.819021805248667
7427,4569.720106561309,453.471365111503,43.613557300734556
7428,4457.551130577418,383.21297612842955,-26.644831682338918
7429,4525.409618500406,425.01710006768644,15.159292256917979
7430,4471.0353653391385,391.34582696502,-18.51198084574844
7431,4543.25016245686,436.3655841507475,26.507776339979046
7432,4535.838923546269,431.63344923192926,21.7756414211608
7433,4440.069178928696,372.7995621810701,-37.058245629698376
7434,4372.084850379795,333.7291521686502,-76.12865564211825
7435,4481.690177558783,397.83373036557396,-12.024077445194507
7436,4543.385271317221,436.4520860943271,26.59427828355865
7437,4496.064313665409,406.67191507266716,-3.185892738101302
7438,4508.387979035402,414.3269735267545,4.469165715986037
7439,4518.886287094366,420.9042980884692,11.046490277700741
7440,4419.908839941667,360.9754633180946,-48.88234449267384
7441,4567.833467514301,452.24165409740135,42.38384628663289
7442,4517.786883732765,420.21309825354,10.355290442771548
7443,4488.210758329438,401.8308889670725,-8.026918843695967
7444,4508.624060434054,414.4743155395431,4.61650772877465
7445,4493.270525301497,404.94644876933944,-4.911359041429023
7446,4630.816710355476,494.1476023416876,84.28979453091915
7447,4483.180060585337,398.7452581987459,-11.112549612022576
7448,4495.072248950617,406.05878592780846,-3.7990218829600053
7449,4423.239287231564,362.91505618789733,-46.94275162287113
7450,4489.206468574655,402.4430413372206,-7.414766473547843
7451,4523.9360699494,424.08633672747237,14.228528916703908
7452,4481.699807351424,397.8396185952838,-12.018189215484654
7453,4544.4627422102485,437.14222395031265,27.28441613954419
7454,4543.4378711488835,436.4857648118409,26.627957001072446
7455,4482.256038785399,398.17980654142684,-11.678001269341621
7456,4542.985453997713,436.1961317445971,26.338323933828633
7457,4515.614067643068,418.84869445521053,8.990886644442071
7458,4483.363671354451,398.85766646036154,-11.00014135040692
7459,4479.583539215991,396.54666694543994,-13.311140865328525
7460,4502.418172075573,410.60981021316456,0.7520024023961014
7461,4549.600773142872,440.4405184219181,30.58271061114965
7462,4489.625072728998,402.7005350824361,-7.157272728332373
7463,4521.246228446073,422.38990242495856,12.5320946141901
7464,4529.263195454751,427.4559559200029,17.598148109234444
7465,4476.4174209680305,394.6162846635707,-15.241523147197768
7466,4485.099567162129,399.92119003423886,-9.936617776529602
7467,4554.944111009,443.88337815646537,34.025570345696906
7468,4494.02021735709,405.4091028191424,-4.448704991626073
7469,4475.210516965286,393.8816940965803,-15.976113714188159
7470,4457.139720620125,382.96621431950007,-26.891593491268395
7471,4445.741117430576,376.16191176509255,-33.69589604567591
7472,4536.252809952121,431.89705366802355,22.039245857255082
7473,4532.545606237914,429.5387452639152,19.680937453146726
7474,4437.554058930168,371.31359610259324,-38.544211708175226
7475,4493.032140508653,404.7993910940654,-5.05841671670305
7476,4473.69711265613,392.9615329828939,-16.89627482787455
7477,4513.813087036967,417.71945009668934,7.86164228592088
7478,4568.2265518818995,452.49773426033835,42.639926449569884
7479,4508.483662053377,414.38668761699046,4.528879806221994
7480,4530.574096057913,428.2871654929763,18.429357682207865
7481,4434.477125080166,369.49989571110746,-40.35791209966101
7482,4469.931880088309,390.67699494636736,-19.180812864401105
7483,4493.106727018364,404.84540002947324,-5.012407781295224
7484,4439.340541407503,372.3687565951582,-37.48905121561029
7485,4468.964914609473,390.09138816566974,-19.766419645098722
7486,4458.051077079927,383.5129516029274,-26.344856207841076
7487,4543.380735379477,436.44918187506255,26.591374064294087
7488,4513.00438130857,417.2128707472348,7.355062936466311
7489,4562.324002682804,448.6597713481119,38.801963537343454
7490,4534.420499487356,430.7306525293616,20.872844718593115
7491,4460.644369449376,385.0708990885264,-24.78690872224206
7492,4432.458774031128,368.3126867337505,-41.54512107701794
7493,4437.465792379425,371.2615030253537,-38.59630478541476
7494,4551.47904740707,441.6492604657892,31.79145265502075
7495,4507.647505200126,413.8650018049352,4.007193994166755
7496,4495.652434951999,406.41730387938696,-3.4405039313814996
7497,4464.017065799455,387.10192414722724,-22.755883663541226
7498,4560.628133084094,447.55999144281213,37.70218363204367
7499,4456.050732350561,382.31343821552446,-27.544369595244007
7500,4531.2081508636165,428.68948872074,18.83168090997151
7501,4454.018292667375,381.09665675172164,-28.761151059046824
7502,4503.126272879334,411.0498422962037,1.1920344854352152
7503,4431.7846988754345,367.916633997801,-41.94117381296746
7504,4509.070107272766,414.7527714222929,4.8949636115244175
7505,4499.5041407625195,408.8014375143621,-1.056370296406385
7506,4441.8105197116365,373.83017311686217,-36.02763469390629
7507,4499.598547741547,408.859961426449,-0.9978463843194731
7508,4467.814393925434,389.3952017110173,-20.462606099751156
7509,4532.060698685162,429.23074360781357,19.372935797045102
7510,4489.555542696562,402.6577596960765,-7.200048114691981
7511,4497.501693021505,407.5610872021084,-2.2967206086600527
7512,4469.7971425888945,390.5953693192305,-19.262438491537978
7513,4506.43313649221,413.1079295417089,3.2501217309404637
7514,4454.551094543913,381.4154417834038,-28.442366027364642
7515,4510.561602185529,415.68455058365,5.826742772881516
7516,4461.110298159718,385.35115384609526,-24.506653964673205
7517,4472.052296310517,391.9627137399061,-17.895094070862342
7518,4480.080646091198,396.85018692922586,-13.007620881542607
7519,4413.330508622179,357.1603914410248,-52.69741636974368
7520,4503.964405141728,411.5709836762944,1.7131758655259546
7521,4513.199286834645,417.334933108667,7.47712529789851
7522,4494.0826659800105,405.44765343356994,-4.410154377198523
7523,4478.49306235766,395.8812636987486,-13.976544112019837
7524,4425.3100941730145,364.123802450119,-45.73400536064946
7525,4427.211770468857,365.23567785314845,-44.62212995762002
7526,4495.617193815083,406.39552257226205,-3.4622852385064107
7527,4579.104313772813,459.61173938421416,49.7539315734457
7528,4474.752154124019,393.60289056382817,-16.254917246940295
7529,4481.734521395102,397.86084519871747,-11.996962612050993
7530,4539.262626406548,433.81637646173385,23.95856865096539
7531,4483.94163409258,399.21160534954606,-10.646202461222401
7532,4481.352830853392,397.6274843104261,-12.230323500342365
7533,4459.4581754499995,384.35787862941606,-25.4999291813524
7534,4452.015966299302,379.8998550636188,-29.957952747149648
7535,4453.444381968666,380.7534289944392,-29.104378816329245
7536,4576.703814451128,458.0372625753753,48.17945476460682
7537,4514.891960671812,418.3957398552584,8.537932044489935
7538,4492.16577512449,404.26516341268507,-5.592644398083394
7539,4420.854467804851,361.5256261189252,-48.33218169184329
7540,4487.169179480597,401.19103993320095,-8.666767877567509
7541,4514.143934480897,417.92678341294913,8.068975602180672
7542,4542.800753770732,436.077915404358,26.220107593589546
7543,4516.962347136989,419.6950776465519,9.837269835783445
7544,4501.021140365923,409.74234990648074,-0.11545790428772307
7545,4452.127397102091,379.96640694586176,-29.8914008649067
7546,4442.492254761914,374.2340590539484,-35.62374875682008
7547,4547.919359422447,439.3598285901817,29.502020779413215
7548,4444.684962552096,375.53463445133,-34.32317335943844
7549,4472.94006008953,392.50165005725376,-17.356157753514708
7550,4491.700368574823,403.97832587840185,-5.879481932366616
7551,4501.992932201141,410.3456684450225,0.4878606342540479
7552,4477.218597062055,395.1043099882404,-14.753497822528061
7553,4544.651352584042,437.2630866544969,27.40527884372841
7554,4476.32908857988,394.5624969568935,-15.29531085387498
7555,4512.748034470299,417.05235689725714,7.194549086488678
7556,4475.133115784617,393.8346070555185,-16.023200755249945
7557,4480.520233650418,397.1186852180422,-12.73912259272629
7558,4616.617021907287,484.547933629151,74.69012581838251
7559,4553.762774022981,443.1210913588925,33.263283548124036
7560,4510.4447318159155,415.6115007724611,5.75369296169265
7561,4512.864618667812,417.1253533235745,7.267545512806009
7562,4500.3827536927165,409.3462613813258,-0.5115464294426602
7563,4524.631424987777,424.52543061765937,14.667622806890904
7564,4531.035257783662,428.579765441566,18.721957630797533
7565,4511.9634592726525,416.56127889457275,6.703471083804288
7566,4545.213520976414,437.6234242255705,27.765616414802025
7567,4523.042642848784,423.5224959940688,13.664688183300314
7568,4501.263498320628,409.89277168062745,0.03496386985898425
7569,4484.216478589375,399.3799731951117,-10.477834615656775
7570,4507.992129990277,414.0799766533787,4.222168842610245
7571,4481.133947472148,397.4936929870878,-12.364114823680666
7572,4491.318624133019,403.7431271264004,-6.114680684368068
7573,4540.988806721034,434.91901794475507,25.061210133986606
7574,4534.361563586882,430.6931611330292,20.835353322260744
7575,4474.399094896932,393.3882073662521,-16.469600444516345
7576,4449.23683459257,378.24196626239154,-31.61584154837692
7577,4516.930639947896,419.67516371592956,9.817355905161094
7578,4504.750770118981,412.06023664242366,2.2024288316551974
7579,4546.287002440152,438.3119037580482,28.45409594727971
7580,4512.390361631667,416.82844815691806,6.970640346149594
7581,4550.52736660763,441.0366161419156,31.17880833114714
7582,4487.003350472705,401.0892175058566,-8.768590304911868
7583,4540.71084487584,434.7413703976781,24.883562586909648
7584,4544.320381116674,437.0510088548881,27.193201044119633
7585,4467.114115184923,388.97176986494105,-20.88603794582741
7586,4522.351071373581,423.0863004058815,13.228492595113039
7587,4596.048081545256,470.79807110816864,60.94026329740018
7588,4542.742993619235,436.04094955263463,26.183141741866166
7589,4513.600537825401,417.5862780964276,7.728470285659114
7590,4538.305171850761,433.2053679337041,23.347560122935647
7591,4523.029626846948,423.51428434835225,13.656476537583785
7592,4452.737260864207,380.33075353413733,-29.527054276631134
7593,4452.633127870748,380.26852936569685,-29.589278445071614
7594,4486.020631909461,400.48607577372877,-9.371732037039692
7595,4540.104885020442,434.3542196814724,24.496411870703923
7596,4499.723196461769,408.9372389498003,-0.9205688609681602
7597,4491.039177306706,403.57099924964587,-6.286808561122598
7598,4583.424202223808,462.4516193795007,52.593811568732235
7599,4509.776528159871,415.19396284008053,5.336155029312067
7600,4546.760342482606,438.61564872046165,28.757840909693186
7601,4466.036502190617,388.32063792961935,-21.53716988114911
7602,4485.887426825445,400.4043566612645,-9.453451149503962
7603,4558.746098296574,446.341006730097,36.483198919328515
7604,4468.917333542637,390.0625840213029,-19.79522378946558
7605,4451.617878970035,379.6621470457585,-30.19566076500996
7606,4507.636312227968,413.8580206298275,4.000212819059016
7607,4454.939309882283,381.6478044133919,-28.210003397376568
7608,4431.386095873966,367.6825393545323,-42.175268456236154
7609,4456.295753409338,382.4602621728727,-27.397545637895746
7610,4479.284194117816,396.3639517223205,-13.493856088447956
7611,4526.937470218757,425.98322621640773,16.125418405639266
7612,4495.849853221386,406.5393320044509,-3.318475806317565
7613,4441.7425769918045,373.7899336310047,-36.06787417976375
7614,4537.376321356421,432.6130158969827,22.755208086214225
7615,4515.091820075553,418.5210809286882,8.663273117919744
7616,4523.831281908115,424.0201859578219,14.16237814705346
7617,4522.813137573713,423.37771528650774,13.519907475739274
7618,4506.293823733141,413.02112217268314,3.163314361914672
7619,4479.501749146567,396.4967394217938,-13.361068388974672
7620,4536.879756485272,432.2965063110937,22.438698500325245
7621,4531.208933723642,428.68998557923214,18.83217776846368
7622,4419.511544724321,360.7444495594182,-49.11335825135029
7623,4447.992592531444,377.50092666340424,-32.35688114736422
7624,4505.6531678269375,412.6220393304852,2.764231519716759
7625,4492.957295261579,404.75322519863494,-5.104582612133527
7626,4545.696958055085,437.93341236795277,28.075604557184306
7627,4534.128808144346,430.5451120700486,20.687304259280154
7628,4544.5052340817365,437.1694515859931,27.31164377522464
7629,4518.947369399819,420.94271730156424,11.08490949079578
7630,4529.042111967842,427.31585061614214,17.45804280537368
7631,4496.093834277875,406.69016691286424,-3.1676408979042208
7632,4546.001240356603,438.12857819980354,28.27077038903508
7633,4538.997760728468,433.6473078351992,23.78950002443071
7634,4484.737577241521,399.699293155541,-10.158514655227464
7635,4524.523882781157,424.4575065884055,14.599698777637059
7636,4500.183476732784,409.2226587901064,-0.6351490206620838
7637,4484.586003250042,399.60639801483194,-10.251409795936524
7638,4447.492705440368,377.20341761056534,-32.654390200203125
7639,4431.284235299806,367.6227303502701,-42.23507746049836
7640,4459.918568749061,384.63454029114155,-25.223267519626916
7641,4517.799192184627,420.2208335185228,10.363025707754332
7642,4495.89285618355,406.56591542250044,-3.2918923882680247
7643,4458.130680948968,383.56072625107026,-26.2970815596982
7644,4462.428033316858,386.14433319422506,-23.713474616543408
7645,4504.358448697673,411.8161096047661,1.9583017939976344
7646,4569.795340502155,453.5204357959101,43.662627985141626
7647,4517.845813478874,420.2501333801588,10.392325569390323
7648,4432.839742731232,368.536623015224,-41.32118479554447
7649,4528.754549172937,427.13364976965113,17.275841958882665
7650,4526.658850191095,425.8069622399098,15.949154429141345
7651,4426.889519402024,365.0471388349797,-44.81066897578876
7652,4459.797426930284,384.5617332944471,-25.29607451632137
7653,4490.265210143123,403.09445987506706,-6.763347935701404
7654,4565.38391228083,450.6474270639892,40.789619253220735
7655,4430.328336567965,367.0617068695551,-42.79610094121335
7656,4510.9335064365205,415.91705179577957,6.059243985011108
7657,4456.819201804238,382.7740251743312,-27.083782636437263
7658,4448.535716207698,377.82430535499225,-32.033502455776215
7659,4474.441261787824,393.41384447408564,-16.443963336682828
7660,4381.065292849325,338.758600707642,-71.09920710312645
7661,4485.609629123896,400.23395946812116,-9.623848342647307
7662,4553.970088073709,443.2548199525477,33.397012141779214
7663,4530.8997159859855,428.49375608795845,18.635948277189982
7664,4603.259529413008,475.597637699409,65.73982988864054
7665,4519.2044337529205,421.10442325029317,11.246615439524703
7666,4535.7590361696975,431.58257800298225,21.724770192213782
7667,4540.903149470691,434.86426996093405,25.00646215016559
7668,4524.218576785652,424.26470348505245,14.406895674283987
7669,4604.408825738379,476.36466303992484,66.50685522915637
7670,4517.702862230534,420.1602966989208,10.302488888152311
7671,4475.669450557639,394.1609453063693,-15.696862504399178
7672,4454.655710804507,381.478051695497,-28.379756115271448
7673,4468.489596560583,389.80369365643264,-20.05411415433582
7674,4477.92212781861,395.533108476744,-14.324699334024444
7675,4592.726425048649,468.59506471436134,58.73725690359288
7676,4415.312093853661,358.30735935246366,-51.5504484583048
7677,4447.742193570209,377.3518859542528,-32.50592185651567
7678,4553.818170872866,443.1568233609855,33.299015550217064
7679,4464.114105286051,387.1604419032219,-22.697365907546555
7680,4476.840482575355,394.8739486256841,-14.983859185084384
7681,4483.851924307896,399.1566575226302,-10.701150288138251
7682,4498.061338707453,407.9075510835996,-1.950256727168835
7683,4560.772331095531,447.65345394931956,37.79564613855109
7684,4551.852874599508,441.8900245163727,32.03221670560424
7685,4465.861058393046,388.2146813237614,-21.643126487007066
7686,4548.584839616593,439.7873963450411,29.929588534272625
7687,4500.953774614564,409.70054361793746,-0.15726419283100768
7688,4509.764861043668,415.18667430799223,5.328866497223771
7689,4495.973524108152,406.6157847864383,-3.2420230243301376
7690,4495.396574297173,406.2591787279066,-3.598629082861862
7691,4499.85476126901,409.0188121213596,-0.8389956894088755
7692,4544.001767389364,436.8468969328055,26.989089122037058
7693,4522.301448887519,423.0550105002699,13.19720268950141
7694,4521.180646731143,422.34858317641874,12.49077536565028
7695,4465.474357480096,387.98119138068523,-21.87661643008323
7696,4531.945894953453,429.15783890995726,19.3000310991888
7697,4455.9128685217975,382.2308388168176,-27.626968993950868
7698,4546.112787017321,438.2001345248532,28.34232671408472
7699,4501.495393646101,410.0367255859769,0.17891777520844698
7700,4497.987656095615,407.8619274214784,-1.9958803892900505
7701,4468.386482852912,389.7412965863091,-20.116511224459373
7702,4518.705272520793,420.79045473041424,10.932646919645777
7703,4482.236105062696,398.16761264878505,-11.69019516198341
7704,4438.993417970108,372.1636114000248,-37.69419641074364
7705,4517.85676223068,420.2570144365227,10.399206625754232
7706,4499.806258100498,408.9887381059648,-0.8690697048036782
7707,4432.959333345676,368.606933903312,-41.25087390745648
7708,4381.152930909938,338.8078810179459,-71.04992679282259
7709,4442.020517416988,373.9545597148044,-35.903248095964045
7710,4539.103066086798,433.7145223209877,23.856714510219263
7711,4547.186931620292,438.8894810773472,29.031673266578764
7712,4534.468045204229,430.7608993573049,20.903091546536416
7713,4537.582404663109,432.744406329688,22.886598518919527
7714,4471.323655360248,391.5206580952199,-18.33714971554855
7715,4485.636140090093,400.2502193399391,-9.607588470829342
7716,4478.865580122984,396.1085083608873,-13.749299449881164
7717,4571.21228564009,454.4451013719995,44.587293561231036
7718,4479.287453273605,396.36594082645206,-13.491866984316403
7719,4426.194457973353,364.6406533582067,-45.21715445256177
7720,4429.990876189321,366.8637557944462,-42.99405201632226
7721,4532.149485109812,429.28713050468286,19.4293226939144
7722,4505.9317884888915,412.7955764371113,2.9377686263428586
7723,4416.305191555874,358.8829053826721,-50.97490242809636
7724,4512.45302986749,416.86767512615916,7.009867315390693
7725,4467.605523499115,389.26888111819335,-20.588926692575114
7726,4624.681568034967,489.9892566519361,80.13144884116764
7727,4523.693333935367,423.93310969648564,14.075301885717181
7728,4538.299900031021,433.2020048387335,23.344197027965038
7729,4514.61556674911,418.222431143985,8.364623333216514
7730,4504.902617011263,412.15474471021116,2.2969368994426986
7731,4524.865958241596,424.6735812260231,14.815773415254625
7732,4513.975569929696,417.8212674319325,7.96345962116402
7733,4468.7968697149845,389.9896636997446,-19.868144111023867
7734,4487.538342263076,401.4177603176604,-8.440047493108068
7735,4468.042819397826,389.53337274709247,-20.324435063675992
7736,4559.051795163334,446.538895933455,36.68108812268656
7737,4488.479463654627,401.99603994140125,-7.861767869367213
7738,4551.293711389821,441.5299180850725,31.672110274304032
7739,4433.98738670105,369.211645219365,-40.64616259140348
7740,4458.695105837586,383.8995561924462,-25.958251618322265
7741,4452.253089965211,380.04148402942974,-29.816323781338724
7742,4487.215904701545,401.2197325366269,-8.638075274141556
7743,4503.203195070912,411.09765791374093,1.2398501029724684
7744,4511.798094518217,416.4578111790097,6.600003368241232
7745,4461.042110101219,385.3101324012314,-24.547675409537078
7746,4451.450778383135,379.56238989882195,-30.295417911946515
7747,4468.425014449189,389.7646125670062,-20.09319524376224
7748,4509.855090330213,415.2430428558332,5.385235045064746
7749,4456.263142857246,382.440719282019,-27.417088528749446
7750,4513.985125000006,417.82725534921747,7.969447538449003
7751,4406.655815362496,353.3112475588423,-56.54656025192617
7752,4523.424210686707,423.76325768003426,13.905449869265794
7753,4496.470509005187,406.9230913582287,-2.93471645253976
7754,4476.727416668614,394.8050779305331,-15.052729880235347
7755,4477.223083312514,395.1070435877109,-14.750764223057558
7756,4461.082208254103,385.334254890151,-24.523552920617476
7757,4501.919025857388,410.29976949137017,0.4419616806017075
7758,4461.412105236696,385.5327456798086,-24.32506213095985
7759,4527.243172056906,426.1766643578344,16.318856547065934
7760,4503.976567482274,411.5785485135775,1.720740702809053
7761,4551.261127446147,441.50893810659227,31.651130295823805
7762,4446.004744713709,376.31857115745515,-33.53923665331331
7763,4488.263908826285,401.8635534735422,-7.994254337226266
7764,4628.960916684512,492.88805026264754,83.03024245187908
7765,4447.086818500485,376.9619420967347,-32.89586571403379
7766,4519.642791625779,421.380242514756,11.522434703987528
7767,4399.474498709542,349.1945602683013,-60.66324754246716
7768,4499.880679274077,409.0348828343881,-0.8229249763803637
7769,4547.3751405443345,439.0103209296153,29.152513118846855
7770,4518.11178146532,420.4173043592282,10.55949654845972
7771,4523.710031058387,423.94364887477104,14.08584106400258
7772,4460.541052102691,385.00876816162736,-24.849039649141105
7773,4535.569684370647,431.4620130045555,21.60420519378704
7774,4563.172185694503,449.2103102190408,39.35250240827236
7775,4414.329597016524,357.7384351754745,-52.119372635293985
7776,4522.657990155442,423.27985620767276,13.422048396904302
7777,4498.191473275591,407.98813557794256,-1.8696722328259057
7778,4522.108883237317,422.93359732073895,13.075789509970491
7779,4519.794284333119,421.47558405637574,11.617776245607274
7780,4485.11711304918,399.93194710146736,-9.925860709301105
7781,4520.326282558935,421.8104802877442,11.95267247697575
7782,4554.018507858406,443.2860561056291,33.42824829486062
7783,4557.350839011558,445.43834036592216,35.580532555153695
7784,4501.885329050447,410.2788432066827,0.4210353959142594
7785,4521.782902506408,422.7281048039804,12.870296993211923
7786,4524.868663577328,424.67529028865647,14.817482477888007
7787,4415.501592614185,358.4171451380448,-51.44066267272365
7788,4495.200707152348,406.1381512106741,-3.7196566000943676
7789,4599.91960649291,473.37191102464203,63.51410321387357
7790,4590.118435826426,466.86880199161305,57.01099418084459
7791,4524.751194380977,424.6010836904534,14.743275879684916
7792,4537.949419201482,432.9784483928729,23.120640582104443
7793,4495.621987399536,406.39848528376115,-3.4593225270073162
7794,4491.841011768912,404.0649957377118,-5.792812073056666
7795,4488.000803018118,401.70187059062937,-8.155937220139094
7796,4505.06496102747,412.2557980567012,2.3979902459327604
7797,4496.726046400893,407.0811461818471,-2.7766616289213744
7798,4483.701322468543,399.06442151451074,-10.793386296257722
7799,4509.834071898348,415.2299117624484,5.3721039516799465
7800,4430.00629960805,366.8728018116444,-42.98500599912404
7801,4469.683111038871,390.5262944033939,-19.331513407374587
7802,4534.434274422989,430.7394155271886,20.88160771642015
7803,4474.86691020593,393.6726826199333,-16.18512519083515
7804,4431.002767793465,367.4574887435747,-42.40031906719378
7805,4433.449948946421,368.8954545525967,-40.96235325817179
7806,4570.869854669782,454.2215561401026,44.36374832933416
7807,4418.146083037234,359.95107152282844,-49.90673628794002
7808,4491.316695604247,403.74193910452186,-6.1158687062466015
7809,4453.132149009849,380.5667646739221,-29.291043136846383
7810,4547.939273378475,439.3726202745661,29.514812463797625
7811,4560.126915358946,447.2351984378265,37.37739062705805
7812,4549.815095713786,440.5783619879262,30.720554177157737
7813,4502.004469400628,410.35283376375764,0.49502595298918095
7814,4492.985919514356,404.77088084025763,-5.086926970510831
7815,4519.512628726059,421.29833335627154,11.440525545503078
7816,4484.822929378441,399.7516077152827,-10.106200095485747
7817,4462.755047792733,386.34130114100935,-23.51650666975911
7818,4460.506129934066,384.987768525883,-24.87003928488548
7819,4507.9356797946875,414.0447595545256,4.186951743757163
7820,4484.6995569884675,399.6759906606858,-10.18181715008268
7821,4469.7656101896355,390.5762678611891,-19.281539949579383
7822,4448.399548968371,377.74321723852336,-32.114590572245106
7823,4568.196995407786,452.47847687328385,42.62066906251539
7824,4462.680985136844,386.29668708459485,-23.561120726173613
7825,4485.808309925586,400.355823740028,-9.501984070740491
7826,4450.0693299898785,378.73819851744884,-31.119609293319627
7827,4448.78212655826,377.9710665076668,-31.886741303101644
7828,4552.490656521657,442.3009359673997,32.443128156631246
7829,4443.06788939539,374.5752629485105,-35.282544862257964
7830,4496.633900514208,407.0241486176683,-2.833659193100175
7831,4524.72807594117,424.58648026808896,14.7286724573205
7832,4553.136036526591,442.7169312097253,32.859123398956854
7833,4519.316067287337,421.17465573190884,11.31684792114038
7834,4510.2169208111645,415.4691258924022,5.611318081633726
7835,4576.229493153861,457.7264624368531,47.86865462608466
7836,4538.640765745704,433.4194823645216,23.561674553753164
7837,4482.915655065131,398.58341477591875,-11.274393034849709
7838,4471.443715880115,391.593479549103,-18.26432826166547
7839,4541.322683611042,435.1324480761373,25.274640265368816
7840,4500.661991800196,409.51949173586036,-0.3383160749081071
7841,4476.350562969473,394.57557288445105,-15.282234926317415
7842,4549.995695151653,440.69453246794455,30.83672465717609
7843,4421.591595847397,361.95478925750604,-47.90301855326243
7844,4447.196995799535,377.02748230370935,-32.830325507059115
7845,4514.522520533531,418.16409591150114,8.306288100732672
7846,4531.958797203404,429.1660320217966,19.30822421102812
7847,4535.347687760892,431.3206832614469,21.46287545067844
7848,4492.022033250587,404.17656205310004,-5.681245757668421
7849,4517.732627342498,420.1790015846468,10.321193773878349
7850,4516.205819085458,419.2200624365951,9.362254625826608
7851,4521.629257899078,422.63126705771856,12.773459246950097
7852,4488.7215763998465,402.14487595722676,-7.712931853541704
7853,4507.782861537175,413.94942963031644,4.091621819547981
7854,4462.149403842798,385.9765491664871,-23.881258644281388
7855,4551.607905598733,441.7322446186404,31.874436807871916
7856,4497.34898928409,407.4665774361465,-2.391230374621955
7857,4448.704668052951,377.92492931954666,-31.9328784912218
7858,4525.19180879908,424.8794577156218,15.021649904853348
7859,4485.1304301851305,399.94011169516034,-9.917696115608123
7860,4542.920303540987,436.15443077754935,26.296622966780888
7861,4544.82747860845,437.3759640074318,27.518156196663313
7862,4515.559548896847,418.81448810472966,8.956680293961199
7863,4503.273005417676,411.1410551421127,1.2832473313442279
7864,4524.683331586796,424.55821692329073,14.700409112522266
7865,4481.849199349732,397.93097142640454,-11.926836384363924
7866,4570.086983584774,453.7106815283014,43.85287371753293
7867,4482.285645922996,398.1979182215937,-11.659889589174782
7868,4527.121376789878,426.09959110617547,16.241783295407004
7869,4506.911273571182,413.40593141078125,3.5481236000127865
7870,4490.6512296292585,403.3321005202988,-6.525707290469654
7871,4530.057286781371,427.95937474441644,18.101566933647973
7872,4471.7646679332465,391.7881835288017,-18.069624281966753
7873,4508.69648580056,414.5195225498255,4.661714739057061
7874,4397.11212107655,347.8459192960395,-62.01188851472898
7875,4506.473883013969,413.1333208840515,3.2755130732830366
7876,4561.585535737776,448.1807119106479,38.32290409987945
7877,4433.219700610935,368.7600357416218,-41.097772069146686
7878,4490.354170935846,403.1492195091678,-6.708588301600685
7879,4572.762524438728,455.4577848686504,45.599977057881915
7880,4539.725146198662,434.1116885826932,24.25388077192474
7881,4436.432723367181,370.6520895472527,-39.20571826351579
7882,4511.600215649343,416.33401637537827,6.476208564609806
7883,4489.23676630755,402.4616754341978,-7.396132376570677
7884,4489.980608989821,402.91929938267185,-6.938508428096611
7885,4596.322386738042,470.98021514502716,61.122407334258696
7886,4454.072707816568,381.1292080354797,-28.728599775288785
7887,4485.620103210788,400.2403834608235,-9.61742434994494
7888,4448.919694255483,378.05301414809674,-31.804793662671727
7889,4477.593113067881,395.33254624583833,-14.525261564930133
7890,4485.372399927241,400.08847542182684,-9.76933238894162
7891,4537.430734554199,432.64770566757034,22.789897856801872
7892,4496.399961181498,406.8794615892498,-2.9783462215186773
7893,4507.281072243989,413.63648418951925,3.778676378750788
7894,4496.353732681171,406.8508731953675,-3.006934615400951
7895,4443.374554066681,374.75710228974003,-35.10070552102843
7896,4456.927428488734,382.8389144004245,-27.018893410343935
7897,4567.873460768228,452.26770506693447,42.409897256166005
7898,4464.147415027748,387.1805297316755,-22.677278079092957
7899,4497.441238268781,407.5236698778858,-2.3341379328826406
7900,4477.626065250413,395.3526310533957,-14.505176757372737
7901,4470.961812910637,391.30122806421923,-18.556579746549232
7902,4596.386632758391,471.0228805655156,61.16507275474714
7903,4485.19151598071,399.9775638224314,-9.880243988337043
7904,4444.690573262007,375.53796536441723,-34.31984244635123
7905,4515.559080350724,418.81419413381946,8.956386323050992
7906,4462.711701960158,386.3151900448702,-23.542617765898285
7907,4499.078746432087,408.5377830028301,-1.3200248079383528
7908,4492.090008696687,404.21846036525267,-5.639347445515796
7909,4471.318397288535,391.517469024428,-18.340338786340453
7910,4517.021524434444,419.73224563105623,9.874437820287767
7911,4604.062146361985,476.1332326856018,66.27542487483333
7912,4466.6694974434595,388.7030485585419,-21.15475925222654
7913,4434.658169203623,369.6064844005414,-40.25132341022709
7914,4521.012417346476,422.24260070029777,12.384792889529308
7915,4465.5199363713755,388.00870817504756,-21.849099635720904
7916,4525.156118046986,424.8569054488912,14.999097638122748
7917,4520.608732561411,421.98833780929044,12.130529998521979
7918,4484.914971799332,399.8080268022891,-10.049781008479385
7919,4538.303300130206,433.2041738902799,23.346366079511427
7920,4536.884321203599,432.2994153382142,22.44160752744574
7921,4475.709248874347,394.18516646339776,-15.6726413473707
7922,4427.361266171755,365.32316038561794,-44.534647425150524
7923,4499.331881652865,408.6946630341895,-1.1631447765789744
7924,4475.42546398226,394.0124722085229,-15.845335602245541
7925,4477.469705230271,395.25733207587564,-14.600475734892825
7926,4583.3592595846685,462.4088646859964,52.551056875227914
7927,4480.391494832462,397.04004254601887,-12.817765264749596
7928,4526.192365743383,425.51192966087956,15.654121850111096
7929,4443.24457323405,374.6800235058695,-35.17778430489898
7930,4532.547016083504,429.5396409221762,19.68183311140774
7931,4501.2872527118125,409.90751655644317,0.049708745674706734
7932,4468.396946621812,389.7476282814637,-20.110179529304787
7933,4531.118571748447,428.632637329672,18.774829518903516
7934,4459.642675665648,384.46873709024885,-25.389070720519612
7935,4495.670903267523,406.4287187296318,-3.4290890811366808
7936,4513.7150469021535,417.6580207569291,7.800212946160627
7937,4440.229964977646,372.89466143694835,-36.96314637382011
7938,4475.690496703877,394.1737538446673,-15.684053966101146
7939,4504.808176189984,412.0959643652386,2.2381565544701516
7940,4426.747911113432,364.96430434540207,-44.89350346536639
7941,4464.036345943213,387.1135502989682,-22.744257511800242
7942,4445.193405656335,375.8365441922483,-34.02126361852015
7943,4568.212704567221,452.4887120560952,42.63090424532675
7944,4536.099117492701,431.7991576710724,21.941349860303944
7945,4533.23657108566,429.97781693600064,20.120009125232173
7946,4515.503650684702,418.7794176834718,8.921609872703357
7947,4437.194806852623,371.10159674108354,-38.75621106968492
7948,4491.620747676597,403.9292645017308,-5.92854330903765
7949,4503.073485289169,411.0170306009595,1.159222790191052
7950,4528.05176846151,426.688526231404,16.83071842063555
7951,4534.00628741042,430.4671901720758,20.609382361307325
7952,4497.658166350723,407.6579414055618,-2.199866405206649
7953,4529.125711743217,427.3688269139975,17.511019103229046
7954,4407.893780435436,354.02349110903697,-55.834316701731495
7955,4471.517961569164,391.6385159478159,-18.21929186295256
7956,4581.222827484664,461.00340254839375,51.14559473762529
7957,4479.106175837109,396.25531259420313,-13.60249521656533
7958,4530.01976872699,427.93558339758283,18.07777558681437
7959,4498.575333796899,408.2258837419704,-1.631924068798071
7960,4526.059967759233,425.42821164012,15.570403829351562
7961,4485.36360467493,400.08308212678867,-9.774725683979796
7962,4461.022722116153,385.2984691376523,-24.559338673116144
7963,4523.917036032306,424.0743205860117,14.216512775243245
7964,4531.357512377683,428.7842892522053,18.926481441436863
7965,4523.825669279201,424.01664295176215,14.158835140993688
7966,4562.043029875417,448.4774691579655,38.61966134719705
7967,4523.742457026937,423.9641164266545,14.106308615886064
7968,4496.908181333753,407.19381895870947,-2.663988852058992
7969,4541.227260707221,435.0714439585963,25.213636147827856
7970,4441.395642275757,373.5844944476521,-36.27331336311636
7971,4481.081773565996,397.4618053245854,-12.396002486183079
7972,4430.587710420077,367.21389098108784,-42.64391682968062
7973,4446.872126975736,376.83424733602624,-33.023560474742226
7974,4440.814190375991,373.2403159738865,-36.61749183688198
7975,4472.711220576332,392.3626919962321,-17.495115814536348
7976,4524.002396991213,424.1282104049724,14.270402594203915
7977,4491.072900274935,403.59176926579084,-6.266038544977619
7978,4503.738457745761,411.43045960101745,1.5726517902489832
7979,4520.249254807511,421.76198268739336,11.904174876624893
7980,4383.458229902603,340.10556794411923,-69.75223986664923
7981,4503.477364081863,411.2681067709145,1.410298960146065
7982,4492.137894496195,404.24797724910013,-5.609830561668332
7983,4567.579071165156,452.07596123038,42.21815341961155
7984,4452.368637098042,380.1105077485886,-29.747300062179875
7985,4519.304251573832,421.16722178738473,11.30941397661627
7986,4482.2601764355295,398.1823376558782,-11.675470154890263
7987,4511.678194577136,416.3827985106459,6.524990699877435
7988,4534.548014082321,430.8117749508215,20.95396714005301
7989,4523.660620857678,423.91246166637984,14.054653855611377
7990,4490.557925566141,403.2746543713956,-6.583153439372836
7991,4486.77090719819,400.9465145008994,-8.911293309869052
7992,4521.282751210716,422.4129141744761,12.555106363707637
7993,4487.014326629512,401.09595668920656,-8.761851121561904
7994,4478.09364241964,395.637681553148,-14.22012625762045
7995,4505.407484157933,412.4690470308533,2.6112392200848262
7996,4535.4840387837085,431.40748575058933,21.549677939820867
7997,4502.138832800614,410.4362864030845,0.5784785923160598
7998,4516.134676783795,419.17540672696214,9.317598916193674
7999,4433.000208352754,368.6309671406116,-41.22684067015689
8000,4471.752402039622,391.78074157911715,-18.077066231651315
8001,4476.224919252748,394.499070543543,-15.358737267225479
8002,4551.427185611428,441.6158638143229,31.75805600355443
8003,4475.982919451345,394.35174217487565,-15.50606563589281
8004,4514.495972301301,418.147452264247,8.289644453478559
8005,4606.585858174126,477.8191744252954,67.96136661452692
8006,4475.601923903918,394.1198504819922,-15.737957328776247
8007,4548.3845480665,439.6586887422077,29.800880931439224
8008,4506.5076423047985,413.1543586977955,3.296550887027024
8009,4510.369847860662,415.56469792260623,5.706890111837765
8010,4496.459274872033,406.91614353624345,-2.94166427452501
8011,4571.2149744744665,454.4468569010405,44.589049090272056
8012,4469.4447351232875,390.3819176760412,-19.47589013472725
8013,4471.746376853224,391.77708601092127,-18.080721799847197
8014,4499.394368442244,408.7333937364597,-1.1244140743087883
8015,4429.07222236017,366.3251643834392,-43.532643427329276
8016,4474.860436525931,393.6687453066279,-16.189062504140566
8017,4490.178824974375,403.0412892463605,-6.816518564407943
8018,4532.0868333363605,429.2473409463396,19.389533135571128
8019,4520.104119339995,421.6706111427543,11.812803331985833
8020,4473.860787982568,393.06099602836457,-16.796811782403893
8021,4510.1251654153875,415.4117884461539,5.553980635385415
8022,4477.963170904484,395.5581313190346,-14.299676491733862
8023,4531.690254747371,428.9955195893135,19.137711778545054
8024,4543.52510367865,436.54162101039947,26.683813199631004
8025,4539.055413480344,433.68410590224175,23.82629809147329
8026,4490.449943174485,403.2081761023728,-6.6496317083956455
8027,4560.987507780096,447.7929390625545,37.93513125178606
8028,4443.194327861802,374.65023014197914,-35.20757766878933
8029,4478.2149056954595,395.71162467663453,-14.146183134133935
8030,4508.127244579266,414.16427549361697,4.306467682848506
8031,4458.323978658939,383.67674752349285,-26.181060287275614
8032,4480.742132580899,397.2542551215106,-12.603552689257867
8033,4440.970935076935,373.3330815798686,-36.52472623089989
8034,4485.582239146748,400.2171608261988,-9.640646984569685
8035,4516.670260588605,419.51164828061246,9.653840469843999
8036,4438.824940141595,372.064064460837,-37.79374334993145
8037,4455.054009431528,381.7164706749577,-28.141337135810772
8038,4493.468168684926,405.06839375668187,-4.789414054086592
8039,4508.925468468656,414.6624668308946,4.80465902012611
8040,4476.730066888545,394.8066921624586,-15.05111564830986
8041,4540.982552946976,434.91502072006006,25.057212909291593
8042,4535.580375740241,431.46882002578513,21.61101221501667
8043,4477.14953005866,395.06222671841715,-14.795581092351313
8044,4546.192417514295,438.25122035601726,28.393412545248793
8045,4412.649981681663,356.76694000959833,-53.090867801170134
8046,4460.693899766583,385.10068646581703,-24.75712134495143
8047,4478.611591625067,395.9535621861319,-13.904245624636587
8048,4511.312018360094,416.15375028973585,6.29594247896739
8049,4540.221318890329,434.4285967728342,24.570788962065762
8050,4457.737660060816,383.32488255054295,-26.53292526022551
8051,4510.307743445455,415.52588433930214,5.668076528533675
8052,4565.282817860041,450.58169062790694,40.723882817138474
8053,4502.433540583435,410.6193580984891,0.7615502877206382
8054,4477.020138206099,394.98339299201416,-14.874414818754303
8055,4533.43803283763,430.1058766880524,20.248068877283913
8056,4503.444995324729,411.24798151456434,1.390173703795881
8057,4532.3934042341925,429.442058519438,19.584250708669515
8058,4466.890769760795,388.8367708775022,-21.02103693326626
8059,4496.523453316144,406.9558359095686,-2.901971901199886
8060,4469.868725503012,390.6387340425813,-19.219073768187172
8061,4466.753295948796,388.7536880560565,-21.104119754711974
8062,4479.091890080228,396.2465950868677,-13.611212723900735
8063,4499.464623733687,408.7769417246218,-1.0808660861466706
8064,4472.695244568644,392.3529918311219,-17.504815979646537
8065,4516.915688275605,419.6657733719303,9.807965561161836
8066,4527.711135143488,426.4728598929437,16.615052082175225
8067,4539.966697461713,434.2659545696765,24.40814675890806
8068,4597.788461697781,471.95428070688877,62.096472896120304
8069,4455.8619201718575,382.2003160678055,-27.657491742962975
8070,4574.913855803707,456.8649153964925,47.00710758572404
8071,4533.587960150312,430.2011905654099,20.343382754641425
8072,4506.889410630241,413.3923028606414,3.5344950498729304
8073,4439.6230489720665,372.53575799491273,-37.322049815855735
8074,4485.721675180691,400.3026825319703,-9.555125278798187
8075,4452.1772825575545,379.99620290628945,-29.86160490447901
8076,4506.015829319318,412.8479278808545,2.99012007008605
8077,4418.742935304753,360.2977494499655,-49.56005836080294
8078,4520.093805514274,421.6641183390552,11.806310528286758
8079,4496.39082789205,406.873813346971,-2.983994463797444
8080,4527.066254134043,426.0647112002125,16.20690338944405
8081,4469.359056344346,390.33003140895016,-19.5277764018183
8082,4481.278696443966,397.5821674866561,-12.275640324112373
8083,4525.950393789771,425.35893186212616,15.501124051357692
8084,4437.2360976966265,371.1259598103243,-38.73184800044419
8085,4510.536339724452,415.66875974408504,5.810951933316574
8086,4459.025537462117,384.09798887218676,-25.759818938581702
8087,4514.360366133995,418.06244302445293,8.204635213684469
8088,4530.689623609985,428.36045671053535,18.502648899766882
8089,4475.571451805246,394.10130673164304,-15.756501079125428
8090,4431.26322818123,367.6103963280675,-42.247411482700954
8091,4539.496868486903,433.9659243274996,24.108116516731116
8092,4506.9481869518,413.42894235776384,3.5711345469953812
8093,4465.564977556294,388.03590132624777,-21.821906484520696
8094,4478.4230194876445,395.8385432755563,-14.019264535212187
8095,4514.67236030343,418.25803979138436,8.4002319806159
8096,4574.741247081827,456.7519398807308,46.894132069962325
8097,4491.920022473906,404.1136893410426,-5.7441184697258905
8098,4476.428299024935,394.6229088304467,-15.23489898032176
8099,4479.901932504513,396.7410557074413,-13.116752103327144
8100,4500.959261847243,409.7039488416349,-0.1538589691335801
8101,4453.504277809996,380.7892423123403,-29.068565498428143
8102,4545.177529455344,437.6003501205705,27.742542309802047
8103,4505.342126984935,412.4283525363862,2.570544725617765
8104,4463.928863977624,387.04873969675145,-22.80906811401701
8105,4540.311486267117,434.486199298105,24.628391487336557
8106,4423.403389099097,363.0107669789313,-46.84704083183715
8107,4490.481112217636,403.22736444242173,-6.630443368346732
8108,4448.604389625475,377.8652040482739,-31.992603762494582
8109,4507.895259036535,414.01954352023176,4.161735709463301
8110,4518.692112038874,420.78217845844165,10.924370647673186
8111,4525.664304659215,425.1780739539704,15.320266143201934
8112,4486.626821939127,400.85806965969596,-8.999738151072506
8113,4449.386233638464,378.33099504770325,-31.52681276306521
8114,4577.0056630279605,458.23510200530063,48.37729419453217
8115,4510.858096878304,415.869903214616,6.012095403847525
8116,4640.916656906762,501.028484590704,91.17067677993555
8117,4498.207396767319,407.9979965845341,-1.859811226234342
8118,4541.066297065902,434.9685489359281,25.11074112515962
8119,4459.037860019925,384.105389902295,-25.75241790847349
8120,4421.603892959738,361.96195101995545,-47.89585679081301
8121,4486.794431088717,400.9609552668867,-8.896852543881778
8122,4446.35930995863,376.52932321861954,-33.328484592148925
8123,4495.093001359583,406.0716068533593,-3.7862009574091644
8124,4509.121284985219,414.78472634399486,4.926918533226399
8125,4560.276557668484,447.33215591376165,37.47434810299319
8126,4521.384414577829,422.4769720610352,12.61916425026675
8127,4469.860990055887,390.6340478126999,-19.223759998068545
8128,4509.478206480093,415.0076191304479,5.149811319679429
8129,4509.290348802414,414.8902970455374,5.032489234768946
8130,4579.54247038629,459.89940241789236,50.0415946071239
8131,4476.869880791793,394.8918566637508,-14.965951147017677
8132,4494.397408816234,405.64197766283996,-4.2158301479285
8133,4592.293699491374,468.308429466475,58.45062165570653
8134,4508.658146397007,414.4955912664709,4.637783455702447
8135,4550.206511804338,440.8301589656012,30.972351154832722
8136,4508.24825136572,414.2397796450532,4.381971834284741
8137,4532.838012957734,429.7245274228121,19.866719612043653
8138,4510.153103893126,415.42924663146823,5.571438820699768
8139,4503.505664306694,411.28570282282726,1.4278950120587979
8140,4458.8969114470365,384.0207393916644,-25.83706841910407
8141,4513.784808980211,417.7017313583974,7.843923547628947
8142,4497.106649195549,407.31661346309875,-2.541194347669716
8143,4508.86842302197,414.62685345390855,4.769045643140089
8144,4558.235629741672,446.0106554573258,36.15284764655735
8145,4466.806963556821,388.78612120028583,-21.07168661048263
8146,4505.73050273742,412.67020323690076,2.812395426132298
8147,4532.719784618363,429.6494056724323,19.79159786166383
8148,4547.948072457838,439.37827240087154,29.520464590103074
8149,4509.297022156413,414.8944644485591,5.0366566377906565
8150,4485.931079592991,400.43113598340005,-9.42667182736841
8151,4512.4388001645575,416.85876793098214,7.000960120213676
8152,4488.079271761404,401.7500875011915,-8.107720309576962
8153,4496.245237385996,406.78378204630735,-3.074025764461112
8154,4488.213427059042,401.83252904653955,-8.025278764228915
8155,4477.029073507416,394.9888366878049,-14.868971122963558
8156,4511.589553993325,416.3273468668299,6.469539056061421
8157,4538.87185155619,433.5669489970269,23.70914118625842
8158,4497.868834472769,407.7883594476134,-2.069448363155061
8159,4534.002468324928,430.4647613850393,20.606953574270847
8160,4453.911447805455,381.0327460395288,-28.82506177123969
8161,4510.991497611478,415.9533116289158,6.0955038181473356
8162,4594.084716221332,469.49532821858475,59.63752040781628
8163,4476.3918191930725,394.6006947464475,-15.257113064320947
8164,4529.5871960396735,427.66132278886926,17.803514978100793
8165,4501.930808374182,410.3070867587212,0.4492789479527346
8166,4542.008791598457,435.57120168367965,25.713393872911183
8167,4537.219231985243,432.51287514346177,22.655067332693307
8168,4442.322651109657,374.1335582461984,-35.72424956457007
8169,4497.567639889824,407.6019057318872,-2.255902078881263
8170,4460.779063700191,385.15190654912203,-24.70590126164643
8171,4571.047382103784,454.33744273335833,44.47963492258987
8172,4559.293400995943,446.69532653715305,36.83751872638459
8173,4471.179079430978,391.43297623088256,-18.424831579885904
8174,4515.144990106066,418.5544294504921,8.696621639723617
8175,4537.235448145691,432.52321203647216,22.665404225703696
8176,4431.126551137257,367.5301536701213,-42.327654140647155
8177,4507.848367959244,413.99029200917994,4.1324841984114755
8178,4531.761279785139,429.04061407060135,19.182806259832887
8179,4444.584736851371,375.4751359822194,-34.382671828549064
8180,4469.540126969882,390.43969022341116,-19.4181175873573
8181,4399.016767223744,348.9330327391244,-60.924775071644035
8182,4556.310272032922,444.76571799770863,34.90791018694017
8183,4520.014750402607,421.61435286916867,11.756545058400206
8184,4546.0983565329825,438.19087715978276,28.333069349014295
8185,4410.210346041911,355.358325633978,-54.49948217679048
8186,4438.5581378232555,371.9064497160384,-37.95135809473004
8187,4445.512945596705,376.02634884809095,-33.831458962677516
8188,4532.198762175123,429.3184271826103,19.460619371841858
8189,4524.000862162176,424.12724141157605,14.269433600807588
8190,4586.846641442736,464.70742358000325,54.84961576923479
8191,4552.878575110799,442.55095552051716,32.6931477097487
8192,4496.189377891993,406.7492419061173,-3.1085659046511864
8193,4512.456031416603,416.86955398166265,7.011746170894185
8194,4608.931681504121,479.38878176004164,69.53097394927318
8195,4523.934300406269,424.0852196050587,14.22741179429022
8196,4476.675885059295,394.7736910245908,-15.084116786177674
8197,4511.6813836873425,416.3847936178704,6.526985807101937
8198,4458.007127492571,383.4865763537355,-26.37123145703299
8199,4510.6309473258925,415.72789777520893,5.870089964440467
8200,4475.439821544328,394.0212084256232,-15.836599385145291
8201,4502.6267203186035,410.73938298735175,0.8815751765832829
8202,4501.96692065658,410.329513886968,0.4717060761995526
8203,4576.280327811271,457.7597671451349,47.90195933436644
8204,4420.904601993187,361.5548062716448,-48.30300153912367
8205,4477.241902393795,395.1185106915509,-14.739297119217554
8206,4491.17320609658,403.6535509209348,-6.204256889833687
8207,4532.118452052651,429.2674214724989,19.40961366173042
8208,4536.280015502783,431.914383656318,22.05657584554956
8209,4526.339036972303,425.6046824312566,15.746874620488143
8210,4514.878968071285,418.38759223960096,8.5297844288325
8211,4460.839789696838,385.1884310738492,-24.669376736919276
8212,4440.653677974009,373.1453329308506,-36.71247487991786
8213,4508.810779144993,414.5908680253724,4.733060214603938
8214,4487.29166173959,401.2662549373754,-8.591552873393084
8215,4474.471015290012,393.43193485924485,-16.425872951523615
8216,4484.681100850907,399.66467919889055,-10.19312861187791
8217,4479.841634806703,396.7042384275587,-13.153569383209742
8218,4460.754974088888,385.13741799742274,-24.72038981334572
8219,4459.554569433236,384.4157956957706,-25.44201211499785
8220,4447.439683234351,377.171868417679,-32.685939393089484
8221,4530.140517443194,428.012156176379,18.15434836561053
8222,4477.817421661962,395.46927564668977,-14.388532164078697
8223,4483.045827877726,398.6630897969726,-11.194718013795864
8224,4501.5123877690785,410.0472760401203,0.18946822935185992
8225,4424.158671577836,363.4514483897997,-46.40635942096878
8226,4504.932179742147,412.17314553234655,2.3153377215780893
8227,4459.251779625708,384.23388344525347,-25.623924365514995
8228,4543.778032054137,436.70359425546803,26.84578644469957
8229,4458.213527009575,383.6104499600124,-26.24735785075609
8230,4519.184603888019,421.0919482091085,11.23414039834006
8231,4549.13550267724,440.14134748035303,30.28353966958457
8232,4489.451106071085,402.59351381968963,-7.26429399107883
8233,4503.288437615143,411.1506487940301,1.2928409832616126
8234,4431.8691010171315,367.9662123005769,-41.891595510191564
8235,4485.145351640777,399.9492599801438,-9.908547830624684
8236,4518.932947621641,420.93364621417686,11.075838403408397
8237,4518.08633454679,420.4013085800848,10.543500769316324
8238,4562.909169372939,449.0395567247051,39.181748913936644
8239,4546.248719977989,438.2873421631016,28.42953435233312
8240,4479.147473100222,396.28051370949197,-13.577294101276493
8241,4513.3511292147405,417.4300388530537,7.572231042285239
8242,4527.430227871701,426.29504849889236,16.437240688123893
8243,4543.827995252099,436.7355937398638,26.877785929095353
8244,4549.936768142354,440.6566260699019,30.79881825913344
8245,4586.285899425194,464.33746936084344,54.47966155007498
8246,4512.569510528936,416.9405906739912,7.0827828632227465
8247,4486.790450320174,400.958511547768,-8.899296263000451
8248,4521.9403214610875,422.82733278227715,12.96952497150869
8249,4510.066181810981,415.3749319930894,5.517124182320913
8250,4401.415209529361,350.3045515237768,-59.553256286991655
8251,4585.031711113366,463.51051431311134,53.65270650234288
8252,4473.060281266163,392.57466191251797,-17.283145898250496
8253,4470.420965991053,390.9733622331805,-18.88444557758794
8254,4514.761689619516,418.3140508838419,8.456243073073438
8255,4468.248989267967,389.65810319259754,-20.199704618170927
8256,4499.609158627422,408.866539492205,-0.9912683185634705
8257,4570.729374221299,454.1298631677223,44.27205535695384
8258,4470.5779100828795,391.0684886042527,-18.789319206515756
8259,4490.110977260847,402.99953101794335,-6.858276792825109
8260,4488.7358845658755,402.15367260640323,-7.70413520436523
8261,4478.498627078869,395.8846578239186,-13.973149986849876
8262,4480.990986474496,397.40632113323454,-12.451486677533921
8263,4489.822596844529,402.82206585836366,-7.0357419524048055
8264,4488.209674817714,401.8302230911604,-8.027584719608058
8265,4458.767540964385,383.94305084445296,-25.914756966315508
8266,4541.731696713864,435.3939785519651,25.536170741196656
8267,4514.968990738174,418.4440467653435,8.586238954575037
8268,4475.4651822215665,394.03664000332583,-15.821167807442635
8269,4541.48967560566,435.23921655270897,25.381408741940504
8270,4584.763315155092,463.3336370699585,53.47582925919005
8271,4583.559083643484,462.54042395792885,52.68261614716039
8272,4442.645097265954,374.32463980693865,-35.533168003829815
8273,4489.6504884568685,402.71617159618927,-7.141636214579194
8274,4564.502516019755,450.0744561863835,40.21664837561502
8275,4531.012533121133,428.5653446961933,18.707536885424815
8276,4500.495839356646,409.4164116752054,-0.44139613556308177
8277,4554.046275262927,443.30396965468344,33.44616184391498
8278,4519.599442330663,421.3529627123662,11.495154901597743
8279,4507.041681364963,413.4872274678755,3.6294196571070643
8280,4545.3108977827915,437.685855306293,27.828047495524515
8281,4366.825455393882,330.80245552598035,-79.05535228478811
8282,4475.948636691963,394.3308732486548,-15.526934562113638
8283,4491.918549134755,404.11278130805294,-5.745026502715518
8284,4489.723532009616,402.76111187108654,-7.096695939681922
8285,4488.140945142299,401.7879861663446,-8.069821644423882
8286,4505.503250627872,412.52867942398825,2.670871613219788
8287,4542.009000074901,435.57133503338173,25.713527222613266
8288,4491.707844844763,403.9829328140863,-5.874874996682138
8289,4510.587295567254,415.70061108548134,5.842803274712878
8290,4551.0752517456385,441.38926668703016,31.531458876261695
8291,4558.384188639137,446.10678361044074,36.24897579967228
8292,4513.806822184283,417.7155245725221,7.857716761753636
8293,4527.216299145492,426.15965832297115,16.30185051220269
8294,4500.620462933899,409.4937262384583,-0.3640815723101696
8295,4481.926010156669,397.97794517438433,-11.879862636384132
8296,4485.069273016776,399.90261758360657,-9.955190227161893
8297,4497.426747015473,407.5147010470828,-2.3431067636856824
8298,4488.625223055247,402.08564052317934,-7.772167287589127
8299,4513.280292067882,417.38566900735304,7.527861196584581
8300,4526.410831492224,425.6500878820175,15.792280071249024
8301,4509.083185475879,414.7609372227612,4.9031294119927225
8302,4510.336010408591,415.54355020465255,5.685742393884084
8303,4451.74953258706,379.74075226872765,-30.117055542040816
8304,4559.666349367079,446.93684837241926,37.0790405616508
8305,4453.443507210568,380.75290596613195,-29.104901844636515
8306,4537.894676859902,432.94353573645594,23.08572792568748
8307,4568.363208178193,452.58677716660577,42.72896935583731
8308,4468.582273658629,389.85977958263084,-19.998028228137628
8309,4467.072998690779,388.9469155994848,-20.91089221128368
8310,4489.473326062102,402.6071823733196,-7.250625437448889
8311,4543.717597505361,436.66488980564645,26.80708199487799
8312,4466.434976085332,388.56134504171723,-21.29646276905123
8313,4545.287998513451,437.67117353383355,27.81336572306509
8314,4453.240144339841,380.63132291506463,-29.226484895703834
8315,4482.382044558392,398.2568913920122,-11.600916418756242
8316,4526.852127236685,425.92923168752395,16.07142387675549
8317,4469.992282718636,390.7135904221486,-19.144217388619836
8318,4458.717935540961,383.91326432387814,-25.944543486890325
8319,4445.584661037794,376.0689541645952,-33.788853646173266
8320,4482.071019865453,398.0666336991885,-11.791174111579949
8321,4520.034633211726,421.6268688937139,11.769061082945427
8322,4534.531854849067,430.8014943317412,20.943686520972733
8323,4498.944431400979,408.45455379246914,-1.4032540182993216
8324,4489.823260362168,402.8224741323779,-7.035333678390543
8325,4454.489682438491,381.37869081459667,-28.479116996171797
8326,4502.916089286116,410.9192042093473,1.061396398578836
8327,4442.860186726392,374.45212989727906,-35.4056779134894
8328,4534.236908416462,430.61386844933395,20.756060638565486
8329,4608.875469847112,479.35114197463554,69.49333416386708
8330,4468.864290881996,390.03047487143886,-19.827332939329608
8331,4553.623614144923,443.0313367973331,33.173528986564634
8332,4473.9408851012795,393.1096745137688,-16.74813329699964
8333,4523.0713327563135,423.5405964040615,13.682788593293026
8334,4491.899048340133,404.1007628788184,-5.757044931950077
8335,4495.842071513591,406.53452162926305,-3.3232861815054093
8336,4459.695326362662,384.50037569848155,-25.357432112286915
8337,4516.696785166643,419.5283039852984,9.670496174529944
8338,4495.860558426367,406.5459496283843,-3.311858182384185
8339,4485.331148929964,400.0631804108507,-9.794627399917772
8340,4446.057284742155,376.3497968758779,-33.508010934890535
8341,4475.950558263551,394.3320429510836,-15.525764859684841
8342,4516.967677856169,419.69842568947206,9.840617878703597
8343,4541.699300048898,435.37326073329723,25.515452922528766
8344,4555.792003146198,444.4308924361271,34.57308462535866
8345,4483.090108975313,398.69019481481246,-11.167612995956006
8346,4550.885741814071,441.26727166555656,31.4094638547881
8347,4453.353777748972,380.699257614609,-29.158550196159467
8348,4522.611529234714,423.25055320216006,13.3927453913916
8349,4486.194623363092,400.5928293309671,-9.264978479801357
8350,4532.551674071255,429.54260009332893,19.684792282560466
8351,4539.162760577662,433.75262648539865,23.894818674630187
8352,4538.070862569486,433.05590543297694,23.19809762220848
8353,4581.695782900342,461.3143631093676,51.45655529859914
8354,4487.917202589936,401.6505036104181,-8.207304200350336
8355,4478.926184819704,396.145484916286,-13.71232289448244
8356,4453.005481178977,380.4910514317412,-29.366756379027265
8357,4427.774258695676,365.56489400018563,-44.29291381058283
8358,4511.870556839861,416.50314883767896,6.645341026910501
8359,4534.869759879195,431.0164969521511,21.158689141382638
8360,4480.125616274175,396.87765030872106,-12.980157502047405
8361,4514.1607078816405,417.93729621870216,8.079488407933695
8362,4482.8443320804545,398.5397634519627,-11.318044358805764
8363,4423.721094670878,363.19610317159777,-46.661704639170694
8364,4511.197614491295,416.0822019578891,6.22439414712062
8365,4528.91048724588,427.2324479628119,17.374640152043412
8366,4508.521692736878,414.4104230889129,4.552615278144458
8367,4487.53135799202,401.4134703456075,-8.44433746516097
8368,4553.050274109319,442.6616400553312,32.80383224456273
8369,4580.834518046772,460.74816997299877,50.8903621622303
8370,4529.947185528889,427.88955801560314,18.03175020483468
8371,4508.675777163591,414.506596226247,4.648788415478521
8372,4528.783845094755,427.1522100246834,17.294402213914964
8373,4534.576012698915,430.8295881545041,20.971780343735645
8374,4506.240707782801,412.9880274144207,3.130219603652222
8375,4534.955798801903,431.07125030128054,21.21344249051208
8376,4460.24040471662,384.8280000638824,-25.029807746886036
8377,4489.348730244751,402.5305406910561,-7.32726711971236
8378,4469.201156499769,390.23441795330837,-19.623389857460097
8379,4459.148028923126,384.17156150742176,-25.686246303346707
8380,4535.303259628351,431.2924016957786,21.434593885010145
8381,4464.12697266067,387.168201660455,-22.689606150313466
8382,4451.126229835198,379.36867671074106,-30.489131100027407
8383,4434.411035530096,369.4609898531894,-40.39681795757906
8384,4460.127570791367,384.7601684505689,-25.097639360199537
8385,4523.810119980425,424.0068274388618,14.149019628093356
8386,4450.25109332776,378.8465882898149,-31.011219520953546
8387,4462.226439561954,386.02293450560865,-23.834873305159817
8388,4512.676317195338,417.00745598232197,7.149648171553508
8389,4484.325724126409,399.4469062258163,-10.410901584952171
8390,4466.301789112212,388.48088197878724,-21.376925831981225
8391,4560.563441907252,447.5180646615704,37.66025685080194
8392,4497.374212727025,407.48218770212,-2.3756201086484907
8393,4484.938289429233,399.8223204091328,-10.035487401635692
8394,4477.5846265374,395.3273736728752,-14.53043413789328
8395,4536.520976238932,432.06789097532055,22.21008316455209
8396,4535.498815747003,431.4168934342242,21.559085623455758
8397,4503.88449192541,411.52128029349205,1.6634724827235914
8398,4524.124872897405,424.20553742103084,14.347729610262377
8399,4499.71248635765,408.9305988004053,-0.9272090103631854
8400,4497.8366835036995,407.7684544362537,-2.089353374514758
8401,4405.598726066617,352.7036681023769,-57.15413970839154
8402,4528.88046841827,427.21342796258114,17.355620151812673
8403,4501.780480491802,410.21373390043345,0.3559260896649903
8404,4428.961020809391,366.25999678890093,-43.59781102186753
8405,4535.395830951581,431.3513307433436,21.49352293257516
8406,4532.47239634417,429.49223714242316,19.6344293316547
8407,4481.899025931573,397.9614426169496,-11.896365193818838
8408,4517.140489600487,419.80697002224406,9.949162211475596
8409,4439.618801895391,372.5332470921876,-37.32456071858087
8410,4540.061833151866,434.3267200431874,24.468912232418916
8411,4470.007747139099,390.7229599610473,-19.134847849721154
8412,4484.243522512105,399.39654205526085,-10.461265755507611
8413,4547.953228394837,439.3815843555053,29.523776544736847
8414,4422.934469390127,362.7373092743892,-47.12049853637927
8415,4494.177368514847,405.50611846010634,-4.351689350662127
8416,4518.072347137464,420.3925163075219,10.53470849675341
8417,4485.407647178274,400.1100895902855,-9.747718220482966
8418,4551.684713267438,441.7817120433301,31.923904232561654
8419,4531.778108364816,429.05129903922034,19.193491228451876
8420,4524.660843556611,424.54401242128597,14.686204610517507
8421,4514.5778434026215,418.19878004257,8.340972231801516
8422,4482.170621317794,398.12755614493926,-11.7302516658292
8423,4602.234108353213,474.9137747597538,65.05596694898531
8424,4553.638956446002,443.04123175704626,33.1834239462778
8425,4486.856539854179,400.9990836462257,-8.858724164542764
8426,4521.106919719076,422.30213443267303,12.444326621904565
8427,4522.641609172996,423.2695245714435,13.411716760675063
8428,4514.545304731938,418.17838006866896,8.320572257900494
8429,4550.454432530832,440.98968187220225,31.13187406143379
8430,4519.581028300442,421.3413749889496,11.483567178181147
8431,4470.950994303158,391.294668363284,-18.563139447484446
8432,4514.98673842777,418.455177046043,8.597369235274527
8433,4498.47565789935,408.1641417246774,-1.6936660860910706
8434,4451.7702228785365,379.7531063944766,-30.104701416291846
8435,4445.406312620627,375.9630040414122,-33.89480376935626
8436,4442.756816659457,374.39085649625304,-35.46695131451543
8437,4472.869077799654,392.4585448510529,-17.399262959715543
8438,4459.722658360337,384.5168004399211,-25.341007370847365
8439,4535.290905424655,431.284537555905,21.426729745136527
8440,4524.3068241161445,424.3204279179363,14.462620107167822
8441,4442.776455248623,374.4024970212304,-35.45531078953809
8442,4478.821612641336,396.08168371333204,-13.776124097436423
8443,4523.728539432005,423.9553314605855,14.097523649817049
8444,4509.59849477455,415.0827510226891,5.224943211920618
8445,4533.943681892079,430.42737639118013,20.56956858041167
8446,4573.108228891237,455.68376123275584,45.82595342198738
8447,4491.193200090191,403.6658664483366,-6.191941362431862
8448,4504.272861515484,411.76286148256895,1.9050536718004878
8449,4498.490454999619,408.1733071634212,-1.6845006473472495
8450,4505.132786513121,412.29802065957256,2.4402128488040944
8451,4474.304162791505,393.3304925696789,-16.527315241089582
8452,4476.658191752189,394.76291466584325,-15.094893144925209
8453,4486.491448902254,400.77498167505746,-9.082826135711002
8454,4520.422084568619,421.87080223544444,12.01299442467598
8455,4426.774651069642,364.979945266517,-44.87786254425146
8456,4426.302613927435,364.70388951635914,-45.15391829440932
8457,4482.969851787082,398.61658604621834,-11.241221764550119
8458,4515.767117305264,418.944728837148,9.086921026379514
8459,4540.554315698896,434.64134700069826,24.783539189929797
8460,4492.596371763801,404.5306382601707,-5.327169550597773
8461,4430.252499979198,367.01721698968595,-42.840590821082515
8462,4470.403445869442,390.96274373377264,-18.895064076995823
8463,4442.027591396457,373.9587501731198,-35.89905763764864
8464,4438.190834219692,371.6895200766762,-38.168287734092246
8465,4500.848696410795,409.63533774530515,-0.2224700654633125
8466,4499.302359973371,408.6763654799124,-1.1814423308560436
8467,4469.928141185384,390.6747297558959,-19.183078054872567
8468,4482.355269617336,398.240511016013,-11.617296794755475
8469,4591.422734023484,467.7317576636915,57.87394985292303
8470,4535.349087279606,431.3215741662425,21.463766355474036
8471,4513.183700771079,417.32517146190185,7.4673636511333825
8472,4524.107636207517,424.19465435553775,14.336846544769287
8473,4472.119264894843,392.0033553310782,-17.85445247969028
8474,4473.715584994736,392.9727577055787,-16.885050105189748
8475,4516.517594649996,419.41579040297165,9.557982592203189
8476,4472.9453272825685,392.50484874607855,-17.352959064689912
8477,4494.761081648398,405.86656983850116,-3.9912379722672995
8478,4464.1284365874135,387.1690844964128,-22.688723314355684
8479,4509.689696254176,415.1397198458817,5.281912035113237
8480,4509.283072958051,414.88575342065633,5.027945609887865
8481,4442.151875184509,374.03237692148423,-35.825430889284235
8482,4563.937943926636,449.70762805247614,39.849820241707675
8483,4535.770980821169,431.5901840129177,21.732376202149226
8484,4494.412304355053,405.6511754227208,-4.2066323880476375
8485,4505.6451077059655,412.61701967731597,2.7592118665475027
8486,4488.908282643321,402.2596704336538,-7.598137377114654
8487,4494.202719658745,405.5217698190663,-4.336037991702142
8488,4511.344585767051,416.1741191081187,6.316311297350239
8489,4536.514475493322,432.0637492361798,22.20594142541131
8490,4440.9086266430895,373.2962043908842,-36.56160341988425
8491,4558.141052124902,445.9494622384591,36.09165442769063
8492,4550.753771780561,441.1823270135792,31.324519202810734
8493,4479.936722016143,396.76229868571636,-13.095509125052104
8494,4427.595733511146,365.46038903002136,-44.3974187807471
8495,4418.178960872322,359.9701638476954,-49.88764396307306
8496,4449.364048368567,378.3177738806903,-31.540033930078152
8497,4479.073404317301,396.23531478065024,-13.622493030118221
8498,4500.537694379841,409.4423770771177,-0.41543073365073724
8499,4466.230460054982,388.4377930183218,-21.420014792446636
8500,4529.2108727716095,427.4227958830693,17.56498807230082
8501,4494.569353804179,405.7481573522309,-4.109650458537544
8502,4527.766109289755,426.5076622298734,16.64985441910494
8503,4515.687820943159,418.89497122481316,9.037163414044699
8504,4507.075514640809,413.50832039229635,3.6505125815278916
8505,4504.480667891777,411.8921543187389,2.03434650797044
8506,4504.743009137239,412.055406571551,2.197598760782512
8507,4546.568243405346,438.49236531876113,28.634557507992668
8508,4536.535934815412,432.0774214208095,22.21961361004105
8509,4473.343585196144,392.74674333299845,-17.111064477770014
8510,4507.432636658909,413.7309962753161,3.8731884645476384
8511,4473.276486098015,392.7059832542327,-17.151824556535757
8512,4533.952001029313,430.4326668160752,20.574859005306735
8513,4426.395213500837,364.7580347918829,-45.09977301888557
8514,4444.220233149691,375.2587913695056,-34.59901644126285
8515,4425.147145340737,364.0286116961961,-45.82919611457237
8516,4470.797530368027,391.2016238341498,-18.65618397661865
8517,4521.4448874650825,422.515078184977,12.657270374208565
8518,4535.5327474567075,431.4384962767781,21.580688466009633
8519,4486.7057035644875,400.9064888879798,-8.951318922788687
8520,4506.830986957721,413.3558847996469,3.498076988878438
8521,4534.953316156266,431.0696703503854,21.21186253961696
8522,4445.017909274294,375.73232156111453,-34.12548624965393
8523,4436.469998748205,370.67406946600386,-39.183738344764606
8524,4532.599072107619,429.5727121416594,19.71490433089093
8525,4470.145268450605,390.8062860182431,-19.051521792525364
8526,4552.001211066556,441.9855785123709,32.12777070160246
8527,4515.763073721467,418.9421914609843,9.084383650215841
8528,4489.1259659229645,402.39353168524076,-7.464276125527704
8529,4517.505577545428,420.03633018732353,10.178522376555065
8530,4446.212397708805,376.44199180749865,-33.41581600326981
8531,4518.505930674312,420.66510265683564,10.80729484606718
8532,4557.8042736083635,445.7315941338529,35.87378632308446
8533,4571.920198974148,454.9074072732674,45.04959946249892
8534,4506.673032056666,413.2574325287583,3.399624717989809
8535,4507.911938823238,414.02994892438346,4.172141113614998
8536,4524.353300131124,424.34977699469937,14.491969183930905
8537,4567.0035711607825,451.70123543983436,41.8434276290659
8538,4498.924320664017,408.4420927706583,-1.4157150401101717
8539,4522.351253254755,423.08641509479685,13.228607284028385
8540,4490.324315618821,403.1308417121377,-6.726966098630783
8541,4483.452989993662,398.9123539754378,-10.945453835330682
8542,4488.031544952738,401.7207603263814,-8.13704748438704
8543,4538.40235099418,433.2673645047521,23.40955669398363
8544,4480.490108316913,397.10028185065676,-12.757525960111707
8545,4462.621076526613,386.2606011089233,-23.597206701845153
8546,4528.47535381186,426.95678714014275,17.098979329374288
8547,4528.814064931769,427.1713560364019,17.31354822563344
8548,4455.680328813151,382.0915363275444,-27.766271483224045
8549,4542.325413313221,435.7737482965317,25.915940485763258
8550,4453.8982762053,381.0248676490273,-28.832940161741135
8551,4500.720094656405,409.5555414929845,-0.3022663177839604
8552,4490.104989278267,402.9958456993013,-6.8619621114671645
8553,4516.692631459052,419.52569570625155,9.66788789548309
8554,4455.753019573697,382.1350787912038,-27.722729019564667
8555,4563.029721222612,449.1178166162913,39.26000880552283
8556,4498.734796281824,408.32466896362257,-1.5331388471458922
8557,4493.096147814438,404.83887405249925,-5.018933758269213
8558,4522.092812280873,422.9234653162548,13.065657505486342
8559,4454.594538410954,381.44144108353476,-28.416366727233708
8560,4544.099476834822,436.90948710715475,27.051679296386283
8561,4527.494921398656,426.33599559542836,16.478187784659895
8562,4434.30865266341,369.4007229113836,-40.45708489938488
8563,4503.001674740436,410.9723967223049,1.1145889115364298
8564,4492.356831739685,404.38294432976136,-5.474863481007105
8565,4434.367451373064,369.4353337256339,-40.42247408513458
8566,4478.502384390982,395.88694955311485,-13.970858257653617
8567,4530.361913038964,428.1525716528754,18.29476384210693
8568,4493.743099892282,405.2380556426742,-4.619752168094237
8569,4422.36131031082,362.40320938335526,-47.4545984274132
8570,4467.0965072567515,388.96112605368853,-20.896681757079932
8571,4431.666924091514,367.84745823196545,-42.010349578803016
8572,4492.537456412522,404.4943101250583,-5.363497685710172
8573,4533.69812609381,430.27123339531954,20.413425584551078
8574,4437.024975807716,371.0013991110113,-38.85640869975714
8575,4490.127723545051,403.0098376499668,-6.847970160801651
8576,4478.0408327102805,395.6054817868303,-14.252326023938167
8577,4489.406474612801,402.5660596330208,-7.29174817774765
8578,4562.775561565305,448.9528288361639,39.095021025395454
8579,4569.357715427575,453.23503431772815,43.37722650695969
8580,4556.134210888474,444.6519607129185,34.79415290215002
8581,4584.644778089405,463.2555294493086,53.39772163854013
8582,4489.16984033263,402.42051435060785,-7.4372934601606175
8583,4564.304232203304,449.9456057851862,40.087797974417754
8584,4477.910046582842,395.5257430320853,-14.332064778683161
8585,4542.725870145737,436.02999101462456,26.172183203856093
8586,4473.061159304437,392.57519518178833,-17.282612628980132
8587,4521.5565336061745,422.5854348649932,12.72762705422474
8588,4502.171917416689,410.456836444881,0.5990286341125284
8589,4561.183798465065,447.92019988226275,38.06239207149429
8590,4492.89297463663,404.7135531949252,-5.144254615843238
8591,4452.06921309794,379.93165588623606,-29.926151924532405
8592,4503.319373944801,411.1698811540509,1.3120733432824636
8593,4462.097570351612,385.9453403929788,-23.912467417789685
8594,4522.158740715705,422.96503094822174,13.107223137453275
8595,4518.537190552073,420.6847585739124,10.826950763143941
8596,4549.803835519607,440.5711193673483,30.71331155657981
8597,4567.783437426327,452.2090663082149,42.35125849744645
8598,4516.342387483726,419.3057924288305,9.447984618062037
8599,4504.504409270872,411.90692700480486,2.0491191940363933
8600,4550.243069157934,440.8536797850925,30.995871974324018
8601,4543.076258500239,436.25425638531715,26.396448574548685
8602,4470.304276042496,390.9026421983317,-18.95516561243676
8603,4497.511254873319,407.56700548698336,-2.290802323785101
8604,4492.630587609412,404.55173704362323,-5.306070767145229
8605,4538.534423295378,433.3516285297392,23.49382071897071
8606,4463.005735173824,386.4923304335862,-23.365477377182287
8607,4453.6290178614845,380.8638332745277,-28.993974536240785
8608,4520.394401654848,421.8533711891864,11.995563378417955
8609,4422.722239955453,362.6135799107992,-47.244227899969246
8610,4515.437082874402,418.73765507909866,8.879847268330195
8611,4484.324888828385,399.4463944302811,-10.411413380487375
8612,4490.027617150799,402.9482283594939,-6.909579451274567
8613,4540.012708333085,434.2953423108306,24.437534500062156
8614,4533.873741331403,430.38290004929104,20.525092238522575
8615,4431.545333581387,367.77604838766365,-42.08175942310481
8616,4519.866518677195,421.52104831037104,11.66324049960258
8617,4437.305661883061,371.16700703824654,-38.690800772521925
8618,4470.591081009599,391.0764722538911,-18.781335556877366
8619,4556.8611788551625,445.1217628833342,35.26395507256575
8620,4455.709316403315,382.10889986669554,-27.748907944072926
8621,4512.333547716823,416.79288726549476,6.935079454726292
8622,4405.284150466118,352.5229673751128,-57.33484043565568
8623,4527.967918651079,426.63543313379296,16.777625323024495
8624,4491.897432143792,404.0997668176665,-5.758040993101986
8625,4556.319472303257,444.77166289772185,34.91385508695339
8626,4548.3653641050105,439.64636206524256,29.788554254474093
8627,4453.746134952684,380.93387276952126,-28.923935041247205
8628,4485.090753981754,399.91578688728987,-9.942020923478594
8629,4531.036217057926,428.5803741885193,18.72256637775081
8630,4460.269417248994,384.84544232396775,-25.012365486800718
8631,4552.508579768096,442.31248626877914,32.454678458010676
8632,4542.404040737035,435.8240543004995,25.96624648973102
8633,4437.497693757028,371.2803301149129,-38.57747769585558
8634,4513.54840998213,417.553620789914,7.695812979145558
8635,4489.432280074057,402.5819332531746,-7.275874557593852
8636,4491.159936570982,403.6453775103846,-6.212430300383858
8637,4483.441973351192,398.90560856242655,-10.952199248341913
8638,4486.863811463088,401.0035477841366,-8.854260026631891
8639,4520.411040935305,421.86384836971547,12.006040558947007
8640,4463.394369510555,386.72652706979216,-23.131280740976308
8641,4565.24117146526,450.554611487898,40.69680367712954
8642,4491.83783753299,404.063039545691,-5.794768265077437
8643,4486.073408424899,400.5184556207846,-9.339352189983856
8644,4510.2678832815,415.50097376315716,5.643165952388699
8645,4462.437980660855,386.1503239379708,-23.70748387279764
8646,4509.504423292367,415.02399353588453,5.166185725116065
8647,4507.986340160652,414.07636453338546,4.218556722616995
8648,4487.990383833417,401.6954685042474,-8.162339306521062
8649,4542.955885587146,436.1772055992251,26.319397788456627
8650,4472.970326927504,392.5200308434619,-17.33777696730658
8651,4457.873366509158,383.40630876402383,-26.45149904674463
8652,4436.625348190504,370.76568060305317,-39.09212720771529
8653,4485.990941060373,400.46786020035097,-9.389947610417494
8654,4440.670480681526,373.1552753277506,-36.702532483017876
8655,4557.394208104046,445.4663848087671,35.608576997998625
8656,4508.213921370804,414.2183581898803,4.360550379111828
8657,4480.449972092306,397.0757635672667,-12.782044243501787
8658,4456.920454352138,382.8347327629558,-27.023075047812654
8659,4492.725053008446,404.60999085184267,-5.247816958925796
8660,4455.4296486038875,381.94139603941676,-27.916411771351704
8661,4431.076702734052,367.5008901039014,-42.35691770686708
8662,4470.279265135818,390.8874851672226,-18.970322643545842
8663,4519.518516578613,421.30203830524624,11.444230494477779
8664,4555.2179004775535,444.0601381019037,34.20233029113524
8665,4493.649768982363,405.1804565103953,-4.677351300373175
8666,4511.807607613089,416.4637631178889,6.605955307120439
8667,4453.063350476558,380.52564072115047,-29.332167089617997
8668,4505.633875229307,412.6100244066997,2.752216595931259
8669,4476.686440598093,394.7801200958088,-15.077687714959666
8670,4532.56478520479,429.5509295137722,19.693121703003726
8671,4496.502784363763,406.9430525927337,-2.9147552180347702
8672,4527.402248347248,426.2773397491692,16.419531938400723
8673,4540.081729054596,434.3394285642066,24.481620753438165
8674,4567.836460922385,452.2436039308727,42.38579612010426
8675,4480.910865445422,397.35735872469013,-12.500449086078333
8676,4438.643894145715,371.957106892733,-37.900700918035454
8677,4495.31834060098,406.2108354725174,-3.6469723382510892
8678,4458.932768902432,384.04227365686893,-25.815534153899534
8679,4507.695977050618,413.8952348881585,4.037427077390021
8680,4503.594223133274,411.34076791494454,1.4829601041760725
8681,4481.4603216833275,397.69319586580605,-12.164611944962417
8682,4465.313342303777,387.8839916158263,-21.973816194942174
8683,4464.217244819413,387.2226431326694,-22.635164678099045
8684,4535.596504605276,431.47908911153627,21.621281300767805
8685,4523.789267190677,423.9936642671637,14.135856456395231
8686,4475.353564034765,393.96872437096454,-15.889083439803926
8687,4474.137932057132,393.22944152422224,-16.628366286546225
8688,4475.634085879029,394.13942308499554,-15.718384725772921
8689,4520.829316387394,422.12726425678875,12.269456446020286
8690,4465.706446768614,388.1213182388956,-21.73648957187288
8691,4472.180291153143,392.04039253855126,-17.817415272217204
8692,4509.688901185752,415.1392231911518,5.281415380383351
8693,4495.096375496587,406.0736914286067,-3.7841163821617556
8694,4465.78664987239,388.16974789447977,-21.688059916288694
8695,4524.04498999783,424.1551013550861,14.297293544317654
8696,4473.007727514571,392.54274449816967,-17.315063312598795
8697,4515.183820037319,418.5787846198409,8.720976809072454
8698,4488.780415045552,402.1810505308745,-7.676757279893991
8699,4459.65283726975,384.4748432494248,-25.38296456134367
8700,4477.675663328893,395.38286273923177,-14.474945071536695
8701,4590.03536069501,466.81386299312135,56.956055182352884
8702,4549.465863313567,440.3537606474424,30.49595283667395
8703,4529.662435217981,427.70901987338993,17.85121206262147
8704,4486.1286839078275,400.55237007045025,-9.305437740318212
8705,4486.851919386876,400.9962470926175,-8.86156071815094
8706,4565.596163264083,450.7854578274,40.92765001663156
8707,4489.637412618818,402.7081269124574,-7.1496808983110895
8708,4526.043703597969,425.4179280299131,15.560120219144665
8709,4526.94927972563,425.9906980835349,16.132890272766417
8710,4474.633256547531,393.53058637894856,-16.327221431819908
8711,4510.656511421926,415.74387829096304,5.886070480194576
8712,4527.301542713801,426.2136043213259,16.35579651055741
8713,4464.861548290857,387.61132434569254,-22.246483465075926
8714,4536.242970548373,431.89078603269627,22.032978221927806
8715,4522.486191101973,423.171507161921,13.313699351152536
8716,4533.0213847771665,429.8410537962277,19.983245985459234
8717,4467.649257443672,389.2953287882515,-20.562479022516982
8718,4511.369910133625,416.18995821324324,6.332150402474781
8719,4454.35478854725,381.2979723891385,-28.55983542162994
8720,4533.162273088715,429.9305939194983,20.072786108729815
8721,4495.6117594309935,406.3921638227662,-3.4656439880022845
8722,4438.353562418331,371.7856193011148,-38.07218850965364
8723,4451.14739704078,379.3813092204414,-30.476498590327083
8724,4541.61538855563,435.31960117847166,25.461793367703194
8725,4527.709741643906,426.4719777320306,16.614169921262146
8726,4538.050595692158,433.0429786706527,23.185170859884238
8727,4535.816797947331,431.6193596479088,21.76155183714036
8728,4471.2115137363035,391.45264599568964,-18.405161815078827
8729,4502.163528297028,410.45162561304824,0.5938178022797729
8730,4441.299857719892,373.52778543964314,-36.330022371125324
8731,4568.508064664447,452.6811723577471,42.82336454697861
8732,4453.601166984406,380.84717859927696,-29.010629211491505
8733,4542.294199746385,435.75377857134936,25.895970760580894
8734,4470.307242399863,390.9044398807764,-18.953367929992055
8735,4515.2351900464755,418.6110063411429,8.753198530374448
8736,4492.914721347491,404.7269660235652,-5.1308417872032805
8737,4541.079201411675,434.9767975218383,25.118989711069844
8738,4471.612022420501,391.6955757350638,-18.16223207570465
8739,4524.807133678032,424.63642036904866,14.778612558280201
8740,4427.456674161375,365.37899736196505,-44.478810448803415
8741,4539.522234911756,433.9821206011966,24.12431279042812
8742,4523.432295246444,423.76835960655126,13.910551795782794
8743,4537.721853137567,432.83332414747747,22.975516336709006
8744,4551.801870982596,441.85717179912126,31.999363988352798
8745,4444.464287596187,375.4036383573389,-34.454169453429586
8746,4476.970136930613,394.952931181856,-14.904876628912461
8747,4479.000208001123,396.19065082443194,-13.667156986336522
8748,4489.691145370929,402.74118557829297,-7.116622232475493
8749,4503.155621429584,411.06808532592595,1.210277515157486
8750,4514.274151319956,418.00840085977643,8.150593049007966
8751,4467.971833984569,389.49043208902685,-20.36737572174161
8752,4579.357406930008,459.7778922116331,49.92008440086465
8753,4438.177373724548,371.68157155172776,-38.17623625904071
8754,4352.922069881735,323.13276933228326,-86.7250384784852
8755,4534.457596291185,430.75425205570355,20.896444244935083
8756,4476.699792168092,394.78825222433534,-15.069555586433125
8757,4469.117129551502,390.1835417921907,-19.674266018577782
8758,4497.581251488689,407.6103310339345,-2.2474767768339916
8759,4558.7537357947185,446.3459502571013,36.48814244633286
8760,4531.117378380579,428.6318799836836,18.774072172915112
8761,4468.659990105931,389.9068148603001,-19.95099295046839
8762,4482.8708275196595,398.5559789940894,-11.301828816679063
8763,4472.924071749139,392.491940654651,-17.365867156117474
8764,4540.416365596756,434.55320510074944,24.695397289980974
8765,4478.408442211168,395.8296526228901,-14.028155187878383
8766,4465.621295537603,388.0699040973291,-21.78790371343939
8767,4504.043461511903,411.6201570795879,1.7623492688194347
8768,4504.880714209205,412.14111194578936,2.2833041350208987
8769,4535.6037818259065,431.48372248374335,21.625914672974886
8770,4479.204663759313,396.3154149038605,-13.542392906907935
8771,4489.996878184442,402.9293113801418,-6.9284964306266374
8772,4503.0706293220055,411.0152554270321,1.157447616263653
8773,4526.351400435824,425.61250136257786,15.754693551809396
8774,4552.990074104852,442.62283102458423,32.765023213815766
8775,4510.90343596316,415.8982504100859,6.04044259931743
8776,4498.743655465451,408.3301574797638,-1.5276503310046792
8777,4549.184476325607,440.17283309999857,30.315025289230107
8778,4510.792536384797,415.82891475919996,5.971106948431498
8779,4564.933185331028,450.35437836430265,40.496570553534184
8780,4528.582164066535,427.0244442599442,17.166636449175712
8781,4516.209622125866,419.2224496547342,9.364641843965728
8782,4469.187069339486,390.225888303185,-19.63191950758346
8783,4473.440753589284,392.8057731478466,-17.05203466292187
8784,4445.809274749571,376.2024107300117,-33.65539708075676
8785,4502.759464338049,410.82186860603497,0.964060795266505
8786,4563.503289344785,449.4253113093687,39.56750349860022
8787,4484.186189352518,399.3614164576493,-10.49639135311918
8788,4486.519876690226,400.7924290932215,-9.065378717546992
8789,4535.099036279822,431.1624111617839,21.30460335101543
8790,4481.974345859205,398.0075063743193,-11.850301436449172
8791,4469.543240265438,390.44157581456466,-19.416231996203805
8792,4462.0842096899405,385.9372961922895,-23.92051161847894
8793,4511.324657015851,416.16165489715195,6.303847086383485
8794,4435.057824533424,369.8418358114309,-40.01597199933758
8795,4491.755399164911,404.0122367749145,-5.845571035853936
8796,4432.695308661667,368.4517152327835,-41.406092577984964
8797,4493.896366111363,405.3326527536651,-4.525155057103348
8798,4511.73288960158,416.41701637412325,6.559208563354787
8799,4416.320382165249,358.8917128150456,-50.96609499572287
8800,4509.134832513854,414.7931855091015,4.9353776983330135
8801,4439.916111066444,372.709039649425,-37.14876816134347
8802,4570.072034676136,453.70092906875016,43.84312125798169
8803,4405.092127906786,352.4126885042747,-57.44511930649378
8804,4490.965720237641,403.52575881636767,-6.332048994400793
8805,4499.001636920591,408.4900005378845,-1.3678072728839652
8806,4477.705626284141,395.40112672985697,-14.456681080911494
8807,4482.026048613311,398.03912802937566,-11.818679781392802
8808,4549.27959842562,440.23399112026755,30.376183309499083
8809,4392.406238358218,345.1676780038497,-64.69012980691878
8810,4504.178116818268,411.70392001677055,1.8461122060020898
8811,4513.567288357341,417.5654476603595,7.7076398495910325
8812,4573.606334315405,456.00945173863283,46.15164392786437
8813,4412.631172266567,356.7560684583682,-53.10173935240027
8814,4537.915860294454,432.9570455902126,23.099237779444138
8815,4469.057979490152,390.1477299767298,-19.710077834038657
8816,4519.106418556346,421.04276331079836,11.1849555000299
8817,4473.743520212049,392.98973285944066,-16.8680749513278
8818,4516.152825759398,419.1867985349568,9.328990724188316
8819,4520.84822421997,422.13917369794217,12.281365887173706
8820,4470.306466812506,390.90396985616053,-18.953837954607934
8821,4535.724095089244,431.5603289066066,21.702521095838165
8822,4475.630242272874,394.13708398073504,-15.720723830033421
8823,4535.618346810409,431.49299601421035,21.635188203441885
8824,4492.609894295026,404.53897669781054,-5.318831112957923
8825,4454.568599473752,381.42591762710845,-28.431890183660016
8826,4460.9877923491185,385.2774568341001,-24.580350976668342
8827,4500.4310547943205,409.3762232093791,-0.4815846013893861
8828,4556.703575807694,445.01989173683205,35.16208392606359
8829,4481.14005559209,397.49742623424754,-12.360381576520922
8830,4509.117965352656,414.7826535569079,4.924845746139454
8831,4493.87198722936,405.31760517455587,-4.540202636212598
8832,4444.148794920751,375.2163980557925,-34.64140975497594
8833,4581.208776040919,460.9941654773752,51.13635766660673
8834,4429.19829499927,366.39905422164065,-43.45875358912781
8835,4446.528635225801,376.62999094737324,-33.22781686339522
8836,4488.268721813232,401.8665114394398,-7.9912963713286445
8837,4501.902573922001,410.2895524956939,0.43174468492543383
8838,4461.78421407066,385.7566971367464,-24.10111067402204
8839,4483.241118252959,398.78263650600366,-11.075171304764808
8840,4464.678519568939,387.5008905305476,-22.35691728022084
8841,4505.244527004593,412.36758586244196,2.509778051673493
8842,4427.4283205283355,365.3624030959468,-44.49540471482169
8843,4519.513110049575,421.2986362299398,11.44082841917134
8844,4550.9065614209,441.2806732678878,31.422865457119315
8845,4475.762629369629,394.2176548879165,-15.64015292285194
8846,4468.065021728346,389.5468039274833,-20.31100388328514
8847,4512.802869825065,417.0866899616126,7.228882150844129
8848,4414.8641507921575,358.04791464349364,-51.80989316727482
8849,4531.010483699181,428.5640441740943,18.706236363325843
8850,4530.566072161347,428.2820753244964,18.424267513727955
8851,4467.284233210301,389.0746121187035,-20.783195692064965
8852,4465.842525713435,388.20348965733774,-21.654318153430722
8853,4560.153965194522,447.25272403893723,37.39491622816877
8854,4486.263961397014,400.63537612352775,-9.222431687240714
8855,4437.035861263312,371.0078209359626,-38.849986874805836
8856,4458.234681663142,383.6231473865291,-26.234660424239337
8857,4452.910208171183,380.4341089474028,-29.423698863365644
8858,4493.991910223495,405.391628942989,-4.46617886777949
8859,4453.312668984189,380.67468039322694,-29.183127417541527
8860,4518.48798495145,420.6538187605747,10.79601094980626
8861,4473.313528136651,392.72848457837244,-17.12932323239602
8862,4481.428898507255,397.6739856047566,-12.183822206011882
8863,4551.2006986333545,441.47003080039576,31.6122229896273
8864,4460.151026848129,384.7742688659964,-25.083538944772044
8865,4538.3669047446265,433.2447506525841,23.386942841815653
8866,4514.481183260593,418.13818084501145,8.280373034242984
8867,4446.240977996595,376.4589804272573,-33.39882738351116
8868,4591.389922597588,467.71003957594394,57.852231765175475
8869,4573.6240756724865,456.0210541304332,46.16324631966472
8870,4377.827376606015,336.94056292905907,-72.9172448817094
8871,4543.994786171092,436.8424251100337,26.98461729926521
8872,4437.957022507797,371.55146502863454,-38.306342782133925
8873,4501.248216527266,409.8832860738871,0.025478263118657196
8874,4514.722471528535,418.28945997504707,8.431652164278603
8875,4497.755938758232,407.71846664239956,-2.139341168368901
8876,4548.730584247795,439.88106353778176,30.023255727013293
8877,4522.541253946903,423.2062323265395,13.348424515771057
8878,4529.060763412814,427.32766956055184,17.469861749783377
8879,4452.541017819015,380.2134938177919,-29.64431399297655
8880,4539.050358597438,433.6808794571184,23.823071646349945
8881,4495.810986452252,406.5153062341765,-3.342501576591985
8882,4417.696394861515,359.6899887173636,-50.16781909340489
8883,4448.83112967473,378.0002561011015,-31.85755170966695
8884,4573.259789425121,455.782848603842,45.92504079307355
8885,4538.384963454492,433.2562716017228,23.398463790954338
8886,4501.376602106074,409.9629800773291,0.10517226656065759
8887,4484.890106110084,399.7927845261984,-10.065023284570088
8888,4433.254963535515,368.7807736841819,-41.07703412658657
8889,4508.021525896626,414.0983162160901,4.240508405321634
8890,4536.152062769173,431.8328804836883,21.97507267291985
8891,4544.751455248145,437.32723967866605,27.469431867897583
8892,4477.850239310623,395.4892819630927,-14.368525847675755
8893,4578.747158377832,459.37731956658445,49.519511755815984
8894,4460.059322297648,384.7191429372897,-25.138664873478774
8895,4463.135679359095,386.5706285870983,-23.287179223670137
8896,4466.679344689623,388.70899908183856,-21.148808728929907
8897,4490.18849736466,403.0472424893519,-6.810565321416561
8898,4545.144880659973,437.5794195440767,27.721611733308237
8899,4380.785421293042,338.6012501036553,-71.25655770711319
8900,4423.17150771521,362.87552831230323,-46.98227949846523
8901,4535.331861492903,431.3106086478797,21.452800837111226
8902,4457.944370649247,383.44891601289237,-26.408891797876095
8903,4419.229835159667,360.5806919819429,-49.27711582882557
8904,4528.308687975895,426.8512260699986,16.99341825923011
8905,4573.92298337154,456.2165533180523,46.35874550728386
8906,4476.00776883887,394.3668690802506,-15.490938730517883
8907,4561.719685170019,448.26771920693227,38.40991139616381
8908,4521.684612317233,422.66615408092775,12.80834627015929
8909,4503.885406259701,411.5218489622821,1.6640411515136293
8910,4465.476262288186,387.9823413275308,-21.875466483237687
8911,4493.828709396878,405.29089313141867,-4.566914679349793
8912,4459.946435266453,384.65128924361716,-25.206518567151306
8913,4541.773907782071,435.4209734493015,25.563165638533064
8914,4498.033674296334,407.890421209735,-1.9673866010334677
8915,4547.0397036320755,438.7949643830907,28.937156572322237
8916,4487.500064948369,401.39424939924265,-8.46355841152581
8917,4511.405131675562,416.2119879972979,6.354180186529447
8918,4517.782531041963,420.2103628153777,10.352555004609258
8919,4495.417567024602,406.2721513380434,-3.585656472725077
8920,4449.200523813173,378.2203298416689,-31.637477969099564
8921,4515.028982066532,418.48167029987235,8.623862489103885
8922,4485.025097123932,399.87553542240767,-9.982272388360798
8923,4520.675780906554,422.03056330216805,12.172755491399585
8924,4449.273675788063,378.263919393597,-31.593888417171456
8925,4529.496623289534,427.6039086179526,17.74610080718412
8926,4555.058207072248,443.9570350454337,34.09922723466525
8927,4548.969001299597,440.0343103612104,30.17650255044191
8928,4463.70670102472,386.9147951468899,-22.943012663878562
8929,4535.8405506016825,431.63448534990175,21.77667753913329
8930,4481.567574739855,397.75876754450064,-12.09904026626782
8931,4462.802181654746,386.36969513351323,-23.48811267725523
8932,4440.87000290988,373.27334591828003,-36.584461892488434
8933,4489.48823443119,402.6163533380959,-7.241454472672558
8934,4548.054822072323,439.44684628872074,29.589038477952272
8935,4449.240887892492,378.24438153252777,-31.613426278240695
8936,4512.418374187484,416.8459822942941,6.988174483525654
8937,4474.251627770086,393.29855529856104,-16.559252512207422
8938,4519.862573845993,421.51856537328604,11.660757562517574
8939,4486.816612632859,400.9745722382918,-8.883235572476678
8940,4522.360139738564,423.09201866865396,13.2342108578855
8941,4491.827530228396,404.0566874776064,-5.801120333162089
8942,4535.574140729017,431.464850289095,21.607042478326548
8943,4513.233731822779,417.35650661732825,7.498698806559787
8944,4526.7491553163845,425.8640882257714,16.006280415002948
8945,4668.2180306397195,519.8452166936977,109.98740888292923
8946,4498.878085436734,408.41344520545545,-1.4443626053130174
8947,4560.748748645527,447.63816824808964,37.78036043732118
8948,4513.016012045209,417.2201541640311,7.362346353262637
8949,4440.613999625681,373.1218552427058,-36.73595256806266
8950,4436.871770428215,370.9110224222013,-38.94678538856715
8951,4542.326123077788,435.7742023928372,25.916394582068733
8952,4569.013683298255,453.01073089808324,43.152923087314775
8953,4506.319182852781,413.0369230518959,3.1791152411274197
8954,4476.069637912434,394.40453276260905,-15.453275048159412
8955,4484.314087758309,399.4397765354229,-10.418031275345584
8956,4499.892113993353,409.04197314465364,-0.8158346661148244
8957,4565.259461626756,450.5665039417913,40.70869613102286
8958,4504.184992266045,411.70819714832305,1.8503893375545886
8959,4530.394171881857,428.1730330317887,18.315225221020228
8960,4520.558250875075,421.95654699262195,12.098739181853489
8961,4546.251541044067,438.28915210434207,28.431344293573602
8962,4480.179453950533,396.9105303504748,-12.947277460293662
8963,4474.983815547781,393.7437882748045,-16.114019535963962
8964,4581.482340687323,461.1740159383653,51.31620812759684
8965,4529.302467894589,427.48084606273596,17.6230382519675
8966,4475.944217119321,394.32818296533014,-15.52962484543832
8967,4544.278684396771,437.0242942507293,27.166486439960863
8968,4571.481601791568,454.6209529273451,44.76314511657665
8969,4468.046540679327,389.5356238998288,-20.322183910939657
8970,4456.2594630142075,382.43851405348005,-27.419293757288415
8971,4450.555999504957,379.0284469622593,-30.829360848509168
8972,4504.311434015866,411.78685896361685,1.9290511528483876
8973,4558.016183225389,445.8686762919979,36.01086848122941
8974,4522.605754347269,423.24691103787745,13.38910322710899
8975,4560.983880258741,447.7905874016524,37.93277959088391
8976,4544.284242130485,437.0278549802051,27.170047169436657
8977,4500.750860049447,409.5746304395152,-0.2831773712532595
8978,4487.096826998593,401.14661241478643,-8.711195395982031
8979,4455.708288383982,382.10828407714916,-27.7495237336193
8980,4473.994235429552,393.14209951816474,-16.715708292603722
8981,4528.120397590491,426.7319841230801,16.874176312311647
8982,4496.961379084614,407.22673123878803,-2.6310765719804294
8983,4426.496514482204,364.81727281001304,-45.040535000755426
8984,4535.492496610556,431.4128703736578,21.55506256288936
8985,4474.809014233601,393.63747081155634,-16.220336999212122
8986,4525.998630373998,425.38942947743635,15.531621666667888
8987,4545.9836237834925,438.1172778237519,28.259470012983456
8988,4469.768644522815,390.57810595585534,-19.279701854913128
8989,4503.659167742033,411.3811522371029,1.5233444263344609
8990,4547.369139443395,439.00646766305636,29.148659852287892
8991,4473.027012414556,392.5544566226995,-17.303351188068973
8992,4478.935639630346,396.15125370836176,-13.706554102406699
8993,4470.328621349687,390.91739615261486,-18.940411658153607
8994,4514.6724768170925,418.2581128451279,8.400305034359462
8995,4517.064760504604,419.75940230568403,9.901594494915571
8996,4472.8413221072215,392.4416903886099,-17.41611742215855
8997,4452.945813631989,380.4553889984909,-29.402418812277574
8998,4518.412678550655,420.6064693003641,10.748661489595634
8999,4503.93418818733,411.5521893754917,1.694381564723244
9000,4521.099112309882,422.29721583585797,12.439408025089506
9001,4505.4938597366345,412.52283166183224,2.665023851063779
9002,4497.566353029626,407.6011091961923,-2.2566986145761803
9003,4426.829657825885,365.0121213024072,-44.84568650836127
9004,4502.6466714085045,410.7517798381873,0.8939720274188403
9005,4449.608499476459,378.463466081937,-31.394341728831478
9006,4569.339793992587,453.2233485150641,43.365540704295654
9007,4492.651463095941,404.56460992935945,-5.293197881409014
9008,4477.461748196124,395.2524827002476,-14.60532511052088
9009,4461.17064304056,385.3874587582204,-24.470349052548045
9010,4483.254996580672,398.79113279335843,-11.066675017410034
9011,4541.8400348369305,435.4632647831263,25.605456972357842
9012,4507.4711449870365,413.75501089851787,3.8972030877494035
9013,4478.341316839002,395.7887142955892,-14.069093515179247
9014,4459.639710829445,384.4669555145874,-25.390852296181038
9015,4447.409369985178,377.1538320863219,-32.703975724446536
9016,4542.275101622709,435.7415602494043,25.883752438635838
9017,4500.108772230673,409.1763277425721,-0.6814800681963789
9018,4463.816098633574,386.98074923490185,-22.877058575866613
9019,4512.039424997841,416.6088144673745,6.751006656606023
9020,4447.739943653891,377.35054691264486,-32.507260898123604
9021,4563.265765927643,449.27107122048164,39.41326340971318
9022,4508.193886742725,414.2058571064226,4.348049295654164
9023,4546.7119947229685,438.5846189965778,28.72681118580931
9024,4549.690726112859,440.4983699648419,30.64056215407345
9025,4469.255296127154,390.26719990054335,-19.590607910225117
9026,4522.662294961401,423.2825713090333,13.424763498264838
9027,4496.555523910627,406.97567130359266,-2.882136507175801
9028,4526.478357199153,425.69279575914015,15.83498794837169
9029,4510.47073901046,415.62775601386056,5.769948203092099
9030,4472.87731123485,392.463544621492,-17.394263189276444
9031,4435.890989046183,370.3327252544577,-39.525082556310736
9032,4493.7143386968155,405.22030524416004,-4.637502566608418
9033,4480.7557734747015,397.26258983654543,-12.595217974223033
9034,4551.408201270574,441.6036390635204,31.74583125275194
9035,4499.817810062084,408.9959007101488,-0.8619071006196464
9036,4499.147553843121,408.5804232677806,-1.2773845429878747
9037,4528.348849993657,426.8766622954299,17.01885448466146
9038,4507.066055519567,413.50242316974436,3.644615358975898
9039,4512.178023134877,416.6955492358061,6.8377414250376205
9040,4593.240234911815,468.9355174211705,59.07770961040205
9041,4496.741273755211,407.0905655673623,-2.7672422434061446
9042,4457.245005120918,383.0293557093173,-26.82845210145115
9043,4473.005650756506,392.54148325001233,-17.31632456075613
9044,4548.346109774538,439.63399034151917,29.776182530750702
9045,4490.810010096334,403.42986914695575,-6.427938663812711
9046,4561.224032716151,447.94628704195975,38.088479231191286
9047,4473.684901399421,392.9541128982373,-16.903694912531137
9048,4515.600069989705,418.83991186429876,8.982104053530293
9049,4544.371710109978,437.08389583745384,27.226088026685375
9050,4475.283920734161,393.92635195346384,-15.931455857304627
9051,4477.171054249324,395.0753413958,-14.78246641496844
9052,4503.779585790551,411.456036692477,1.5982288817085646
9053,4444.289870773146,375.30011854226177,-34.55768926850669
9054,4515.286957326424,418.6434784944854,8.785670683716944
9055,4545.3544455309975,437.7137764278973,27.855968617128838
9056,4483.433664386116,398.90052107947395,-10.957286731294516
9057,4510.267380590589,415.5006596116373,5.6428518008688116
9058,4547.133434381536,438.8551360397505,28.99732822898204
9059,4467.168817985044,389.0048380929966,-20.852969717771884
9060,4479.750991684907,396.64889573866685,-13.208912072101612
9061,4507.461165854694,413.748787629861,3.8909798190925358
9062,4542.959370144843,436.17943597375915,26.32162816299069
9063,4537.89138924236,432.94143905848705,23.083631247718586
9064,4462.942602958942,386.4542929093218,-23.40351490144667
9065,4510.956030147454,415.93113488981635,6.0733270790478855
9066,4553.972118921214,443.2561300539196,33.39832224315114
9067,4432.270086751727,368.20180118079907,-41.6560066299694
9068,4500.532801619494,409.4393417360766,-0.418466074691878
9069,4480.9642478807045,397.3899806894815,-12.467827121286973
9070,4452.953397564063,380.4599217099667,-29.39788610080177
9071,4517.656610264943,420.13123202181214,10.273424211043675
9072,4469.118187061361,390.18418206625483,-19.67362574451363
9073,4464.937830276595,387.65735526401113,-22.200452546757333
9074,4437.380149926988,371.2109622652797,-38.64684554548876
9075,4559.809742257388,447.0297265597055,37.17191874893706
9076,4409.641375077726,355.0302316827506,-54.82757612801788
9077,4446.403678424611,376.55569993777544,-33.30210787299302
9078,4485.505956309193,400.17037741146123,-9.687430399307232
9079,4479.002400567339,396.1919886781893,-13.665819132579145
9080,4484.9052680664045,399.8020785318199,-10.055729278948547
9081,4530.069945528082,427.96740218994546,18.109594379176997
9082,4478.801668135309,396.0695158344597,-13.788291976308756
9083,4475.193759787192,393.87149961754903,-15.986308193219429
9084,4533.816248065959,430.34634083335413,20.48853302258567
9085,4497.910259979059,407.81400714309257,-2.043800667675896
9086,4491.525897064573,403.87082268461245,-5.986985126156014
9087,4460.249856361018,384.8336823237537,-25.02412548701477
9088,4459.384250685785,384.3134649324684,-25.544342878300085
9089,4466.853550470551,388.81427636271246,-21.043531448056
9090,4457.665493605691,383.2815850471766,-26.576222763591886
9091,4520.7997282154465,422.10862794363084,12.250820132862373
9092,4536.950465163252,432.34156897576804,22.483761164999578
9093,4470.792649042937,391.19866449257233,-18.65914331819613
9094,4503.308670451741,411.16322700316186,1.3054191923934013
9095,4523.038722517071,423.520022693649,13.662214882880562
9096,4494.441231503106,405.66903777893185,-4.1887700318366115
9097,4480.501898502072,397.10748434548714,-12.750323465281326
9098,4443.029297460137,374.55238277987746,-35.305425030891
9099,4465.768073053345,388.15853023650425,-21.699277574264215
9100,4462.971939401171,386.4719680469443,-23.38583976382415
9101,4507.445779661005,413.73919245652814,3.881384645759681
9102,4428.2662801249535,365.8529940010867,-44.004813809681764
9103,4529.910891458828,427.86654467053586,18.008736859767396
9104,4470.153298744828,390.81115196401106,-19.046655846757403
9105,4500.637679546706,409.5044077364837,-0.35340007428476383
9106,4560.546020029798,447.5067737509348,37.64896594016636
9107,4453.51105000886,380.79329169940365,-29.06451611136481
9108,4439.546819993212,372.4906922018454,-37.367115608923086
9109,4480.247184244873,396.9518969286237,-12.90591088214478
9110,4507.028213755478,413.4788314077423,3.621023596973828
9111,4555.867714239987,444.4797976802365,34.62198986946805
9112,4566.339465545342,451.2690013319748,41.411193521206314
9113,4508.772804362114,414.5671623013295,4.709354490561054
9114,4481.47903319284,397.70463519309214,-12.153172617676319
9115,4594.4343113250925,469.7271688214173,59.869361010648845
9116,4485.169810735345,399.9642559822064,-9.893551828562067
9117,4502.567425796001,410.7025407231645,0.8447329123960117
9118,4473.485316279711,392.8328464991296,-17.02496131163889
9119,4522.346421935834,423.08336861248927,13.225560801720803
9120,4478.21865897591,395.7139134391673,-14.143894371601164
9121,4570.652704173502,454.0798236146329,44.22201580386445
9122,4597.962921995456,472.07025588785245,62.21244807708399
9123,4537.446466267341,432.6577352807062,22.799927469937757
9124,4493.459950868844,405.0633230371377,-4.7944847736307565
9125,4480.626859114276,397.1838254809122,-12.673982329856244
9126,4442.692367410352,374.3526563370965,-35.50515147367196
9127,4478.058561242542,395.6162912908726,-14.241516519895868
9128,4546.475625437128,438.43293192194506,28.575124111176592
9129,4500.964352443804,409.7071079366747,-0.15069987409378882
9130,4533.447689024367,430.11201514127424,20.25420733050578
9131,4546.646528060811,438.5426040168463,28.684796206077863
9132,4548.894718686223,439.98656110139655,30.128753290628083
9133,4503.453850229457,411.25348699764845,1.3956791868799883
9134,4467.141060653527,388.9880584111588,-20.869749399609645
9135,4486.6903859041195,400.89708634958106,-8.960721461187404
9136,4528.25796688743,426.8191034252309,16.961295614462415
9137,4517.345828810836,419.9359631792604,10.078155368491934
9138,4469.176916439629,390.21974087167837,-19.638066939090095
9139,4425.623140671193,364.3067131473558,-45.55109466341264
9140,4467.27368326477,389.0682339065429,-20.789573904225563
9141,4544.854480482266,437.3932704847293,27.535462673960865
9142,4533.940356317327,430.4252615529781,20.567453742209636
9143,4468.043513419881,389.53379258842233,-20.324015222346134
9144,4428.453133198427,365.9624356767358,-43.89537213403264
9145,4542.39293498352,435.8169486424017,25.95914083163325
9146,4512.187068634021,416.70121022468993,6.843402413921467
9147,4459.656332624692,384.47694363734126,-25.3808641734272
9148,4489.693575695075,402.7426808490036,-7.115126961764872
9149,4501.294322963168,409.91190526903256,0.05409745826409562
9150,4541.844088619106,435.46585743099195,25.608049620223483
9151,4483.479544627663,398.9286134289073,-10.92919438186118
9152,4526.4675716675165,425.6859741093149,15.82816629854642
9153,4475.6348666202075,394.1398982216915,-15.717909589076953
9154,4496.754307236957,407.09862794701894,-2.759179863749523
9155,4470.8951331301405,391.26079866747295,-18.59700914329551
9156,4484.737032936511,399.6989595478494,-10.158848262919037
9157,4514.290249880551,418.01849168198123,8.160683871212768
9158,4524.168438175119,424.23304469531877,14.375236884550304
9159,4504.020940689202,411.60614873180384,1.7483409210353784
9160,4546.204658848545,438.2590738697795,28.40126605901105
9161,4537.048405406399,432.4039901244919,22.54618231372342
9162,4477.686329771344,395.3893644455202,-14.468443365248277
9163,4498.391486114267,408.11200702999577,-1.7458007807726972
9164,4462.7692972253,386.34988505402407,-23.507922756744392
9165,4477.577332739352,395.3229281023591,-14.534879708409335
9166,4487.820354632648,401.5910010346388,-8.26680677612967
9167,4425.275667444817,364.1036901061216,-45.75411770464689
9168,4552.632283756983,442.39220898115855,32.53440117039008
9169,4497.083539912791,407.30231451058216,-2.555493300186299
9170,4463.203804337133,386.6116806853147,-23.246127125453768
9171,4449.624997029892,378.47329962170716,-31.384508189061307
9172,4452.028366840726,379.90726097170045,-29.95054683906801
9173,4523.282590463038,423.67389026380806,13.816082453039598
9174,4451.528468460273,379.60876830973166,-30.249039501036805
9175,4483.564812751241,398.9808255307571,-10.876982280011362
9176,4564.536382330655,450.09646524271375,40.238657431945285
9177,4500.160178913247,409.2082094141315,-0.6495983966369749
9178,4555.909755495227,444.50695516614815,34.64914735537968
9179,4437.415577614681,371.2318690129082,-38.62593879786027
9180,4525.734660423056,425.22254747353827,15.364739662769807
9181,4467.347854493163,389.113076959864,-20.74473085090449
9182,4457.900460694857,383.4225668068466,-26.435241003921874
9183,4529.78320486099,427.78558598549307,17.927778174724608
9184,4518.957839897249,420.9493031518218,11.09149534105336
9185,4469.753612790606,390.56900029272765,-19.288807518040812
9186,4449.879438496316,378.6249788175751,-31.23282899319338
9187,4481.404928690786,397.65933220039324,-12.198475610375226
9188,4469.75059967443,390.56717507227086,-19.290632738497607
9189,4538.000655527936,433.0111262893424,23.153318478573965
9190,4496.576080619179,406.98838571074293,-2.869422100025531
9191,4469.418366329468,390.36594860653577,-19.491859204232696
9192,4491.802746939232,404.041414520555,-5.816393290213455
9193,4454.855055596951,381.59736862159025,-28.260439189178214
9194,4470.059321577657,390.75420856248365,-19.10359924828481
9195,4462.834895233411,386.3894028058121,-23.468405004956367
9196,4503.831569944946,411.48836621896817,1.630558408199704
9197,4432.957313373798,368.60574624361516,-41.252061567153305
9198,4521.656429938011,422.6483920089154,12.790584198146917
9199,4533.32452244624,430.0337211745532,20.17591336378473
9200,4546.603611904293,438.515062489465,28.657254678696518
9201,4482.319953375223,398.21890576346686,-11.638902047301599
9202,4456.654363337371,382.6752042079138,-27.18260360285467
9203,4473.333406213398,392.7405598604614,-17.117247950307046
9204,4484.913851804655,399.80734025686706,-10.050467553901399
9205,4445.669171603884,376.1191641208088,-33.738643689959645
9206,4523.112156456093,423.5663526597118,13.708544848943347
9207,4497.662979686793,407.6609209578046,-2.196886852963871
9208,4534.049056343094,430.4943899775435,20.636582166775042
9209,4476.949377807964,394.9402846457774,-14.917523164991053
9210,4544.118308742929,436.9215508486727,27.06374303790426
9211,4583.263568596966,462.3458703804413,52.48806256967282
9212,4490.843893691643,403.450734420343,-6.407073390425467
9213,4517.984884807506,420.33754088356136,10.479733072792897
9214,4541.791102463896,435.431970056924,25.574162246155538
9215,4402.920647482942,351.1668745486918,-58.69093326207667
9216,4448.253776645514,377.6564192152873,-32.20138859548115
9217,4439.151796153337,372.25720345873196,-37.6006043520365
9218,4470.57548000691,391.06701560572947,-18.790792205038997
9219,4497.250015126734,407.40532727924756,-2.452480531520905
9220,4451.426622302653,379.547970111445,-30.309837699323452
9221,4539.662448178296,434.07165105918784,24.21384324841938
9222,4541.140222434457,435.01580379982806,25.1579959890596
9223,4505.321687113763,412.4156261086605,2.5578182978920267
9224,4457.675546490896,383.28761629765904,-26.57019151310942
9225,4539.465337724675,433.9457925820693,24.087984771300853
9226,4513.888934012636,417.7669768712094,7.909169060440945
9227,4493.470752052634,405.06998780395315,-4.787820006815309
9228,4461.259540281866,385.4409446403124,-24.416863170456054
9229,4482.758287867138,398.48710561288,-11.370702197888477
9230,4547.796526807737,439.28093134242454,29.423123531656074
9231,4490.194889860903,403.0511770202638,-6.8066307905046415
9232,4572.768056125126,455.4614003395154,45.60359252874696
9233,4494.57621352529,405.75239366560027,-4.105414145168197
9234,4516.101286224449,419.15444843316527,9.296640622396808
9235,4462.799470403211,386.3680618147637,-23.489745996004785
9236,4574.359868205943,456.5023679011574,46.64456009038895
9237,4600.68607878686,473.8822548649414,64.02444705417292
9238,4593.869340786478,469.3525248261212,59.49471701535276
9239,4517.969190818874,420.3276766286017,10.46986881783323
9240,4484.687484440149,399.66859157697263,-10.189216233795833
9241,4483.691643777537,399.0584941744705,-10.799313636297939
9242,4507.054945386667,413.49549668914597,3.637688878377503
9243,4509.127660307897,414.7887071262926,4.93089931552413
9244,4428.2515200939715,365.8443496347827,-44.01345817598576
9245,4481.553145724157,397.7499457077488,-12.10786210301967
9246,4483.041806517033,398.66062831758745,-11.197179493181011
9247,4549.816532056933,440.57928585611944,30.721478045350977
9248,4460.222777868693,384.81740304601817,-25.040404764750292
9249,4539.110458521485,433.71924096826615,23.861433157497686
9250,4491.256065642761,403.70459043157234,-6.153217379196121
9251,4482.078311186536,398.071093364782,-11.78671444598649
9252,4419.236042034358,360.58429961351885,-49.27350819724961
9253,4513.323900187529,417.41298329076744,7.555175479998979
9254,4535.221903711744,431.2406154084442,21.382807597675765
9255,4541.026793201209,434.9432981482937,25.085490337525243
9256,4580.003795245858,460.20236880034236,50.34456098957389
9257,4494.094365863943,405.4548761790502,-4.402931631718275
9258,4513.382739118028,417.4498389175815,7.59203110681301
9259,4458.106158443068,383.5460086246344,-26.311799186134067
9260,4467.171792396478,389.00663618680755,-20.85117162396091
9261,4461.5459087355275,385.613266837428,-24.244540973340463
9262,4555.876175871063,444.4852635949155,34.62745578414706
9263,4479.63435882933,396.57769062278703,-13.280117187981432
9264,4499.427560881595,408.7539678964936,-1.1038399142748858
9265,4496.0792091224475,406.681124501667,-3.1766833091014632
9266,4512.5106698689215,416.9037563087827,7.045948498014241
9267,4471.868972477822,391.85146997764105,-18.006337833127418
9268,4506.4977475156375,413.1481924959894,3.2903846852209426
9269,4521.761169403115,422.7144063926853,12.856598581916842
9270,4523.628831541258,423.89239717682767,14.034589366059208
9271,4505.65697315848,412.6244092117754,2.7666014010069375
9272,4523.470427965079,423.7924244461583,13.93461663538983
9273,4562.502267650112,448.7754526301769,38.91764481940845
9274,4426.486442124029,364.81138254779626,-45.04642526297221
9275,4515.381721008653,418.702924314603,8.84511650383456
9276,4477.506007503474,395.27945670224017,-14.578351108528295
9277,4442.410710449243,374.18573718601283,-35.672070624755634
9278,4490.109116810958,402.99838599765417,-6.859421813114295
9279,4471.974049905234,391.9152306335732,-17.94257717719529
9280,4496.8985746968,407.1878756856645,-2.669932125103969
9281,4445.139058782497,375.80426743215503,-34.053540378613434
9282,4437.352186373365,371.19446071821903,-38.66334709254943
9283,4488.728665481634,402.1492343069881,-7.7085735037803715
9284,4514.0372730275485,417.8599359302352,8.00212811946676
9285,4477.4658147678765,395.254961048784,-14.602846761984438
9286,4555.506215805951,444.24631283822055,34.388505027452084
9287,4475.84906639046,394.27026505184267,-15.587542758925792
9288,4474.890623488495,393.68710528673455,-16.170702524033914
9289,4505.454336114949,412.498220528033,2.640412717264553
9290,4484.027333515381,399.2641003749841,-10.593707435784381
9291,4548.279896202819,439.5914466058184,29.733638795049956
9292,4514.2721134121675,418.0071234768561,8.14931566608766
9293,4404.698288675066,352.18656310436063,-57.67124470640783
9294,4450.779730138817,379.16191780153486,-30.695890009233608
9295,4484.247383670656,399.39890767962834,-10.458900131140126
9296,4519.930918261723,421.5615834169166,11.703775606148156
9297,4535.206641967523,431.2309010387012,21.373093227932713
9298,4504.704510795517,412.0314474280085,2.173639617240042
9299,4492.096865917923,404.22268710093294,-5.635120709835519
9300,4509.715226909171,415.1556682160899,5.297860405321444
9301,4462.412418261296,386.13492919234386,-23.722878618424602
9302,4537.526092707579,432.70850215160635,22.85069434083789
9303,4464.602257920831,387.4548813825222,-22.402926428246246
9304,4443.552806970816,374.8628198145134,-34.99498799625508
9305,4506.862829396137,413.3757334025381,3.5179255917696537
9306,4508.245703357424,414.23818970317825,4.380381892409787
9307,4514.478606016708,418.1365651517017,8.278757340933225
9308,4486.868580535165,401.0064755948529,-8.85133221591559
9309,4493.575636147092,405.13470839453976,-4.723099416228706
9310,4531.161465040325,428.65985909784285,18.80205128707439
9311,4453.640574403334,380.87074413465916,-28.9870636761093
9312,4464.399108179399,387.3323334562633,-22.52547435450515
9313,4418.482549576379,360.1464844691741,-49.71132334159438
9314,4501.009346708582,409.73503076558245,-0.1227770451860124
9315,4530.8151172134,428.44007742107306,18.582269610304593
9316,4450.690906341753,379.1089253467212,-30.748882464047256
9317,4583.560360106772,462.54126440731443,52.683456596545966
9318,4419.757390750464,360.88739157260943,-48.97041623815903
9319,4448.739769941531,377.94583695948904,-31.91197085127942
9320,4497.835370240991,407.7676413915178,-2.090166419250636
9321,4523.294406143993,423.6813460244648,13.823538213696338
9322,4537.675407294441,432.80370746301105,22.945899652242588
9323,4536.350980909548,431.9595903601489,22.10178254938046
9324,4520.382066476094,421.84560423598896,11.987796425220495
9325,4506.11131038386,412.90740979374914,3.0496019829806755
9326,4501.0540739324715,409.76278881636654,-0.09501899440192574
9327,4487.333176523801,401.29175032275543,-8.56605748801303
9328,4528.81423842751,427.17146595719123,17.313658146422767
9329,4388.242532105509,342.80719717298916,-67.0506106377793
9330,4454.794270902456,381.560984183277,-28.29682362749145
9331,4473.358617011724,392.75587486835,-17.101932942418443
9332,4476.619576980074,394.73939631187204,-15.118411498896421
9333,4479.158189742671,396.2870535333309,-13.570754277437572
9334,4528.102002993892,426.72033593426113,16.862528123492666
9335,4532.931443938883,429.78389760392974,19.92608979316128
9336,4473.927718387515,393.1016723214361,-16.756135489332337
9337,4517.18127830369,419.83259173693614,9.974783926167675
9338,4533.819342987156,430.34830881449307,20.490501003724603
9339,4450.870736840081,379.21621654149203,-30.641591269276432
9340,4480.297025917235,396.9823393465572,-12.87546846421128
9341,4553.467868594902,442.9308953474988,33.07308753673033
9342,4486.686287020695,400.89457032437167,-8.963237486396793
9343,4526.414463034768,425.6523846642699,15.79457685350144
9344,4490.627624079391,403.3175664880664,-6.540241322702059
9345,4573.81271684314,456.1444293434133,46.28662153264486
9346,4517.19713700296,419.84255370113715,9.984745890368686
9347,4579.4324047643595,459.82713294894074,49.96932513817228
9348,4439.885425338546,372.69089384336667,-37.1669139674018
9349,4496.3594810820205,406.85442803728347,-3.003379773484994
9350,4510.483977843524,415.63603078516417,5.778222974395703
9351,4460.409684525106,384.9297763670361,-24.92803144373238
9352,4530.911082858959,428.50096872088125,18.643160910112783
9353,4533.687991487129,430.2647896410476,20.406981830279165
9354,4463.39746787234,386.72839447885144,-23.12941333191702
9355,4559.242127778932,446.6621268646977,36.80431905392925
9356,4466.029698349235,388.3165285780119,-21.54127923275655
9357,4433.9947751771715,369.2159930629846,-40.64181474778388
9358,4513.71432234437,417.6575667850011,7.799758974232645
9359,4515.867267247368,419.00757603484135,9.149768224072886
9360,4610.865424924333,480.68447321865096,70.8266654078825
9361,4441.850701330974,373.85397197966495,-36.003835831103515
9362,4530.929845496448,428.5128743259306,18.65506651516216
9363,4545.374356482076,437.7265428439023,27.868735033133817
9364,4512.903040546294,417.1494116608792,7.291603850110732
9365,4563.543936013776,449.45170850688055,39.59390069611209
9366,4538.410010656768,433.2722512605692,23.41444344980073
9367,4478.450695664108,395.8554232006327,-14.002384610135778
9368,4472.3105983942805,392.11948275890745,-17.73832505186101
9369,4503.701548512978,411.40750681995814,1.5496990091896805
9370,4451.820439444658,379.7830914524757,-30.07471635829279
9371,4470.567689545025,391.0622934107546,-18.79551440001387
9372,4499.455749137784,408.77144064706954,-1.0863671636989238
9373,4496.41017218042,406.88577635914953,-2.972031451618932
9374,4488.303979460897,401.8881804221164,-7.969627388652043
9375,4457.156580955933,382.97632546763407,-26.881482343134394
9376,4550.673486879832,441.13065421840565,31.27284640763719
9377,4486.236043217037,400.61824486138903,-9.239562949379433
9378,4554.4452043462625,443.56136894700194,33.703561136233475
9379,4470.863184031959,391.24142799066385,-18.616379820104612
9380,4490.560747303131,403.2763916192739,-6.581416191494554
9381,4557.122010419002,445.290383441245,35.43257563047655
9382,4477.434880963572,395.23610881959394,-14.621698991174526
9383,4445.1088697127025,375.7863386786976,-34.07146913207089
9384,4468.137397527143,389.5905889184396,-20.267218892328856
9385,4490.250521010714,403.0854183700144,-6.772389440754068
9386,4502.486117924361,410.65202329460044,0.7942154838319766
9387,4570.428931025125,453.9337907124368,44.07598290166834
9388,4541.29572099795,435.1152103822351,25.257402571466628
9389,4473.956603812286,393.1192278145627,-16.73857999620577
9390,4448.591188320831,377.85734178788016,-32.000466022888304
9391,4486.3515134216495,400.68910253576996,-9.168705274998501
9392,4411.552880486888,356.1331243228856,-53.724683487882885
9393,4561.508073338908,448.130474676163,38.27266686539451
9394,4465.128897603307,387.7726634865912,-22.085144324177236
9395,4527.457970821853,426.3126078741152,16.454800063346738
9396,4464.03150384657,387.1106304413747,-22.74717736939374
9397,4567.251142250246,451.862418314091,42.00461050332251
9398,4474.163046609427,393.2447077205379,-16.613100090230546
9399,4584.768626323055,463.33713690390505,53.479329093136585
9400,4562.250263115656,448.6119238160636,38.754116005295145
9401,4483.361035755345,398.8560528081289,-11.001755002639584
9402,4512.302500061589,416.77345459481467,6.915646784046203
9403,4485.743561740237,400.3161072737371,-9.541700537031375
9404,4497.947795627644,407.8372472166852,-2.0205605940832356
9405,4595.92703021132,470.7177012089346,60.85989339816615
9406,4474.313544993498,393.3361963689922,-16.52161144177626
9407,4501.942046160839,410.31406579446684,0.45625798369837867
9408,4476.819118713279,394.86093500456354,-14.99687280620492
9409,4530.2279016046905,428.0675750290011,18.209767218232628
9410,4484.7943789337505,399.7341080150295,-10.123699795738958
9411,4518.241443397516,420.4988137465275,10.64100593575904
9412,4522.057569924511,422.9012470390235,13.04343922825501
9413,4552.548619709952,442.33828978962174,32.48048197885328
9414,4395.722380469397,347.05383545783707,-62.803972352931396
9415,4508.396707428461,414.3324205857898,4.474612775021342
9416,4496.113235328242,406.7021623103369,-3.1556455004315467
9417,4516.958496856085,419.6926594246579,9.834851613889441
9418,4479.135551094025,396.27323837753374,-13.58456943323472
9419,4553.200246371469,442.75832958033607,32.900521769567604
9420,4484.896336870686,399.79660385679836,-10.061203953970107
9421,4510.701496828194,415.7720001131711,5.9141923024026255
9422,4525.652881485906,425.1708533160245,15.313045505256014
9423,4477.873054220069,395.50319070567775,-14.35461710509071
9424,4484.5133842194655,399.5618958613554,-10.295911949413039
9425,4572.966701465059,455.59124262342584,45.73343481265738
9426,4519.934881372257,421.56407798524515,11.706270174476685
9427,4522.008293629153,422.87018213790816,13.012374327139696
9428,4417.078314301719,359.3313019954003,-50.52650581536818
9429,4451.526467744335,379.6075739117464,-30.250233899022078
9430,4440.335987023819,372.95737660676514,-36.900431204003326
9431,4470.105662983134,390.782287591303,-19.07552021946549
9432,4484.228696600813,399.3874586979068,-10.47034911286164
9433,4412.182385190862,356.4967282302864,-53.361079580482055
9434,4511.86694089258,416.5008863819003,6.643078571131809
9435,4463.926732324262,387.0474543862024,-22.810353424566074
9436,4516.992377840054,419.71393907974743,9.85613126897897
9437,4503.21442218246,411.1046370330532,1.2468292222847595
9438,4566.957427903375,451.67119660633125,41.81338879556279
9439,4498.056556868064,407.9045901306836,-1.9532176800848902
9440,4492.911788422321,404.7251570554613,-5.132650755307168
9441,4531.897808932208,429.12730428056284,19.269496469794376
9442,4473.359737128139,392.75655532159226,-17.101252489176204
9443,4457.571670081764,383.22529776831243,-26.632510042456033
9444,4564.644782493916,450.1669158803802,40.30910806961174
9445,4539.663468256822,434.07230244358925,24.214494632820788
9446,4455.580378919862,382.03166954610424,-27.826138264664223
9447,4464.168703309809,387.19336815783254,-22.664439652935926
9448,4511.762799571901,416.43572900167874,6.577921190910274
9449,4582.591318943777,461.90343694823105,52.04562913746258
9450,4551.11485271406,441.41476146022023,31.55695364945177
9451,4453.476023337977,380.7723479953934,-29.08545981537509
9452,4519.116788788306,421.0492868620172,11.191479051248734
9453,4461.913057717905,385.834256435292,-24.023551375476472
9454,4567.250502323388,451.8620016496666,42.00419383889812
9455,4476.715028396772,394.797532358225,-15.060275452543465
9456,4527.167858792238,426.1290045676974,16.27119675692893
9457,4495.6997416948625,406.44654343452294,-3.4112643762455264
9458,4496.128167914941,406.7113950402977,-3.1464127704707607
9459,4607.52168680535,478.44505532092353,68.58724751015507
9460,4501.605313864019,410.10496970972144,0.24716189895298157
9461,4478.038495290229,395.604056617904,-14.253751192864456
9462,4562.908628375119,449.03920553435773,39.18139772358927
9463,4485.96942270044,400.45465877591005,-9.403149034858416
9464,4495.338954172876,406.22357301772445,-3.6342347930440155
9465,4461.743788819493,385.73236421760384,-24.12544359316462
9466,4517.702723557832,420.1602095556791,10.30240174491064
9467,4548.671829166794,439.8433016426807,29.98549383191221
9468,4477.426934087835,395.2312657669222,-14.626542043846257
9469,4494.17902671038,405.5071421921489,-4.350665618619587
9470,4381.761057827072,339.14994654886004,-70.70786126190842
9471,4471.20239949062,391.4471186160572,-18.410689194711267
9472,4557.034717032421,445.23394718825284,35.37613937748438
9473,4499.21200433384,408.6203655516424,-1.2374422591260554
9474,4496.886112614853,407.18016591863807,-2.6776418921303957
9475,4517.2865739953195,419.89873755825784,10.040929747489372
9476,4580.804426151929,460.72839362969535,50.870585818926884
9477,4589.586740366029,466.5172356248804,56.65942781411195
9478,4400.530366475456,349.7982330044638,-60.05957480630468
9479,4503.8644982704545,411.5088453690282,1.651037558259759
9480,4507.47879867425,413.7597839855589,3.901976174790434
9481,4491.362258538717,403.77000748012733,-6.08780033064113
9482,4531.702329714311,429.0031859380065,19.14537812723802
9483,4557.021467303283,445.2253813769257,35.36757356615726
9484,4508.033756906451,414.1059470363184,4.248139225549949
9485,4577.022625907033,458.24622112900033,48.38841331823187
9486,4546.539324523852,438.47380751211676,28.6159997013483
9487,4502.277468657489,410.52240154582205,0.664593735053586
9488,4464.036360707242,387.1135592019182,-22.744248608850285
9489,4541.934852194891,435.52390840100725,25.666100590238784
9490,4453.112187504642,380.5548325560808,-29.30297525468768
9491,4521.083594274957,422.28743969901507,12.429631888246604
9492,4447.031758685445,376.9291913515258,-32.928616459242676
9493,4488.581253529835,402.0586107082331,-7.799197102535345
9494,4495.201378240762,406.1385658494323,-3.719241961336138
9495,4468.136941928567,389.5903132883486,-20.267494522419838
9496,4464.667152794208,387.4940327043046,-22.36377510646389
9497,4501.322933299075,409.929664784534,0.07185697376553435
9498,4566.59869551122,451.43769787441033,41.57989006364187
9499,4445.391795786465,375.95438081265,-33.90342699811845
9500,4489.43557464603,402.58395985403286,-7.273847956735608
9501,4548.9604375968565,440.0288054390453,30.170997628276837
9502,4494.367281039398,405.6233745569325,-4.2344332538359595
9503,4537.758260425411,432.8565403339999,22.99873252323141
9504,4492.226216817144,404.3024221141736,-5.55538569659484
9505,4499.308688680594,408.68028798180694,-1.1775198289615219
9506,4558.953575517426,446.47531000467325,36.617502193904784
9507,4539.67202445248,434.0777661323473,24.219958321578815
9508,4530.51069370896,428.2469453667404,18.389137555971956
9509,4566.325197203994,451.2597169432088,41.40190913244032
9510,4544.334124244998,437.0598140919474,27.20200628117891
9511,4562.3758430972675,448.69341060750867,38.835602796740204
9512,4532.166782325376,429.2981161243324,19.440308313563946
9513,4459.360865291694,384.29941563115017,-25.558392179618295
9514,4456.338506919639,382.48588432528186,-27.371923485486604
9515,4478.76885149929,396.0494952521826,-13.80831255858584
9516,4428.973649227764,366.26739713331153,-43.59041067745693
9517,4514.536944045143,418.17313845327635,8.315330642507888
9518,4537.847864889234,432.9136818720817,23.05587406131326
9519,4500.714828657173,409.55227415281115,-0.30553365795731224
9520,4460.683758685583,385.0945875553916,-24.763220255376837
9521,4518.047706280927,420.3770276617579,10.51921985098943
9522,4491.070080237032,403.5900323804826,-6.2677754302858375
9523,4446.974225516238,376.89497097341473,-32.962836837353734
9524,4528.8105305475065,427.1691167780846,17.31130896731611
9525,4573.382494316097,455.86307826018265,46.00527044941418
9526,4495.066544054401,406.05526145455406,-3.802546356214407
9527,4550.224118322975,440.84148683607145,30.98367902530299
9528,4465.062892411829,387.73282768547233,-22.124980125296133
9529,4468.116729115953,389.5780849495236,-20.279722861244863
9530,4561.6399873502705,448.2160274227681,38.35821961199963
9531,4464.530738399804,387.4117357290652,-22.446072081703278
9532,4479.584430183734,396.5472108409076,-13.310596969860853
9533,4549.1505571003445,440.1510259942311,30.293218183462614
9534,4450.123819208573,378.77069004712575,-31.08711776364271
9535,4475.024404743034,393.76847747822103,-16.089330332547433
9536,4485.682165911811,400.2784489775254,-9.579358833243077
9537,4551.169068602624,441.44966635583705,31.59185854506859
9538,4510.325800620569,415.53716940037884,5.67936158961038
9539,4575.592789660788,457.3094193865595,47.45161157579105
9540,4452.045717586962,379.9176233885737,-29.94018442219476
9541,4556.690983303537,445.011752705263,35.15394489449454
9542,4418.886880165362,360.3813851544087,-49.47642265635977
9543,4494.938791504625,405.976340213962,-3.8814675968064876
9544,4473.601702468477,392.9035595472001,-16.954248263568388
9545,4524.841631538878,424.6582132826602,14.800405471891736
9546,4407.919108526118,354.0380711354037,-55.819736675364766
9547,4550.431337196326,440.9748201526795,31.11701234191105
9548,4500.196045211943,409.23045390379866,-0.6273539069698018
9549,4400.5533638635525,349.8113874884157,-60.04642032235279
9550,4513.388036509275,417.4531571855978,7.595349374829311
9551,4438.145360190958,371.6626676707956,-38.195140139972864
9552,4496.8927172560725,407.1842519238212,-2.6735558869472698
9553,4540.033017964723,434.30831464546554,24.45050683469708
9554,4539.938260301777,434.2477918721456,24.389984061377163
9555,4502.752448777222,410.81750900936686,0.9597011985983954
9556,4489.903165287923,402.8716425555881,-6.986165255180367
9557,4481.934465241963,397.9831160641661,-11.874691746602366
9558,4487.014993013382,401.096365840001,-8.761441970767464
9559,4481.564344280139,397.75679244702906,-12.101015363739407
9560,4569.680462913288,453.44550891082827,43.5877011000598
9561,4422.398562062406,362.42491888375525,-47.43288892701321
9562,4429.384588514951,366.50825311587096,-43.349554694897506
9563,4450.322633934234,378.88925402983523,-30.968553780933235
9564,4439.186851009334,372.27792043834506,-37.5798873724234
9565,4512.230927541944,416.72865920114236,6.8708513903739
9566,4522.703551816321,423.30859302101726,13.450785210248796
9567,4456.651797986538,382.67366637892246,-27.184141431846
9568,4547.361048231256,439.00127237619154,29.143464565423074
9569,4561.619937158181,448.20302337633257,38.345215565564104
9570,4583.241098090478,462.3310784195801,52.47327060881162
9571,4453.831687646881,380.98504000772346,-28.872767803045008
9572,4441.401213976402,373.58779329648405,-36.27001451428441
9573,4470.586777435646,391.0738636032097,-18.78394420755876
9574,4477.551336224057,395.3070834304831,-14.550724380285374
9575,4513.219763711018,417.34775807374217,7.489950262973707
9576,4488.20725049534,401.82873321739953,-8.029074593368932
9577,4478.608371029867,395.9515976531857,-13.906210157582791
9578,4505.96813695674,412.8182185337937,2.960410723025234
9579,4522.33785961432,423.0779695003994,13.220161689630913
9580,4488.990541058941,402.3102514432885,-7.547556367479956
9581,4486.845501244027,400.99230694383414,-8.865500866934326
9582,4439.74855206572,372.6099603030784,-37.24784750769004
9583,4457.335119713207,383.083403623355,-26.774404187413438
9584,4519.819658658464,421.4915543654997,11.63374655473126
9585,4570.42140598263,453.92888030990935,44.07107249914088
9586,4489.585190877389,402.6759991945746,-7.181808616193848
9587,4486.642893279627,400.8679343526933,-8.98987345807518
9588,4521.897452800871,422.8003096707316,12.942501859963158
9589,4497.1926897599415,407.36985358825723,-2.4879542225112345
9590,4487.149702253209,401.17907983834584,-8.678727972422621
9591,4487.2516489040945,401.2416827140232,-8.616125096745236
9592,4440.085011288053,372.8089259027115,-37.048881908056956
9593,4479.1881399224585,396.30533090052995,-13.55247691023851
9594,4512.188841989822,416.7023200570893,6.844512246320846
9595,4505.397311007433,412.46271261024776,2.6049047994793
9596,4511.0084514102045,415.963912537386,6.106104726617559
9597,4503.530552826454,411.3011779113194,1.4433701005509647
9598,4532.136225804392,429.27870949211774,19.420901681349278
9599,4535.62569411237,431.4976740808611,21.639866270092625
9600,4522.746208560796,423.3354985084097,13.477690697641265
9601,4541.777096718239,435.42301287661394,25.565205065845475
9602,4412.874733806396,356.8968567661427,-52.960951044625745
9603,4483.008804787538,398.6404282124113,-11.217379598357184
9604,4472.104735768324,391.99453777834515,-17.863270032423316
9605,4488.195318892569,401.82140065978,-8.036407150988452
9606,4502.635454177798,410.74480985329956,0.887002042531094
9607,4465.061265031264,387.731845546602,-22.125962264166446
9608,4496.932804721523,407.2090527420364,-2.6487550687320436
9609,4503.632846017484,411.36478443494025,1.5069766241717844
9610,4543.34483970684,436.4261993293517,26.568391518583212
9611,4505.550132172313,412.5578734509795,2.7000656402110508
9612,4467.537498448767,389.2277454652567,-20.63006234551176
9613,4526.253124095619,425.5503511581501,15.692543347381616
9614,4537.715110290425,432.8290244379523,22.97121662718382
9615,4518.8342524130885,420.87157096956935,11.013763158800884
9616,4414.612482515643,357.9021939579502,-51.95561385281826
9617,4498.561272956854,408.2171737838612,-1.6406340269072643
9618,4447.786022303045,377.3779711902589,-32.47983662050956
9619,4534.501140161373,430.7819537606556,20.924145949887134
9620,4529.315828194724,427.48931373524465,17.631505924476187
9621,4473.7462277849645,392.9913781668729,-16.86642964389557
9622,4501.55759921276,410.0753453027287,0.2175374919602291
9623,4530.0380435537945,427.9471719434823,18.089364132713854
9624,4585.033669657037,463.5118051426484,53.653997331879964
9625,4488.27530930636,401.8705599992818,-7.987247811486668
9626,4522.440595117534,423.14275330053806,13.284945489769598
9627,4569.783035134125,453.5124095523256,43.654601741557144
9628,4506.086540072966,412.8919782032599,3.0341703924914327
9629,4498.02917140683,407.8876330432063,-1.9701747675621846
9630,4487.2736065052,401.25516697002877,-8.602640840739696
9631,4557.187937465002,445.33300838297737,35.475200572208905
9632,4549.166668414337,440.1613840995733,30.303576288804834
9633,4425.953094895195,364.4995549042874,-45.358252906481084
9634,4549.020969252063,440.0677171348798,30.209909324111322
9635,4499.417800995776,408.7479182284442,-1.1098895823242856
9636,4515.519541239958,418.7893872363675,8.931579425599011
9637,4497.483872317876,407.5500572360411,-2.307750574727379
9638,4466.852619643793,388.81371380015116,-21.0440940106173
9639,4487.354456338069,401.3048191662797,-8.552988644488778
9640,4517.057084875253,419.7545811617533,9.896773350984859
9641,4442.492953971077,374.234473408198,-35.623334402570435
9642,4417.845533632694,359.77656562004495,-50.081242190723515
9643,4518.678448907602,420.77358616911897,10.915778358350508
9644,4467.699301143785,389.3255933457699,-20.53221446499856
9645,4512.450677010445,416.86620233014264,7.008394519374178
9646,4509.800100637358,415.2086889320185,5.3508811212500405
9647,4465.524710040249,388.0115901822883,-21.84621762848019
9648,4468.069265369817,389.54937112246125,-20.30843668830721
9649,4530.811279191539,428.43764224073357,18.579834429965103
9650,4447.804349372552,377.3888790582887,-32.46892875247977
9651,4520.836648269489,422.13188235593634,12.274074545167878
9652,4547.090032042564,438.8272728526713,28.969465041902822
9653,4520.90391005748,422.17424939737884,12.316441586610381
9654,4538.216019054978,433.1484956816198,23.290687870851343
9655,4505.5087374199375,412.53209610021077,2.674288289442302
9656,4594.839073166566,469.9956617721091,60.137853961340625
9657,4385.961965777734,341.51796728273166,-68.3398405280368
9658,4494.308620813751,405.58715464783245,-4.270653162936014
9659,4515.681873579008,418.8912394360955,9.033431625327012
9660,4571.874626755544,454.87763935609837,45.01983154532991
9661,4528.381890572884,426.89758878593375,17.039780975165286
9662,4502.7222464466395,410.7987409977618,0.940933186993334
9663,4481.178220909348,397.52075305485505,-12.337054755913414
9664,4471.348212665501,391.5355525109626,-18.322255299805875
9665,4493.905587215483,405.3383444452579,-4.519463365510546
9666,4457.750083046532,383.3323361873822,-26.525471623386238
9667,4415.729388753356,358.5491418600009,-51.30866595076759
9668,4487.7732989452925,401.5620920185561,-8.295715792212377
9669,4505.270446822403,412.38372335113763,2.5259155403691693
9670,4489.486437052835,402.61524766539014,-7.24256014537832
9671,4492.982519807698,404.76878385687314,-5.089023953895321
9672,4471.186313374329,391.4373632078191,-18.420444602949374
9673,4459.424118710197,384.3374171519631,-25.520390658805354
9674,4529.138527099878,427.37694815622035,17.519140345451888
9675,4522.5104249381375,423.1867899611193,13.32898215035084
9676,4452.206761265195,380.0138107364337,-29.843997074334766
9677,4533.532348048659,430.16583485752744,20.30802704675898
9678,4495.997530864134,406.63062649058475,-3.2271813201837176
9679,4544.206640726805,436.9781385834108,27.12033077264232
9680,4480.650942759623,397.1985395541401,-12.659268256628366
9681,4484.405338311998,399.49568816257397,-10.362119648194493
9682,4516.44341903633,419.36921997258287,9.511412161814405
9683,4460.058817272707,384.71883936521454,-25.138968445553928
9684,4483.5869146430305,398.9943597128131,-10.86344809795537
9685,4579.545428166912,459.9013445815849,50.043536770816445
9686,4390.968632319877,344.35169646860186,-65.5061113421666
9687,4499.984103776483,409.09901535890594,-0.7587924518625186
9688,4519.7081323513385,421.42136322174883,11.56355541098037
9689,4487.8465380776925,401.6070874859447,-8.25072032482376
9690,4460.48450549982,384.9747654684802,-24.883042342288263
9691,4553.419028596575,442.8994003462735,33.04159253550506
9692,4459.809334564592,384.56888954450915,-25.288918266259316
9693,4494.453365208889,405.6765303937382,-4.181277417030287
9694,4495.028027569605,406.0314664507737,-3.8263413599947853
9695,4512.759493237216,417.05953125072347,7.201723439955003
9696,4507.598383929381,413.8343647853094,3.9765569745409266
9697,4424.328858251569,363.55078511218244,-46.307022698586024
9698,4530.532608961835,428.2608473899422,18.403039579173765
9699,4422.812544578515,362.66622463467047,-47.19158317609799
9700,4466.303698159041,388.48203524282326,-21.375772567945205
9701,4514.59357115701,418.2086406648327,8.350832854064265
9702,4500.993678671684,409.7253072868634,-0.13250052390503697
9703,4467.813608584089,389.39472671333715,-20.463081097431314
9704,4541.674736738983,435.35755270253367,25.499744891765204
9705,4550.617236606384,441.0944522884988,31.23664447773035
9706,4484.660978199888,399.6523465428795,-10.20546126788895
9707,4523.140526927141,423.5842524508157,13.726444640047248
9708,4494.672141216785,405.81163743429033,-4.0461703764781305
9709,4451.378153446074,379.5190378499233,-30.338769960845184
9710,4480.01873576834,396.8123797483772,-13.045428062391238
9711,4451.4378919809915,379.55469742455307,-30.303110386215394
9712,4517.454401209979,420.00417580216435,10.146367991395891
9713,4479.470128266069,396.4774377827275,-13.380370028040943
9714,4562.143052825398,448.5423624590517,38.68455464828321
9715,4509.302575905812,414.89793269227357,5.040124881505108
9716,4505.704055779958,412.6537318504911,2.7959240397226495
9717,4527.326438624576,426.2293602179161,16.371552407147647
9718,4476.428123680828,394.6228020546223,-15.235005756146165
9719,4546.357186705595,438.35693492917244,28.499127118403976
9720,4511.0962959317885,416.0188423045938,6.161034493825355
9721,4482.410245007265,398.2741442339625,-11.583663576805975
9722,4532.068301259356,429.2355717437322,19.377763932963717
9723,4507.228601701187,413.60376727325,3.745959462481551
9724,4571.309525217347,454.5085907628136,44.65078295204512
9725,4536.8617065956405,432.2850034786743,22.427195667905835
9726,4525.869986403432,425.3080966294301,15.450288818661647
9727,4552.56173353324,442.3467410797325,32.48893326896405
9728,4424.759203322141,363.8020377808207,-46.05577002994778
9729,4604.4442082986025,476.3882860971921,66.53047828642366
9730,4431.554590610186,367.78148476657634,-42.07632304419212
9731,4468.807206723084,389.99592072403266,-19.861887086735805
9732,4489.601404293069,402.68597382987764,-7.171833980890824
9733,4485.768964170761,400.3316888597269,-9.526118951041553
9734,4484.114282024328,399.3173640919722,-10.540443718796269
9735,4520.785487112981,422.0996582325324,12.241850421763957
9736,4515.848307197832,418.9956776563913,9.137869845622845
9737,4510.54010656448,415.67111426877227,5.813306458003808
9738,4521.715471162193,422.68560343066474,12.827795619896278
9739,4526.119467761846,425.46583373464864,15.608025923880177
9740,4537.190256353676,432.49440510412796,22.6365972933595
9741,4583.393764575745,462.4315806572349,52.573772846466454
9742,4511.1115645193495,416.02839022259514,6.170582411826672
9743,4554.329736401428,443.4868586222169,33.62905081144845
9744,4466.668620537089,388.70251866119906,-21.1552891495694
9745,4462.028145973172,385.9035422291172,-23.95426558165127
9746,4445.228475765337,375.85737318893325,-34.00043462183521
9747,4507.00826221489,413.4663932515555,3.60858544078701
9748,4521.9216922604655,422.8155893907556,12.957781579987113
9749,4517.165686055817,419.822797263791,9.964989453022554
9750,4458.470169375752,383.7645061679782,-26.093301642790266
9751,4519.336320938049,421.18739861878885,11.329590808020384
9752,4627.45434346176,491.86660964900875,82.00880183824029
9753,4528.491018218989,426.96670915946515,17.10890134869669
9754,4498.046438097478,407.89832454312,-1.9594832676484657
9755,4564.140569627914,449.8392666147115,39.98145880394304
9756,4501.5609706528485,410.07743848026576,0.21963066949729182
9757,4489.325202784506,402.5160692477857,-7.341738562982755
9758,4516.063922511178,419.1309969209601,9.273189110191652
9759,4463.281894531644,386.65874056542225,-23.199067245346214
9760,4485.125739094893,399.93723562827563,-9.920572182492833
9761,4505.6139045557975,412.597587378943,2.7397795681745265
9762,4482.512940960227,398.3369761126728,-11.520831698095662
9763,4550.69337678619,441.14345544343314,31.285647632664677
9764,4518.249297107715,420.503751076129,10.645943265360529
9765,4358.360355195217,326.1211327610563,-83.73667504971218
9766,4521.02447228416,422.2501947277756,12.392386917007116
9767,4513.086239646235,417.2641335365415,7.406325725773058
9768,4405.767810787853,352.800815175312,-57.05699263545648
9769,4468.325958058238,389.70467366608045,-20.15313414468801
9770,4576.947805910084,458.1971777817853,48.33936997101682
9771,4454.155497214676,381.1787356125278,-28.679072198240647
9772,4499.721853806168,408.93640651480473,-0.921401295963733
9773,4475.097458384227,393.8129158234424,-16.044891987326082
9774,4476.472660076882,394.64992297216804,-15.207884838600421
9775,4444.482466828487,375.41442893933845,-34.44337887143001
9776,4569.139897503378,453.093014345287,43.23520653451851
9777,4545.744924731917,437.96417525185643,28.10636744108797
9778,4534.920781377482,431.0489655422425,21.19115773147405
9779,4449.304054956559,378.2820223916751,-31.575785419093336
9780,4445.377547421006,375.945917157997,-33.91189065277149
9781,4548.171581986039,439.52185655655876,29.664048745790296
9782,4514.817476955644,418.3490324379609,8.491224627192423
9783,4521.566895438298,422.5919649329335,12.734157122165016
9784,4554.181091049956,443.39094816896204,33.53314035819358
9785,4457.284378713741,383.0529702770932,-26.804837533675254
9786,4581.131851069,460.94359846806674,51.085790657298276
9787,4468.3084867604375,389.69410229312325,-20.163705517645212
9788,4489.3663103442705,402.5413541591015,-7.316453651666961
9789,4542.97385072961,436.18870467812667,26.330896867358206
9790,4647.000996630429,505.19465013482886,95.3368423240604
9791,4472.645864393784,392.32301040329185,-17.534797407476617
9792,4458.9427919976015,384.0482931571337,-25.80951465363478
9793,4509.201122441652,414.83457861031775,4.976770799549286
9794,4506.889436072241,413.3923187201144,3.534510909345954
9795,4534.01599527589,430.4733640200834,20.615556209314946
9796,4510.04347590391,415.360744430001,5.502936619232514
9797,4414.856217437833,358.0433206050302,-51.81448720573826
9798,4468.502684082277,389.8116136566923,-20.046194154076147
9799,4452.429894384948,380.1471032765862,-29.71070453418224
9800,4584.41715461594,463.1055590679848,53.24775125721635
9801,4400.872412100746,349.9939098428795,-59.86389796788899
9802,4455.994050725515,382.27947701432504,-27.578330796443424
9803,4479.60582705183,396.5602727736964,-13.297535037072066
9804,4559.21050085061,446.64164885951504,36.78384104874658
9805,4511.755742319916,416.4313137229715,6.573505912203018
9806,4483.285289724053,398.80967851946116,-11.048129291307305
9807,4456.66368702695,382.6807934273497,-27.177014383418737
9808,4512.387037202323,416.82636729290925,6.96855948214079
9809,4460.794583658797,385.1612410827506,-24.696566728017842
9810,4460.339200874286,384.88739772037206,-24.9704100903964
9811,4590.294935819254,466.9855345985261,57.12772678775764
9812,4464.535341072367,387.41451231400197,-22.443295496766495
9813,4503.293969187854,411.1540876045797,1.296279793811209
9814,4505.521637967871,412.54012944649594,2.682321635727476
9815,4494.679300772705,405.81605926268276,-4.041748548085707
9816,4499.615218013252,408.8702959448883,-0.9875118658801512
9817,4501.406935005953,409.9818100393227,0.12400222855421816
9818,4512.9334015167515,417.1684230479259,7.310615237157435
9819,4482.463202524453,398.30654430312006,-11.5512635076484
9820,4471.128471271193,391.40228594874907,-18.455521862019395
9821,4460.103111548514,384.74546526025006,-25.112342550518406
9822,4613.311161017351,482.3255602912318,72.46775248046333
9823,4486.74280699596,400.9292647882994,-8.928543022469057
9824,4520.224408951519,421.7463400254019,11.888532214633415
9825,4484.31686442897,399.44147781661104,-10.416329994157422
9826,4466.60539877988,388.66431596394887,-21.193491846819597
9827,4525.526817677532,425.09117184466913,15.23336403390067
9828,4540.481091034655,434.59455971363013,24.73675190286167
9829,4473.7238957162235,392.9778077714391,-16.88000003932939
9830,4563.515128691324,449.4330000682535,39.575192257485014
9831,4533.5175734305885,430.1564420502664,20.298634239497915
9832,4501.91985294811,410.3002831353515,0.44247532458302885
9833,4513.204497789746,417.33819678695954,7.48038897619108
9834,4527.556764699416,426.3751404813752,16.51733267060672
9835,4512.298522404983,416.7709650193551,6.913157208586654
9836,4443.942555220037,375.094023928918,-34.763783881850486
9837,4497.202902753753,407.3761734097411,-2.4816344010273497
9838,4471.000913013767,391.32493629443843,-18.532871516330033
9839,4431.009357705663,367.4613570517181,-42.39645075905037
9840,4495.873040627766,406.5536658043784,-3.304142006390066
9841,4516.67708059158,419.5159307662757,9.658122955507224
9842,4504.204570209676,411.72037646798526,1.8625686572167979
9843,4507.721756543532,413.91131463919646,4.053506828427999
9844,4417.72507426818,359.70663661786466,-50.1511711929038
9845,4551.566750157796,441.7057398595475,31.847932048779057
9846,4548.031559059947,439.4319021361043,29.574094325335864
9847,4495.886476928824,406.5619718624084,-3.295835948360036
9848,4515.825699127832,418.98149018184995,9.123682371081486
9849,4506.067408123242,412.88005943742655,3.0222516266580897
9850,4417.815907504458,359.75936641469434,-50.09844139607412
9851,4560.69627963612,447.6041597246722,37.74635191390371
9852,4468.422041169303,389.7628133705166,-20.094994440251867
9853,4531.0874008581595,428.6128555909777,18.755047780209225
9854,4402.955384960916,351.18678562435207,-58.671022186416394
9855,4526.48670279358,425.6980742306482,15.840266419879754
9856,4512.2482845375025,416.73952227709333,6.8817144663248655
9857,4509.090208606696,414.76532237541096,4.907514564642497
9858,4512.339398744495,416.79654946345136,6.938741652682893
9859,4434.17096635652,369.31968291914563,-40.53812489162283
9860,4552.474160280301,442.29030540202166,32.432497591253195
9861,4539.248513794051,433.8073673094209,23.949559498652434
9862,4542.893840295584,436.1374929569929,26.279685146224438
9863,4428.892645481743,366.2199297082393,-43.63787810252916
9864,4557.4873966247305,445.5266476639081,35.668839853139616
9865,4455.608085944905,382.0482646826508,-27.80954312811764
9866,4517.913349701385,420.29257934128054,10.43477153051208
9867,4516.895828304389,419.65330054947117,9.795492738702706
9868,4494.429596481277,405.6618531688814,-4.195954641887056
9869,4470.823229456665,391.21720429607785,-18.64060351469061
9870,4485.8597442944765,400.38737494395673,-9.470432866811734
9871,4495.725145900408,406.4622458109925,-3.395561999775964
9872,4507.801184153818,413.9608589286172,4.103051117848736
9873,4519.4741104153545,421.2740959908465,11.416288180078027
9874,4456.866233186034,382.8022229783528,-27.05558483241566
9875,4620.01121118434,486.83462991096303,76.97682210019457
9876,4438.220165097509,371.7068404892293,-38.150967321539156
9877,4464.721756354594,387.52697680526353,-22.330831005504933
9878,4477.566248420582,395.31617225772106,-14.5416355530474
9879,4464.718472162129,387.5249953048342,-22.33281250593427
9880,4496.939825146268,407.21339612971724,-2.644411681051224
9881,4524.287836752384,424.30843790105655,14.450630090288087
9882,4480.633475962925,397.1878680638192,-12.66993974694924
9883,4510.304165230602,415.52364810655945,5.665840295790986
9884,4451.762293652076,379.7483718470089,-30.10943596375955
9885,4593.8449077324585,469.3363259314092,59.47851812064073
9886,4501.305157895288,409.91863087511547,0.06082306434700513
9887,4453.1136338870665,380.55569713398654,-29.302110676781922
9888,4548.755696677835,439.8972037790786,30.039395968310146
9889,4567.054999127676,451.73471570113225,41.87690789036378
9890,4498.073612646095,407.91515125318074,-1.9426565575877248
9891,4476.2725158934945,394.5280504492712,-15.329757361497286
9892,4562.861891812462,449.0088668547528,39.15105904398433
9893,4477.576996040262,395.32272288484864,-14.535084925919818
9894,4547.728936285587,439.2375198655204,29.379712054751963
9895,4507.078997358838,413.51049167889823,3.6526838681297704
9896,4450.356682635403,378.90956103247254,-30.948246778295925
9897,4534.441049775922,430.7437257356992,20.88591792493071
9898,4499.801960718016,408.9860736005189,-0.8717342102495422
9899,4435.612720584395,370.1687355190679,-39.68907229170054
9900,4515.919565934025,419.04039694245375,9.18258913168529
9901,4496.378652525342,406.8662838733303,-2.99152393743816
9902,4485.617886551618,400.23902392963146,-9.618783881137006
9903,4449.376568248467,378.3252349922209,-31.532572818547578
9904,4482.45450731765,398.30122437569526,-11.556583435073208
9905,4537.781932490173,432.8716358548122,23.01382804404375
9906,4527.031805353359,426.0429137949459,16.185105984177426
9907,4559.472148922524,446.8110760562786,36.95326824551012
9908,4513.892280907939,417.7690741444121,7.911266333643653
9909,4502.715571145604,410.7945929609027,0.9367851501342557
9910,4498.6389922070975,408.2653179770032,-1.5924898337652849
9911,4553.670358511353,443.0614847355055,33.20367692473701
9912,4512.985759993485,417.2012098117734,7.343402001004961
9913,4517.598875999966,420.0949532798345,10.237145469066036
9914,4549.71959141096,440.51693491476453,30.65912710399607
9915,4529.932098791641,427.8799917428737,18.022183932105236
9916,4512.690747067933,417.0164900767995,7.1586822660310645
9917,4472.958122504278,392.5126191511886,-17.34518865957989
9918,4514.53193993133,418.1700012098645,8.312193399096031
9919,4502.79871215408,410.846258336951,0.9884505261825325
9920,4441.294853181992,373.5248226380886,-36.332985172679855
9921,4505.331161060438,412.4215248248752,2.5637170141067145
9922,4459.670270033498,384.485318800967,-25.372489009801484
9923,4483.736199600875,399.08578103476884,-10.77202677599962
9924,4480.630059669325,397.1857808667164,-12.67202694405205
9925,4559.884327367246,447.0780403761946,37.22023256542616
9926,4511.600309014245,416.33407478098616,6.476266970217694
9927,4443.120632773078,374.60653431482524,-35.251273495943224
9928,4481.769959118228,397.8825149019267,-11.975292908841766
9929,4447.0088711250655,376.91557777796015,-32.94223003280831
9930,4457.816377749615,383.37211344232037,-26.485694368448094
9931,4477.884205006554,395.5099886935991,-14.347819117169365
9932,4457.840186725089,383.38639950030256,-26.471408310465904
9933,4427.772085206119,365.5636215902596,-44.29418622050889
9934,4544.162205193963,436.94967159480166,27.091863784033194
9935,4518.822852541738,420.8644012092782,11.006593398509722
9936,4522.223053321751,423.00557979967243,13.147771988903969
9937,4463.615069171748,386.85955617847003,-22.998251632298434
9938,4555.768700485746,444.4158407102759,34.55803289950745
9939,4486.43129270379,400.73806236165046,-9.119745449118
9940,4423.528410814833,363.0836935278253,-46.774114282943174
9941,4532.43304574424,429.4672398694415,19.609432058673065
9942,4555.950224934065,444.5330980604681,34.67529024969963
9943,4562.47640683539,448.7586699101421,38.900862099373626
9944,4458.008353999731,383.48731239880044,-26.370495411968022
9945,4537.12669295329,432.4538890133704,22.59608120260191
9946,4571.018300395314,454.3184577670131,44.46064995624465
9947,4541.7673863436175,435.4168027940418,25.55899498327335
9948,4527.742909637805,426.49297511724035,16.635167306471885
9949,4547.13883330681,438.8586020713178,29.000794260549355
9950,4519.5920066642275,421.34828351967735,11.490475708908889
9951,4501.1391872441545,409.8156133753405,-0.042194435427973076
9952,4506.505316568036,413.15290934876657,3.2951015379981072
9953,4579.3708716556885,459.78673245539903,49.92892464463057
9954,4515.391044354453,418.70877313098663,8.850965320218165
9955,4503.074773014099,411.0178310090769,1.1600231983084086
9956,4489.76077630016,402.7840275102153,-7.073780300553153
9957,4498.995187566407,408.4860041923057,-1.3718036184627636
9958,4512.075748992721,416.6315451697419,6.773737358973449
9959,4526.217830084887,425.52803222863713,15.670224417868667
9960,4501.02234641167,409.7430983818672,-0.11470942890127844
9961,4518.479772166236,420.6486547825061,10.790846971737665
9962,4519.659836838335,421.39096934214786,11.533161531379392
9963,4420.281630235667,361.19229885603636,-48.665508954732104
9964,4571.853783820759,454.86402499615633,45.00621718538787
9965,4477.129558604825,395.0500583203684,-14.807749490400056
9966,4572.990175667095,455.6065874408141,45.74877963004565
9967,4480.310867268553,396.99079361064605,-12.867014200122412
9968,4492.226348975778,404.3025035839878,-5.555304226780663
9969,4574.749277268788,456.7571954864343,46.89938767566582
9970,4465.652257090459,388.0885982177738,-21.769209592994684
9971,4516.5531928132505,419.4381412704647,9.580333459696249
9972,4534.28750252955,430.64605031068686,20.788242499918397
9973,4461.546755141907,385.6137762208964,-24.244031589872066
9974,4562.395971266273,448.7064721094871,38.84866429871863
9975,4536.1360063361935,431.82265340902086,21.964845598252396
9976,4515.414539114772,418.7235122834277,8.865704472659218
9977,4452.336319798542,380.091201900892,-29.76660590987649
9978,4473.184191262905,392.64992126660854,-17.20788654415992
9979,4424.451853467863,363.62258536898116,-46.2352224417873
9980,4449.100811820259,378.1609179702,-31.696889840568474
9981,4456.4894211904,382.5763342060627,-27.281473604705752
9982,4486.568138601666,400.8220504872643,-9.035757323504185
9983,4420.449585530701,361.29001330369874,-48.56779450706972
9984,4575.154710755117,457.02258161677764,47.16477380600918
9985,4510.114377765251,415.40504756116206,5.547239750393601
9986,4574.449279205456,456.56087205435233,46.70306424358387
9987,4472.9526849877475,392.50931699437024,-17.348490816398225
9988,4497.7003993355,407.6840848485508,-2.173722962217653
9989,4534.651737928041,430.8777676627242,21.01995985195572
9990,4463.711016174478,386.9173965734667,-22.94041123730176
9991,4479.392936692296,396.43032142759284,-13.42748638317562
9992,4483.107679405196,398.7009501546672,-11.156857656101238
9993,4480.628914445969,397.1850811895497,-12.672726621218771
9994,4586.7176288478695,464.6222940654179,54.764486254649455
9995,4366.983873932458,330.8904074875295,-78.96740032323896
9996,4461.5737998791365,385.63005243994576,-24.227755370822706
9997,4375.715616596202,335.7576737188383,-74.10013409193016
9998,4461.46286661997,385.5632921877941,-24.29451562297436
9999,4491.889182084138,404.09468232847803,-5.763125482290434
